frame,time_s,track_id,x0,y0,x1,y1,conf,head_side_px,helmet_raw,helmet,vest_raw,vest
0,0.0,1,1742.87,391.89,2467.0,1490.78,0.9,32.06,sim,indefinido,não,indefinido
0,0.0,2,2705.19,307.28,3192.55,1805.25,0.84,50.26,sim,indefinido,não,indefinido
0,0.0,3,1140.65,397.9,1489.57,964.13,0.82,28.32,sim,indefinido,indefinido,indefinido
0,0.0,4,155.83,717.33,519.25,1429.18,0.74,27.81,indefinido,indefinido,indefinido,indefinido
1,0.03,1,1743.78,391.68,2467.2,1489.49,0.89,32.12,sim,indefinido,não,indefinido
1,0.03,2,2713.95,306.97,3201.23,1806.05,0.84,47.89,sim,indefinido,não,indefinido
1,0.03,3,1140.33,398.16,1489.9,965.43,0.81,28.35,sim,indefinido,indefinido,indefinido
1,0.03,4,155.69,716.49,520.06,1430.32,0.77,28.36,indefinido,indefinido,indefinido,indefinido
2,0.07,1,1744.36,391.06,2467.51,1488.47,0.89,32.19,sim,indefinido,não,indefinido
2,0.07,2,2718.11,305.81,3204.71,1805.06,0.82,53.57,sim,indefinido,não,indefinido
2,0.07,3,1140.55,398.59,1489.41,964.63,0.82,28.28,sim,indefinido,indefinido,indefinido
2,0.07,4,154.86,716.23,520.95,1433.09,0.76,28.09,indefinido,indefinido,indefinido,indefinido
2,0.07,5,1717.06,438.32,1821.55,631.44,0.6,8.45,indefinido,indefinido,indefinido,indefinido
3,0.1,1,1744.75,389.9,2468.06,1487.53,0.89,32.58,sim,indefinido,não,indefinido
3,0.1,2,2718.89,304.94,3205.01,1805.1,0.83,54.5,sim,indefinido,não,indefinido
3,0.1,3,1140.12,398.13,1489.01,964.17,0.82,28.31,sim,indefinido,indefinido,indefinido
3,0.1,4,156.38,714.21,525.09,1435.33,0.7,28.19,indefinido,indefinido,indefinido,indefinido
3,0.1,5,1716.8,437.86,1821.51,631.46,0.6,8.49,indefinido,indefinido,indefinido,indefinido
4,0.13,1,1745.26,389.45,2468.93,1487.7,0.89,32.73,sim,indefinido,não,indefinido
4,0.13,2,2722.78,304.84,3207.53,1804.84,0.83,53.97,sim,indefinido,não,indefinido
4,0.13,3,1139.54,397.79,1488.39,963.76,0.83,28.34,sim,indefinido,indefinido,indefinido
4,0.13,4,156.51,714.04,527.48,1438.19,0.77,27.66,indefinido,indefinido,indefinido,indefinido
4,0.13,5,1718.22,437.24,1821.62,628.54,0.59,8.55,indefinido,indefinido,indefinido,indefinido
5,0.17,1,1745.63,389.36,2469.09,1487.42,0.89,32.49,sim,indefinido,não,indefinido
5,0.17,2,2731.5,303.96,3213.74,1802.87,0.81,54.44,sim,indefinido,não,indefinido
5,0.17,3,1140.39,396.67,1489.95,963.25,0.83,28.33,sim,indefinido,indefinido,indefinido
5,0.17,4,152.61,714.62,524.24,1438.52,0.79,27.5,indefinido,indefinido,indefinido,indefinido
5,0.17,5,1719.12,437.25,1822.15,627.8,0.62,8.62,indefinido,indefinido,indefinido,indefinido
6,0.2,1,1746.17,389.64,2468.57,1486.1,0.89,32.4,sim,sim,não,não
6,0.2,2,2761.09,304.06,3236.72,1801.54,0.79,54.49,sim,sim,não,não
6,0.2,3,1140.61,395.55,1491.1,963.13,0.84,28.33,sim,sim,indefinido,indefinido
6,0.2,4,149.51,714.59,525.39,1445.16,0.73,27.73,indefinido,indefinido,indefinido,indefinido
6,0.2,5,1719.93,437.34,1823.51,628.77,0.65,8.45,indefinido,indefinido,indefinido,indefinido
7,0.23,1,1746.18,389.96,2467.93,1485.28,0.89,32.38,sim,sim,não,não
7,0.23,2,2776.37,304.47,3244.76,1800.48,0.77,54.95,sim,sim,não,não
7,0.23,3,1140.32,395.28,1491.25,963.16,0.84,28.23,sim,sim,indefinido,indefinido
7,0.23,4,144.59,714.33,526.75,1456.05,0.69,27.74,indefinido,indefinido,indefinido,indefinido
7,0.23,5,1720.08,437.08,1823.7,628.28,0.62,8.39,indefinido,indefinido,indefinido,indefinido
8,0.27,1,1745.35,389.48,2467.5,1485.27,0.9,32.32,sim,sim,não,não
8,0.27,2,2787.37,303.57,3248.36,1800.09,0.76,55.47,sim,sim,não,não
8,0.27,3,1139.91,395.16,1491.44,963.88,0.83,28.22,sim,sim,indefinido,indefinido
8,0.27,4,140.07,716.66,526.66,1467.23,0.74,27.18,indefinido,indefinido,indefinido,indefinido
8,0.27,5,1720.97,436.74,1822.75,624.08,0.58,8.34,indefinido,indefinido,indefinido,indefinido
9,0.3,1,1744.71,389.23,2467.98,1486.71,0.9,32.31,sim,sim,não,não
9,0.3,2,2796.27,302.74,3249.89,1799.84,0.77,54.96,sim,sim,não,não
9,0.3,3,1139.78,395.33,1491.43,964.06,0.83,28.07,sim,sim,indefinido,indefinido
9,0.3,4,137.89,715.59,522.44,1461.21,0.76,26.99,indefinido,indefinido,indefinido,indefinido
9,0.3,5,1719.78,432.28,1820.22,615.84,0.56,8.3,indefinido,indefinido,indefinido,indefinido
10,0.33,1,1744.34,388.86,2468.33,1487.44,0.9,32.55,sim,sim,não,não
10,0.33,2,2734.6,300.9,3194.9,1798.98,0.76,53.29,sim,sim,não,não
10,0.33,3,1139.96,395.38,1491.79,964.07,0.82,27.89,sim,sim,indefinido,indefinido
10,0.33,4,139.83,714.22,523.25,1453.29,0.75,27.36,indefinido,indefinido,indefinido,indefinido
10,0.33,5,1717.69,430.7,1818.49,613.3,0.56,8.23,indefinido,indefinido,indefinido,indefinido
11,0.37,1,1744.04,387.23,2469.15,1487.92,0.9,32.68,sim,sim,não,não
11,0.37,2,2772.28,298.51,3225.5,1798.95,0.76,54.21,sim,sim,não,não
11,0.37,3,1140.54,395.7,1492.31,963.58,0.82,27.71,sim,sim,indefinido,indefinido
11,0.37,4,145.63,713.68,529.36,1446.19,0.76,27.08,indefinido,indefinido,indefinido,indefinido
11,0.37,5,1716.37,430.38,1818.01,613.09,0.55,8.47,indefinido,indefinido,indefinido,indefinido
12,0.4,1,1743.29,386.75,2467.71,1486.96,0.89,32.66,sim,sim,não,não
12,0.4,2,2718.72,298.87,3179.89,1799.15,0.75,54.69,sim,sim,não,não
12,0.4,3,1141.08,395.75,1492.62,962.42,0.82,27.7,sim,sim,indefinido,indefinido
12,0.4,4,146.53,712.35,536.48,1449.33,0.79,27.5,indefinido,indefinido,indefinido,indefinido
12,0.4,5,1715.04,430.25,1817.24,612.2,0.54,8.5,indefinido,indefinido,indefinido,indefinido
13,0.43,1,1741.71,385.52,2466.96,1487.67,0.89,32.64,sim,sim,não,não
13,0.43,2,2660.95,293.49,3139.2,1798.46,0.84,50.54,sim,sim,não,não
13,0.43,3,1141.41,394.65,1493.62,961.68,0.82,27.88,sim,sim,indefinido,indefinido
13,0.43,4,146.1,710.81,541.09,1450.96,0.8,27.3,indefinido,indefinido,indefinido,indefinido
13,0.43,5,1710.26,429.01,1814.48,611.62,0.54,8.82,indefinido,indefinido,indefinido,indefinido
14,0.47,1,1740.93,384.99,2465.95,1487.56,0.9,32.41,sim,sim,não,não
14,0.47,2,2649.02,299.46,3137.1,1797.24,0.72,48.21,sim,sim,não,não
14,0.47,3,1141.22,393.98,1494.09,961.37,0.82,27.9,sim,sim,indefinido,indefinido
14,0.47,4,146.0,711.66,541.22,1446.07,0.76,26.78,indefinido,indefinido,indefinido,indefinido
14,0.47,5,1706.69,428.72,1813.43,612.67,0.56,8.88,indefinido,indefinido,indefinido,indefinido
15,0.5,1,1740.79,384.29,2465.74,1487.67,0.9,32.78,sim,sim,não,não
15,0.5,2,2726.15,301.04,3205.05,1796.83,0.73,51.45,sim,sim,não,não
15,0.5,3,1140.67,392.86,1494.75,961.52,0.82,28.11,sim,sim,indefinido,indefinido
15,0.5,4,142.9,709.93,541.28,1444.39,0.66,26.75,indefinido,indefinido,indefinido,indefinido
15,0.5,5,1703.6,428.8,1813.84,616.3,0.58,8.65,indefinido,indefinido,indefinido,indefinido
16,0.53,1,1740.67,383.79,2465.46,1487.82,0.89,33.03,sim,sim,não,não
16,0.53,2,2761.6,292.6,3234.54,1798.84,0.77,52.83,sim,sim,não,não
16,0.53,3,1140.03,392.44,1494.97,961.74,0.82,28.22,sim,sim,indefinido,indefinido
16,0.53,4,138.89,709.4,542.08,1447.45,0.74,26.44,indefinido,indefinido,indefinido,indefinido
16,0.53,5,1702.29,428.47,1813.95,616.03,0.57,8.94,indefinido,indefinido,indefinido,indefinido
17,0.57,1,1741.1,382.52,2466.23,1488.19,0.89,33.09,sim,sim,não,não
17,0.57,2,2781.04,289.22,3245.69,1800.0,0.76,49.07,sim,sim,não,não
17,0.57,3,1139.73,392.49,1494.83,961.27,0.82,28.24,sim,sim,indefinido,indefinido
17,0.57,4,137.5,708.67,543.82,1448.02,0.64,26.32,indefinido,indefinido,indefinido,indefinido
17,0.57,5,1705.02,428.46,1816.07,613.74,0.53,9.2,indefinido,indefinido,indefinido,indefinido
18,0.6,1,1740.98,381.48,2466.28,1488.53,0.89,33.06,sim,sim,não,não
18,0.6,2,2775.74,295.09,3232.84,1797.23,0.72,49.55,sim,sim,não,não
18,0.6,3,1138.65,392.11,1493.69,960.29,0.83,28.33,sim,sim,indefinido,indefinido
18,0.6,4,135.68,707.52,544.38,1445.6,0.73,26.53,indefinido,indefinido,indefinido,indefinido
18,0.6,5,1711.46,428.44,1819.14,608.07,0.51,9.15,indefinido,indefinido,indefinido,indefinido
19,0.63,1,1741.37,381.16,2465.92,1488.13,0.89,32.97,sim,sim,não,não
19,0.63,2,2788.7,292.67,3239.67,1800.85,0.73,51.28,sim,sim,não,não
19,0.63,3,1137.41,391.31,1492.39,959.4,0.83,28.48,sim,sim,indefinido,indefinido
19,0.63,4,128.65,705.94,549.44,1462.81,0.74,27.05,indefinido,indefinido,indefinido,indefinido
19,0.63,5,1715.93,427.94,1821.5,604.6,0.5,9.19,indefinido,indefinido,indefinido,indefinido
20,0.67,1,1741.01,381.66,2464.79,1488.15,0.89,33.0,sim,sim,não,não
20,0.67,2,2797.75,294.42,3239.43,1797.78,0.75,53.12,sim,sim,não,não
20,0.67,3,1136.96,390.79,1491.67,958.9,0.84,28.51,sim,sim,indefinido,indefinido
20,0.67,4,122.34,705.15,554.14,1479.43,0.73,26.94,indefinido,indefinido,indefinido,indefinido
20,0.67,5,1719.53,427.21,1821.23,597.41,0.48,9.27,indefinido,indefinido,indefinido,indefinido
21,0.7,1,1740.8,381.76,2464.34,1488.6,0.89,32.95,sim,sim,não,não
21,0.7,2,2800.5,288.15,3237.85,1799.01,0.82,53.28,sim,sim,não,não
21,0.7,3,1137.27,390.05,1491.97,958.52,0.84,28.55,sim,sim,indefinido,indefinido
21,0.7,4,115.95,704.91,556.21,1492.33,0.51,26.82,indefinido,indefinido,indefinido,indefinido
21,0.7,5,1721.26,427.0,1823.55,599.07,0.48,9.2,indefinido,indefinido,indefinido,indefinido
22,0.73,1,1740.79,381.36,2464.15,1488.63,0.9,33.09,sim,sim,não,não
22,0.73,2,2804.38,285.93,3236.12,1798.93,0.8,54.87,sim,sim,não,não
22,0.73,3,1137.63,389.56,1492.09,958.06,0.84,28.5,sim,sim,indefinido,indefinido
22,0.73,4,114.0,705.02,559.94,1499.46,0.5,26.96,indefinido,indefinido,indefinido,indefinido
22,0.73,5,1722.6,426.17,1824.78,598.89,0.48,9.25,indefinido,indefinido,indefinido,indefinido
23,0.77,1,1741.02,380.91,2464.1,1488.31,0.9,33.09,sim,sim,não,não
23,0.77,2,2805.58,285.94,3232.06,1799.02,0.81,53.44,sim,sim,não,não
23,0.77,3,1138.27,389.38,1492.15,957.44,0.84,28.36,sim,sim,indefinido,indefinido
23,0.77,4,112.21,705.53,560.25,1500.77,0.52,26.97,indefinido,indefinido,indefinido,indefinido
23,0.77,5,1723.52,425.42,1824.06,595.79,0.48,8.42,indefinido,indefinido,indefinido,indefinido
24,0.8,1,1742.07,380.15,2464.5,1487.03,0.9,33.07,sim,sim,não,não
24,0.8,2,2805.1,286.11,3227.29,1799.21,0.81,52.44,sim,sim,não,não
24,0.8,3,1139.03,389.26,1492.52,957.15,0.84,28.25,sim,sim,indefinido,indefinido
24,0.8,4,112.97,705.13,559.14,1493.28,0.59,26.54,indefinido,indefinido,indefinido,indefinido
24,0.8,5,1723.58,424.55,1822.87,592.93,0.48,8.43,indefinido,indefinido,indefinido,indefinido
25,0.83,1,1742.5,379.48,2464.67,1486.14,0.9,33.02,sim,sim,não,não
25,0.83,2,2808.01,286.11,3225.39,1797.83,0.75,51.38,sim,sim,não,não
25,0.83,3,1139.49,388.9,1493.11,957.33,0.84,28.23,sim,sim,indefinido,indefinido
25,0.83,4,112.47,704.83,559.52,1491.15,0.5,26.29,indefinido,indefinido,indefinido,indefinido
25,0.83,5,1723.87,423.81,1823.22,592.52,0.48,8.31,indefinido,indefinido,indefinido,indefinido
26,0.87,1,1742.48,378.15,2464.82,1485.42,0.9,32.79,sim,sim,não,não
26,0.87,2,2812.27,285.62,3224.7,1797.17,0.75,53.77,sim,sim,não,não
26,0.87,3,1140.52,388.57,1493.92,956.56,0.84,28.1,sim,sim,indefinido,indefinido
26,0.87,4,115.16,703.82,558.04,1477.95,0.48,26.41,indefinido,indefinido,indefinido,indefinido
26,0.87,5,1722.26,422.83,1823.12,594.4,0.47,8.17,indefinido,indefinido,indefinido,indefinido
27,0.9,1,1742.76,377.48,2464.79,1484.63,0.9,32.76,sim,sim,não,não
27,0.9,2,2810.42,284.15,3219.86,1797.45,0.69,54.0,sim,sim,não,não
27,0.9,3,1141.14,387.88,1494.57,955.84,0.84,28.19,sim,sim,indefinido,indefinido
27,0.9,4,110.06,701.77,563.8,1493.46,0.45,26.62,indefinido,indefinido,indefinido,indefinido
27,0.9,5,1721.21,422.6,1823.71,597.72,0.47,8.02,indefinido,indefinido,indefinido,indefinido
28,0.93,1,1742.88,377.31,2464.75,1484.45,0.9,32.73,sim,sim,não,não
28,0.93,2,2715.98,286.16,3145.12,1795.39,0.86,55.62,sim,sim,não,não
28,0.93,3,1141.4,387.22,1495.0,955.24,0.84,27.96,sim,sim,indefinido,indefinido
28,0.93,4,111.35,700.56,562.33,1484.19,0.51,26.75,indefinido,indefinido,indefinido,indefinido
28,0.93,5,1724.56,422.88,1823.72,593.08,0.46,7.59,indefinido,indefinido,indefinido,indefinido
29,0.97,1,1742.52,377.02,2464.97,1485.14,0.9,32.67,sim,sim,não,não
29,0.97,2,2676.09,286.3,3123.74,1795.29,0.88,55.41,sim,sim,não,não
29,0.97,3,1141.52,387.15,1495.4,955.35,0.84,28.01,sim,sim,indefinido,indefinido
29,0.97,4,109.66,702.52,565.86,1493.32,0.64,26.66,indefinido,indefinido,indefinido,indefinido
29,0.97,5,1723.87,422.77,1824.5,596.41,0.48,7.61,indefinido,indefinido,indefinido,indefinido
30,1.0,1,1741.33,376.6,2464.14,1485.11,0.9,32.66,sim,sim,não,não
30,1.0,2,2655.45,285.83,3120.17,1795.36,0.87,55.38,sim,sim,não,não
30,1.0,3,1141.25,386.25,1495.95,955.54,0.84,28.12,sim,sim,indefinido,indefinido
30,1.0,4,108.36,703.53,568.08,1499.12,0.62,26.53,indefinido,indefinido,indefinido,indefinido
30,1.0,5,1722.73,422.08,1823.92,597.05,0.49,7.84,indefinido,indefinido,indefinido,indefinido
31,1.03,1,1739.94,376.3,2462.76,1484.4,0.9,32.6,sim,sim,não,não
31,1.03,2,2640.09,284.72,3120.82,1794.99,0.82,55.2,sim,sim,não,não
31,1.03,3,1140.83,385.41,1496.25,955.64,0.84,28.25,sim,sim,indefinido,indefinido
31,1.03,4,105.54,703.31,569.41,1506.06,0.65,26.51,indefinido,indefinido,indefinido,indefinido
31,1.03,5,1720.13,422.11,1825.13,604.8,0.52,7.9,indefinido,indefinido,indefinido,indefinido
32,1.07,1,1739.2,376.43,2461.85,1483.72,0.9,32.62,sim,sim,não,não
32,1.07,2,2629.52,283.05,3125.04,1794.39,0.81,55.28,sim,sim,não,não
32,1.07,3,1140.88,385.49,1494.69,953.33,0.84,28.32,sim,sim,indefinido,indefinido
32,1.07,4,103.51,703.62,570.21,1511.38,0.6,26.52,indefinido,indefinido,indefinido,indefinido
32,1.07,5,1718.89,422.1,1826.09,610.06,0.53,7.86,indefinido,indefinido,indefinido,indefinido
33,1.1,1,1738.77,376.83,2460.77,1482.05,0.9,32.48,sim,sim,não,não
33,1.1,2,2624.77,283.89,3132.38,1794.37,0.77,55.12,sim,sim,não,não
33,1.1,3,1140.55,385.58,1493.6,952.44,0.84,28.36,sim,sim,indefinido,indefinido
33,1.1,4,102.62,702.86,571.2,1514.3,0.5,26.54,indefinido,indefinido,indefinido,indefinido
33,1.1,5,1716.59,421.12,1825.78,613.84,0.55,8.02,indefinido,indefinido,indefinido,indefinido
34,1.13,1,1738.66,377.1,2460.55,1481.11,0.9,32.48,sim,sim,não,não
34,1.13,2,2634.57,284.58,3149.81,1794.44,0.73,54.96,sim,sim,não,não
34,1.13,3,1140.1,385.32,1492.96,952.19,0.84,28.35,sim,sim,indefinido,indefinido
34,1.13,4,100.83,702.62,571.44,1518.88,0.45,26.99,indefinido,indefinido,indefinido,indefinido
34,1.13,5,1715.38,420.22,1827.13,619.26,0.59,8.14,indefinido,indefinido,indefinido,indefinido
35,1.17,1,1738.3,377.19,2460.54,1480.53,0.9,32.42,sim,sim,não,não
35,1.17,2,2623.16,285.19,3148.59,1794.7,0.76,54.9,sim,sim,não,não
35,1.17,3,1139.56,385.59,1492.13,952.2,0.84,28.38,sim,sim,indefinido,indefinido
35,1.17,4,100.03,702.61,568.96,1517.41,0.28,27.26,indefinido,indefinido,indefinido,indefinido
35,1.17,5,1715.57,419.64,1827.7,621.02,0.58,8.19,indefinido,indefinido,indefinido,indefinido
36,1.2,1,1738.88,377.33,2460.92,1479.23,0.9,32.41,sim,sim,não,não
36,1.2,2,2691.9,285.18,3207.06,1795.02,0.76,54.91,sim,sim,não,não
36,1.2,3,1139.02,385.2,1493.05,953.95,0.84,28.39,sim,sim,indefinido,indefinido
36,1.2,4,102.47,702.08,565.33,1506.2,0.26,27.29,indefinido,indefinido,indefinido,indefinido
36,1.2,5,1716.35,418.97,1826.95,618.61,0.55,8.02,indefinido,indefinido,indefinido,indefinido
37,1.23,1,1738.68,377.58,2461.27,1479.1,0.9,32.47,sim,sim,não,não
37,1.23,2,2720.77,284.77,3226.5,1795.13,0.76,54.05,sim,sim,não,não
37,1.23,3,1138.56,384.9,1493.93,955.78,0.84,28.41,sim,sim,indefinido,indefinido
37,1.23,4,104.15,702.71,561.39,1496.44,0.28,27.23,indefinido,indefinido,indefinido,indefinido
37,1.23,5,1715.96,418.91,1826.16,618.44,0.56,8.11,indefinido,indefinido,indefinido,indefinido
38,1.27,1,1737.96,378.24,2461.49,1479.97,0.9,32.52,sim,sim,não,não
38,1.27,2,2731.02,283.64,3230.66,1795.39,0.76,52.74,sim,sim,não,não
38,1.27,3,1138.72,385.16,1492.96,954.4,0.84,28.38,sim,sim,indefinido,indefinido
38,1.27,4,104.28,704.94,563.04,1500.76,0.45,27.27,indefinido,indefinido,indefinido,indefinido
38,1.27,5,1719.11,418.55,1823.47,606.83,0.53,7.78,indefinido,indefinido,indefinido,indefinido
39,1.3,1,1737.91,378.27,2463.16,1482.48,0.9,32.61,sim,sim,não,não
39,1.3,2,2733.74,283.4,3228.69,1796.97,0.84,51.29,sim,sim,não,não
39,1.3,3,1138.23,385.04,1491.67,952.78,0.84,28.7,sim,sim,indefinido,indefinido
39,1.3,4,100.59,706.92,563.64,1511.5,0.52,27.54,indefinido,indefinido,indefinido,indefinido
39,1.3,5,1725.55,417.46,1832.79,609.47,0.22,7.41,indefinido,indefinido,indefinido,indefinido
40,1.33,1,1737.77,378.39,2463.56,1483.31,0.9,32.63,sim,sim,não,não
40,1.33,2,2733.28,283.86,3224.62,1797.65,0.87,50.99,sim,sim,não,não
40,1.33,3,1138.04,385.08,1491.23,952.37,0.84,28.74,sim,sim,indefinido,indefinido
40,1.33,4,97.93,708.06,562.33,1516.96,0.54,28.17,indefinido,indefinido,indefinido,indefinido
40,1.33,5,1727.73,416.92,1835.55,609.13,0.21,7.37,indefinido,indefinido,indefinido,indefinido
41,1.37,1,1737.92,378.22,2463.96,1483.58,0.9,32.69,sim,sim,não,não
41,1.37,2,2731.44,283.41,3220.06,1796.85,0.87,47.82,sim,sim,não,não
41,1.37,3,1138.04,385.03,1491.18,952.18,0.84,28.8,sim,sim,indefinido,indefinido
41,1.37,4,93.24,709.97,555.94,1519.27,0.6,27.69,indefinido,indefinido,indefinido,indefinido
41,1.37,5,1728.05,414.05,1839.07,612.15,0.18,7.32,indefinido,indefinido,sim,indefinido
42,1.4,1,1737.88,377.95,2463.86,1483.36,0.9,32.56,sim,sim,não,não
42,1.4,2,2727.75,282.78,3213.57,1796.6,0.86,48.41,sim,sim,não,não
42,1.4,3,1137.15,384.78,1492.33,955.31,0.85,28.81,sim,sim,indefinido,indefinido
42,1.4,4,91.03,711.27,549.84,1517.2,0.65,27.1,indefinido,indefinido,indefinido,indefinido
42,1.4,5,1729.8,417.16,1831.17,598.89,0.27,0.0,indefinido,indefinido,indefinido,indefinido
43,1.43,1,1737.81,377.69,2463.38,1482.44,0.9,32.58,sim,sim,não,não
43,1.43,2,2724.53,282.9,3208.26,1796.26,0.88,53.11,sim,sim,não,não
43,1.43,3,1136.68,384.6,1492.29,955.92,0.85,28.75,sim,sim,indefinido,indefinido
43,1.43,4,88.09,711.27,544.74,1518.08,0.67,27.13,indefinido,indefinido,indefinido,indefinido
43,1.43,5,1729.54,418.59,1827.88,595.63,0.28,0.0,indefinido,indefinido,indefinido,indefinido
44,1.47,1,1737.39,377.11,2462.69,1481.32,0.9,32.74,sim,sim,não,não
44,1.47,2,2723.79,283.31,3206.01,1796.21,0.88,55.29,sim,sim,não,não
44,1.47,3,1136.57,384.6,1492.27,955.95,0.85,28.36,sim,sim,indefinido,indefinido
44,1.47,4,91.26,715.13,538.63,1507.71,0.65,26.7,indefinido,indefinido,indefinido,indefinido
44,1.47,5,1729.1,417.81,1826.49,593.41,0.23,0.0,indefinido,indefinido,indefinido,indefinido
45,1.5,1,1736.42,376.67,2461.94,1480.9,0.9,32.78,sim,sim,não,não
45,1.5,2,2724.09,283.62,3204.8,1796.68,0.88,56.31,sim,sim,não,não
45,1.5,3,1136.91,384.54,1492.87,956.13,0.85,28.38,sim,sim,indefinido,indefinido
45,1.5,4,95.85,716.1,540.28,1503.52,0.62,26.73,indefinido,indefinido,indefinido,indefinido
45,1.5,5,1730.66,417.02,1824.67,586.02,0.19,0.0,indefinido,indefinido,indefinido,indefinido
46,1.53,1,1735.19,376.53,2461.32,1481.31,0.9,32.75,sim,sim,não,não
46,1.53,2,2726.24,282.72,3205.08,1796.76,0.87,54.95,sim,sim,não,não
46,1.53,3,1137.31,384.47,1492.96,955.37,0.85,28.2,sim,sim,indefinido,indefinido
46,1.53,4,102.29,716.56,545.25,1498.57,0.48,26.81,indefinido,indefinido,indefinido,indefinido
46,1.53,5,1729.25,416.53,1824.54,587.35,0.27,0.0,indefinido,indefinido,indefinido,indefinido
47,1.57,1,1734.0,375.81,2461.22,1481.7,0.9,32.68,sim,sim,não,não
47,1.57,2,2730.33,282.52,3206.07,1796.74,0.86,47.3,sim,sim,não,não
47,1.57,3,1137.24,384.56,1492.25,954.33,0.84,27.98,sim,sim,indefinido,indefinido
47,1.57,4,141.15,718.34,510.93,1342.34,0.63,26.56,indefinido,indefinido,indefinido,indefinido
47,1.57,5,1728.27,417.53,1824.23,588.85,0.32,7.72,indefinido,indefinido,indefinido,indefinido
48,1.6,1,1731.5,375.35,2459.88,1481.92,0.9,32.77,sim,sim,não,não
48,1.6,2,2736.26,282.84,3208.38,1796.7,0.86,45.38,sim,sim,não,não
48,1.6,3,1135.93,384.07,1491.34,954.67,0.83,27.83,sim,sim,indefinido,indefinido
48,1.6,4,155.32,718.78,496.66,1271.7,0.61,26.09,indefinido,indefinido,indefinido,indefinido
48,1.6,5,1726.5,418.42,1823.94,592.01,0.38,7.71,indefinido,indefinido,indefinido,indefinido
49,1.63,1,1729.2,375.14,2459.26,1482.91,0.9,32.88,sim,sim,não,não
49,1.63,2,2758.46,279.7,3224.16,1797.42,0.84,46.68,sim,sim,não,não
49,1.63,3,1134.98,383.94,1489.76,953.53,0.83,27.83,sim,sim,indefinido,indefinido
49,1.63,4,122.67,718.74,531.65,1378.26,0.68,26.45,indefinido,indefinido,indefinido,indefinido
49,1.63,5,1723.75,418.96,1826.16,602.29,0.49,7.68,indefinido,indefinido,indefinido,indefinido
50,1.67,1,1727.7,375.07,2459.28,1484.03,0.9,32.93,sim,sim,não,não
50,1.67,2,2765.79,278.97,3225.15,1797.82,0.84,47.81,sim,sim,não,não
50,1.67,3,1134.16,384.16,1489.4,954.22,0.83,27.81,sim,sim,indefinido,indefinido
50,1.67,4,107.35,719.01,548.2,1429.67,0.73,26.6,indefinido,indefinido,indefinido,indefinido
50,1.67,5,1722.29,419.15,1826.92,607.25,0.51,7.83,indefinido,indefinido,indefinido,indefinido
51,1.7,1,1726.91,374.97,2459.39,1484.51,0.9,32.97,sim,sim,não,não
51,1.7,2,2774.07,278.98,3227.35,1798.32,0.85,47.97,sim,sim,não,não
51,1.7,3,1133.32,384.06,1489.27,955.12,0.84,27.84,sim,sim,indefinido,indefinido
51,1.7,4,93.21,720.24,560.41,1477.29,0.64,26.63,indefinido,indefinido,indefinido,indefinido
51,1.7,5,1720.71,419.12,1826.84,611.41,0.46,7.81,indefinido,indefinido,indefinido,indefinido
52,1.73,1,1726.99,374.31,2460.21,1484.74,0.9,32.96,sim,sim,não,não
52,1.73,2,2778.87,281.58,3226.27,1798.21,0.84,26.68,sim,sim,indefinido,não
52,1.73,3,1132.5,383.98,1489.34,956.18,0.84,27.87,sim,sim,indefinido,indefinido
52,1.73,4,89.38,721.28,562.44,1490.91,0.6,26.55,indefinido,indefinido,indefinido,indefinido
52,1.73,5,1718.14,418.79,1827.65,619.98,0.4,0.0,indefinido,indefinido,indefinido,indefinido
53,1.77,1,1727.6,373.72,2461.71,1486.18,0.9,32.82,sim,sim,não,não
53,1.77,2,2782.5,284.77,3224.51,1797.19,0.85,27.77,sim,sim,indefinido,não
53,1.77,3,1131.9,384.26,1489.2,956.96,0.84,27.92,sim,sim,indefinido,indefinido
53,1.77,4,83.11,719.19,558.96,1499.76,0.49,26.91,indefinido,indefinido,indefinido,indefinido
53,1.77,5,1719.43,418.31,1824.93,613.23,0.4,0.0,indefinido,indefinido,indefinido,indefinido
54,1.8,1,1728.1,373.26,2461.98,1486.38,0.89,32.74,sim,sim,não,não
54,1.8,2,2787.81,288.48,3226.26,1796.94,0.85,28.23,sim,sim,indefinido,não
54,1.8,3,1131.78,384.33,1489.14,957.4,0.84,28.0,sim,sim,indefinido,indefinido
54,1.8,4,80.44,719.91,559.77,1513.01,0.49,27.15,indefinido,indefinido,indefinido,indefinido
54,1.8,5,1722.19,418.22,1820.99,600.36,0.33,0.0,indefinido,indefinido,indefinido,indefinido
55,1.83,1,1728.35,373.3,2461.01,1485.07,0.89,32.78,sim,sim,não,não
55,1.83,2,2797.43,289.96,3234.07,1796.04,0.84,28.94,sim,sim,indefinido,não
55,1.83,3,1132.12,384.5,1489.28,957.36,0.85,28.01,sim,sim,indefinido,indefinido
55,1.83,4,81.4,720.97,558.59,1515.85,0.5,27.32,indefinido,indefinido,indefinido,indefinido
55,1.83,5,1723.46,417.24,1820.56,595.89,0.31,0.0,indefinido,indefinido,indefinido,indefinido
56,1.87,1,1727.07,373.19,2459.14,1484.03,0.89,32.69,sim,sim,não,não
56,1.87,2,2799.95,290.71,3234.97,1795.59,0.83,30.07,sim,sim,indefinido,não
56,1.87,3,1132.04,384.78,1489.32,957.76,0.84,27.83,sim,sim,indefinido,indefinido
56,1.87,4,88.99,722.46,546.27,1484.95,0.46,26.88,indefinido,indefinido,indefinido,indefinido
56,1.87,5,1722.41,416.19,1822.15,600.34,0.28,0.0,indefinido,indefinido,indefinido,indefinido
57,1.9,1,1725.79,373.45,2457.6,1483.49,0.89,32.63,sim,sim,não,não
57,1.9,2,2800.3,291.19,3233.5,1794.71,0.83,30.89,sim,sim,indefinido,não
57,1.9,3,1132.34,384.47,1490.12,958.09,0.83,27.82,sim,sim,indefinido,indefinido
57,1.9,4,96.83,724.1,540.7,1461.71,0.43,26.77,indefinido,indefinido,indefinido,indefinido
57,1.9,5,1719.84,415.38,1819.89,600.62,0.16,0.0,indefinido,indefinido,indefinido,indefinido
58,1.93,1,1723.57,373.9,2457.5,1487.17,0.9,32.68,sim,sim,não,não
58,1.93,2,2797.52,291.31,3228.62,1794.11,0.81,31.28,sim,sim,indefinido,não
58,1.93,3,1130.48,384.27,1488.59,959.11,0.84,27.7,sim,sim,indefinido,indefinido
58,1.93,4,107.89,725.84,531.54,1422.79,0.52,26.82,indefinido,indefinido,indefinido,indefinido
58,1.93,5,1720.77,414.8,1815.87,591.04,0.12,0.0,indefinido,indefinido,indefinido,indefinido
59,1.97,1,1722.46,374.76,2455.48,1486.05,0.9,32.6,sim,sim,não,não
59,1.97,2,2799.86,291.91,3229.95,1794.31,0.81,31.75,sim,sim,indefinido,não
59,1.97,3,1128.13,383.82,1486.03,959.48,0.84,27.8,sim,sim,indefinido,indefinido
59,1.97,4,113.26,726.32,532.38,1407.96,0.68,26.85,indefinido,indefinido,indefinido,indefinido
59,1.97,5,1722.06,415.38,1813.34,583.77,0.16,0.0,indefinido,indefinido,indefinido,indefinido
60,2.0,1,1722.51,375.47,2454.57,1484.76,0.89,32.46,sim,sim,não,não
60,2.0,2,2797.33,293.55,3225.73,1794.97,0.8,32.59,sim,sim,não,não
60,2.0,3,1126.7,383.53,1484.5,960.05,0.84,27.9,sim,sim,indefinido,indefinido
60,2.0,4,113.11,726.37,534.06,1404.05,0.66,26.51,indefinido,indefinido,indefinido,indefinido
60,2.0,5,1723.65,415.89,1811.01,574.82,0.21,0.0,indefinido,indefinido,indefinido,indefinido
61,2.03,1,1722.28,376.38,2454.31,1485.07,0.9,32.58,sim,sim,não,não
61,2.03,2,2793.17,292.67,3219.44,1794.51,0.79,45.94,sim,sim,não,não
61,2.03,3,1125.52,383.76,1482.95,960.62,0.84,27.97,sim,sim,indefinido,indefinido
61,2.03,4,96.33,723.52,544.34,1447.22,0.64,26.32,indefinido,indefinido,indefinido,indefinido
61,2.03,5,1722.18,415.35,1809.01,571.23,0.18,0.0,indefinido,indefinido,indefinido,indefinido
62,2.07,1,1721.41,376.54,2454.45,1486.48,0.9,32.6,sim,sim,não,não
62,2.07,2,2789.79,297.43,3212.8,1795.18,0.79,45.98,sim,sim,não,não
62,2.07,3,1124.75,384.86,1478.97,956.55,0.85,28.0,sim,sim,indefinido,indefinido
62,2.07,4,97.52,725.1,541.02,1439.14,0.52,26.74,indefinido,indefinido,indefinido,indefinido
62,2.07,5,1720.49,414.98,1807.42,570.6,0.13,0.0,indefinido,indefinido,indefinido,indefinido
63,2.1,1,1720.81,377.11,2454.5,1487.97,0.9,32.51,sim,sim,não,não
63,2.1,2,2789.96,295.86,3211.24,1795.22,0.77,44.87,sim,sim,não,não
63,2.1,3,1124.46,385.37,1476.72,954.07,0.85,28.16,sim,sim,indefinido,indefinido
63,2.1,4,89.56,723.96,552.3,1471.09,0.64,27.13,indefinido,indefinido,indefinido,indefinido
63,2.1,5,1718.29,414.27,1807.9,575.39,0.11,0.0,indefinido,indefinido,indefinido,indefinido
64,2.13,1,1721.15,376.96,2453.98,1486.59,0.9,32.51,sim,sim,não,não
64,2.13,2,2788.69,296.59,3208.27,1794.58,0.78,46.12,sim,sim,não,não
64,2.13,3,1124.73,386.16,1474.77,950.97,0.85,28.03,sim,sim,indefinido,indefinido
64,2.13,4,91.51,724.5,545.92,1455.63,0.57,27.12,indefinido,indefinido,indefinido,indefinido
64,2.13,5,1715.27,413.57,1807.59,580.31,0.25,7.92,indefinido,indefinido,indefinido,indefinido
65,2.17,1,1721.14,376.33,2452.73,1484.21,0.9,32.6,sim,sim,não,não
65,2.17,2,2785.35,297.73,3203.58,1793.65,0.79,46.22,sim,sim,não,não
65,2.17,3,1125.15,386.71,1472.95,947.25,0.85,27.74,sim,sim,indefinido,indefinido
65,2.17,4,86.84,724.04,546.65,1463.93,0.4,27.37,indefinido,indefinido,indefinido,indefinido
65,2.17,5,1714.35,413.35,1806.62,580.07,0.31,7.88,indefinido,indefinido,indefinido,indefinido
66,2.2,1,1720.43,375.99,2451.8,1483.85,0.9,32.6,sim,sim,não,não
66,2.2,2,2788.11,305.46,3203.16,1794.48,0.79,46.34,sim,sim,não,não
66,2.2,3,1124.32,386.75,1472.41,947.39,0.85,28.31,sim,sim,indefinido,indefinido
66,2.2,4,80.61,722.1,551.75,1482.66,0.26,26.98,indefinido,indefinido,indefinido,indefinido
66,2.2,5,1715.08,414.24,1806.16,578.38,0.25,8.08,indefinido,indefinido,indefinido,indefinido
67,2.23,1,1720.14,375.83,2451.61,1484.28,0.9,32.8,sim,sim,não,não
67,2.23,2,2789.86,311.05,3202.55,1794.13,0.77,37.72,sim,sim,não,não
67,2.23,3,1123.07,386.97,1472.34,949.42,0.86,28.31,sim,sim,indefinido,indefinido
67,2.23,4,83.07,720.54,552.92,1479.4,0.39,27.14,indefinido,indefinido,indefinido,indefinido
67,2.23,5,1715.44,415.33,1807.1,580.67,0.2,0.0,indefinido,indefinido,indefinido,indefinido
68,2.27,1,1720.32,375.6,2452.01,1485.28,0.9,32.99,sim,sim,não,não
68,2.27,2,2788.36,307.64,3201.84,1793.28,0.74,32.5,sim,sim,não,não
68,2.27,3,1121.5,386.94,1471.85,950.82,0.86,28.21,sim,sim,indefinido,indefinido
68,2.27,4,80.44,720.66,556.23,1490.95,0.41,27.22,indefinido,indefinido,indefinido,indefinido
68,2.27,5,1717.06,416.66,1807.74,581.04,0.27,7.46,indefinido,indefinido,indefinido,indefinido
69,2.3,1,1720.1,375.57,2451.9,1486.29,0.9,33.04,sim,sim,não,não
69,2.3,2,2787.32,306.58,3201.4,1794.47,0.73,36.84,sim,sim,não,não
69,2.3,3,1120.72,386.85,1471.04,950.07,0.86,28.21,sim,sim,indefinido,indefinido
69,2.3,4,80.63,720.94,562.14,1501.32,0.5,27.24,indefinido,indefinido,indefinido,indefinido
69,2.3,5,1717.83,416.44,1807.86,580.89,0.3,7.1,indefinido,indefinido,indefinido,indefinido
70,2.33,1,1720.1,375.74,2451.26,1486.25,0.9,33.03,sim,sim,não,não
70,2.33,2,2790.01,313.36,3201.59,1795.99,0.77,33.97,sim,sim,não,não
70,2.33,3,1120.38,386.81,1470.58,949.22,0.86,28.22,sim,sim,indefinido,indefinido
70,2.33,4,82.0,720.95,562.87,1501.11,0.42,27.07,indefinido,indefinido,indefinido,indefinido
70,2.33,5,1717.1,415.45,1806.34,578.38,0.29,7.32,indefinido,indefinido,indefinido,indefinido
71,2.37,1,1719.14,375.37,2449.06,1484.13,0.9,33.15,sim,sim,não,não
71,2.37,2,2792.26,315.92,3201.79,1795.49,0.75,35.47,sim,sim,não,não
71,2.37,3,1119.66,386.48,1470.96,950.04,0.85,28.28,sim,sim,indefinido,indefinido
71,2.37,4,82.85,720.23,557.04,1490.64,0.4,27.48,indefinido,indefinido,indefinido,indefinido
71,2.37,5,1712.82,414.09,1802.93,577.89,0.32,7.46,indefinido,indefinido,indefinido,indefinido
72,2.4,1,1717.45,375.87,2445.32,1481.52,0.9,33.23,sim,sim,não,não
72,2.4,2,2790.23,309.56,3201.43,1794.14,0.7,34.58,sim,sim,não,não
72,2.4,3,1118.19,386.5,1470.64,951.24,0.85,28.19,sim,sim,indefinido,indefinido
72,2.4,4,83.61,719.56,554.79,1486.5,0.36,27.76,indefinido,indefinido,indefinido,indefinido
72,2.4,5,1706.11,413.93,1800.45,583.93,0.4,7.64,indefinido,indefinido,indefinido,indefinido
73,2.43,1,1716.84,375.85,2442.88,1478.18,0.9,33.2,sim,sim,não,não
73,2.43,2,2797.85,307.97,3211.68,1793.92,0.7,41.89,sim,sim,não,não
73,2.43,3,1117.54,385.88,1470.24,950.53,0.84,28.36,sim,sim,indefinido,indefinido
73,2.43,4,88.7,719.72,551.16,1471.21,0.32,27.73,indefinido,indefinido,indefinido,indefinido
73,2.43,5,1703.29,412.12,1798.62,581.47,0.37,7.74,indefinido,indefinido,indefinido,indefinido
74,2.47,1,1716.76,375.4,2442.24,1475.91,0.89,33.37,sim,sim,não,não
74,2.47,2,2797.27,306.71,3213.95,1794.8,0.7,41.98,sim,sim,não,não
74,2.47,3,1117.13,384.97,1469.4,948.75,0.84,28.28,sim,sim,indefinido,indefinido
74,2.47,4,100.44,719.84,560.76,1460.5,0.22,27.53,indefinido,indefinido,indefinido,indefinido
74,2.47,5,1702.9,411.41,1799.79,583.13,0.26,7.44,indefinido,indefinido,indefinido,indefinido
75,2.5,1,1715.74,375.3,2443.61,1479.09,0.89,33.15,sim,sim,não,não
75,2.5,2,2786.6,306.4,3204.31,1794.75,0.75,44.67,sim,sim,não,não
75,2.5,3,1116.21,384.26,1468.7,948.39,0.85,28.19,sim,sim,indefinido,indefinido
75,2.5,4,106.56,720.23,570.19,1457.7,0.26,27.26,indefinido,indefinido,indefinido,indefinido
75,2.5,5,1704.75,411.27,1802.51,585.5,0.23,7.19,indefinido,indefinido,indefinido,indefinido
76,2.53,1,1715.06,374.91,2444.65,1481.19,0.89,33.04,sim,sim,não,não
76,2.53,2,2777.64,307.31,3194.48,1793.65,0.76,41.68,sim,sim,não,não
76,2.53,3,1115.02,383.27,1469.15,950.68,0.85,28.19,sim,sim,indefinido,indefinido
76,2.53,4,97.52,721.53,551.48,1441.57,0.24,27.07,indefinido,indefinido,indefinido,indefinido
76,2.53,5,1705.73,412.77,1803.61,588.85,0.31,7.18,indefinido,indefinido,indefinido,indefinido
77,2.57,1,1715.13,375.25,2444.3,1480.76,0.89,33.32,sim,sim,não,não
77,2.57,2,2775.43,309.7,3192.26,1794.17,0.74,41.29,sim,sim,não,não
77,2.57,3,1114.61,382.09,1469.9,952.12,0.85,28.19,sim,sim,indefinido,indefinido
77,2.57,4,91.78,722.16,546.35,1442.04,0.28,26.87,indefinido,indefinido,indefinido,indefinido
77,2.57,5,1705.94,413.29,1803.84,590.27,0.27,7.32,indefinido,indefinido,indefinido,indefinido
78,2.6,1,1715.39,375.38,2442.41,1477.64,0.9,33.32,sim,sim,não,não
78,2.6,2,2768.24,318.26,3183.47,1792.98,0.8,28.92,sim,sim,indefinido,não
78,2.6,3,1114.43,381.8,1470.25,953.42,0.85,28.26,sim,sim,indefinido,indefinido
78,2.6,4,84.85,722.06,546.75,1454.34,0.32,26.93,indefinido,indefinido,indefinido,indefinido
78,2.6,5,1705.67,412.72,1800.46,582.61,0.23,7.89,indefinido,indefinido,indefinido,indefinido
79,2.63,1,1714.4,376.14,2442.77,1480.35,0.9,33.57,sim,sim,não,não
79,2.63,2,2767.76,323.67,3182.66,1792.53,0.78,33.47,sim,sim,não,não
79,2.63,3,1114.46,382.29,1469.74,953.39,0.86,28.29,sim,sim,indefinido,indefinido
79,2.63,4,72.46,719.76,550.81,1484.43,0.44,26.79,indefinido,indefinido,indefinido,indefinido
79,2.63,5,1701.83,412.34,1799.68,586.85,0.29,7.96,indefinido,indefinido,indefinido,indefinido
80,2.67,1,1713.46,376.28,2440.08,1477.87,0.9,33.37,sim,sim,não,não
80,2.67,2,2766.3,326.21,3181.65,1792.09,0.76,33.87,sim,sim,não,não
80,2.67,3,1115.76,382.12,1469.76,951.68,0.86,28.39,sim,sim,indefinido,indefinido
80,2.67,4,72.06,719.6,548.07,1485.05,0.71,26.74,indefinido,indefinido,indefinido,indefinido
80,2.67,5,1697.28,411.77,1800.1,594.72,0.34,7.96,indefinido,indefinido,indefinido,indefinido
81,2.7,1,1711.67,376.93,2439.57,1480.77,0.9,33.73,sim,sim,não,não
81,2.7,2,2765.86,328.1,3181.72,1791.88,0.76,29.86,sim,sim,indefinido,não
81,2.7,3,1116.0,381.86,1469.71,951.35,0.86,28.36,sim,sim,indefinido,indefinido
81,2.7,4,74.86,719.53,538.87,1468.49,0.68,26.79,indefinido,indefinido,indefinido,indefinido
81,2.7,5,1695.33,411.15,1800.29,597.22,0.4,7.64,indefinido,indefinido,indefinido,indefinido
82,2.73,1,1710.62,376.58,2436.41,1477.14,0.9,33.94,sim,sim,não,não
82,2.73,2,2763.38,329.17,3179.81,1791.6,0.78,31.63,sim,sim,indefinido,não
82,2.73,3,1115.39,381.8,1468.96,950.95,0.86,28.27,sim,sim,indefinido,indefinido
82,2.73,4,77.34,719.56,533.32,1457.5,0.54,26.95,indefinido,indefinido,indefinido,indefinido
82,2.73,5,1695.06,410.05,1799.28,593.19,0.38,7.64,indefinido,indefinido,indefinido,indefinido
83,2.77,1,1710.01,376.97,2434.2,1474.75,0.9,34.03,sim,sim,não,não
83,2.77,2,2760.44,328.81,3177.76,1790.16,0.8,33.2,sim,sim,não,não
83,2.77,3,1114.61,381.17,1468.14,950.25,0.86,28.24,sim,sim,indefinido,indefinido
83,2.77,4,90.29,723.31,523.7,1418.9,0.42,27.05,indefinido,indefinido,indefinido,indefinido
83,2.77,5,1694.46,409.86,1799.46,593.29,0.38,7.5,indefinido,indefinido,indefinido,indefinido
83,2.77,11,3042.64,344.14,3381.45,1631.31,0.63,36.25,sim,indefinido,não,indefinido
84,2.8,1,1709.22,377.24,2433.02,1474.02,0.9,34.09,sim,sim,não,não
84,2.8,2,2757.66,329.84,3175.32,1789.17,0.79,31.1,sim,sim,indefinido,não
84,2.8,3,1113.82,380.69,1467.26,949.73,0.86,28.33,sim,sim,indefinido,indefinido
84,2.8,4,93.22,724.84,518.3,1402.28,0.42,27.06,indefinido,indefinido,indefinido,indefinido
84,2.8,5,1694.72,408.48,1800.4,592.49,0.36,7.62,indefinido,indefinido,indefinido,indefinido
84,2.8,11,3023.5,332.21,3401.95,1774.24,0.6,36.28,sim,indefinido,não,indefinido
85,2.83,1,1707.56,377.52,2433.33,1476.89,0.9,34.04,sim,sim,não,não
85,2.83,2,2758.33,328.24,3177.97,1788.72,0.78,40.16,sim,sim,não,não
85,2.83,3,1113.04,380.24,1466.85,950.04,0.86,28.4,sim,sim,indefinido,indefinido
85,2.83,4,86.59,721.66,519.26,1411.21,0.54,27.18,indefinido,indefinido,indefinido,indefinido
85,2.83,5,1694.76,406.83,1801.77,593.04,0.38,7.73,indefinido,indefinido,indefinido,indefinido
85,2.83,11,3016.65,328.36,3407.28,1823.72,0.57,36.89,sim,indefinido,não,indefinido
86,2.87,1,1707.56,376.87,2433.05,1475.47,0.9,34.0,sim,sim,não,não
86,2.87,2,2758.45,328.13,3179.74,1788.49,0.8,42.88,sim,sim,não,não
86,2.87,3,1112.22,380.13,1465.81,949.55,0.86,28.43,sim,sim,indefinido,indefinido
86,2.87,4,85.35,720.41,522.25,1415.84,0.65,27.22,indefinido,indefinido,indefinido,indefinido
86,2.87,5,1696.67,405.98,1801.2,586.96,0.39,7.83,indefinido,indefinido,indefinido,indefinido
86,2.87,11,3010.68,326.22,3402.16,1836.88,0.47,36.7,sim,indefinido,não,indefinido
87,2.9,1,1707.59,376.22,2432.7,1474.17,0.9,34.05,sim,sim,não,não
87,2.9,2,2758.44,328.46,3181.09,1788.99,0.81,40.22,sim,sim,não,não
87,2.9,3,1111.81,380.34,1465.14,949.22,0.87,28.15,sim,sim,indefinido,indefinido
87,2.9,4,83.13,719.55,524.45,1421.98,0.65,27.34,indefinido,indefinido,indefinido,indefinido
87,2.9,5,1695.95,405.51,1799.51,584.0,0.37,7.94,indefinido,indefinido,indefinido,indefinido
87,2.9,11,3019.56,338.3,3383.01,1749.17,0.46,36.74,sim,indefinido,não,indefinido
88,2.93,1,1707.4,376.03,2432.79,1474.37,0.9,34.06,sim,sim,não,não
88,2.93,2,2757.37,328.75,3181.37,1789.77,0.8,39.65,sim,sim,não,não
88,2.93,3,1111.39,380.33,1464.98,949.54,0.87,28.2,sim,sim,indefinido,indefinido
88,2.93,4,81.29,719.3,524.5,1424.88,0.61,27.2,indefinido,indefinido,indefinido,indefinido
88,2.93,5,1696.34,405.7,1796.97,577.33,0.38,7.89,indefinido,indefinido,indefinido,indefinido
88,2.93,11,3024.6,343.42,3375.97,1716.7,0.55,36.82,sim,indefinido,não,indefinido
89,2.97,1,1707.23,375.64,2432.65,1473.7,0.9,34.16,sim,sim,não,não
89,2.97,2,2758.16,330.01,3183.47,1789.81,0.79,29.6,sim,sim,indefinido,não
89,2.97,3,1111.77,380.29,1465.34,949.4,0.87,28.24,sim,sim,indefinido,indefinido
89,2.97,4,81.61,718.22,522.42,1419.28,0.59,27.11,indefinido,indefinido,indefinido,indefinido
89,2.97,5,1695.02,406.66,1794.39,573.95,0.38,7.91,indefinido,indefinido,indefinido,indefinido
89,2.97,11,3016.93,328.33,3383.9,1781.41,0.61,36.82,sim,sim,não,não
90,3.0,1,1706.52,375.88,2433.49,1476.27,0.9,34.3,sim,sim,não,não
90,3.0,2,2761.1,328.76,3189.04,1789.8,0.77,34.99,sim,sim,não,não
90,3.0,3,1112.22,380.34,1464.93,947.77,0.88,28.37,sim,sim,indefinido,indefinido
90,3.0,4,80.32,717.71,519.85,1416.32,0.59,26.9,indefinido,indefinido,indefinido,indefinido
90,3.0,5,1695.01,407.58,1794.23,572.72,0.38,7.96,indefinido,indefinido,indefinido,indefinido
90,3.0,11,3012.91,323.19,3381.91,1805.46,0.63,36.84,sim,sim,não,não
91,3.03,1,1706.15,375.05,2433.1,1475.39,0.9,34.37,sim,sim,não,não
91,3.03,2,2757.14,327.52,3186.3,1789.67,0.79,35.48,sim,sim,não,não
91,3.03,3,1111.82,380.51,1464.76,948.27,0.88,28.4,sim,sim,indefinido,indefinido
91,3.03,4,81.75,717.7,519.08,1410.5,0.68,26.79,indefinido,indefinido,indefinido,indefinido
91,3.03,5,1690.66,408.24,1791.33,572.86,0.36,8.29,indefinido,indefinido,indefinido,indefinido
91,3.03,11,3013.62,322.82,3380.81,1817.31,0.62,36.76,sim,sim,não,não
92,3.07,1,1706.07,374.79,2432.62,1474.47,0.9,34.32,sim,sim,não,não
92,3.07,2,2753.44,327.6,3182.47,1788.66,0.8,34.4,sim,sim,não,não
92,3.07,3,1111.49,380.79,1464.42,948.45,0.88,28.36,sim,sim,indefinido,indefinido
92,3.07,4,80.34,718.26,516.14,1406.71,0.65,26.78,indefinido,indefinido,indefinido,indefinido
92,3.07,5,1691.08,408.21,1791.91,571.07,0.36,7.93,indefinido,indefinido,indefinido,indefinido
92,3.07,11,3014.66,322.07,3378.27,1822.83,0.66,37.05,sim,sim,não,não
93,3.1,1,1705.98,374.68,2432.74,1474.73,0.9,34.3,sim,sim,não,não
93,3.1,2,2751.72,327.88,3180.27,1787.44,0.8,34.8,sim,sim,não,não
93,3.1,3,1111.91,381.26,1464.61,948.53,0.87,28.33,sim,sim,indefinido,indefinido
93,3.1,4,77.99,718.99,515.13,1407.93,0.5,26.92,indefinido,indefinido,indefinido,indefinido
93,3.1,5,1691.88,407.66,1793.39,570.29,0.35,7.75,indefinido,indefinido,indefinido,indefinido
93,3.1,11,3017.03,322.23,3375.37,1820.44,0.68,37.43,sim,sim,não,não
94,3.13,1,1706.1,374.41,2433.02,1475.11,0.9,34.57,sim,sim,não,não
94,3.13,2,2752.34,327.18,3181.23,1787.13,0.8,35.41,sim,sim,não,não
94,3.13,3,1111.41,381.15,1464.81,949.59,0.87,28.44,sim,sim,indefinido,indefinido
94,3.13,4,82.14,723.09,513.69,1398.08,0.32,27.05,indefinido,indefinido,indefinido,indefinido
94,3.13,5,1694.43,407.22,1796.17,569.79,0.34,7.46,indefinido,indefinido,indefinido,indefinido
94,3.13,11,3014.98,321.32,3367.86,1816.2,0.58,37.47,sim,sim,não,não
95,3.17,1,1705.76,374.32,2432.73,1475.33,0.9,34.82,sim,sim,não,não
95,3.17,2,2751.76,326.41,3181.25,1788.07,0.79,35.67,sim,sim,não,não
95,3.17,3,1110.24,380.86,1464.45,950.57,0.87,28.61,sim,sim,indefinido,indefinido
95,3.17,4,99.73,721.07,548.11,1409.52,0.17,27.15,indefinido,indefinido,indefinido,indefinido
95,3.17,5,1694.66,407.13,1796.92,569.86,0.32,7.56,indefinido,indefinido,indefinido,indefinido
95,3.17,11,3010.87,319.9,3359.46,1816.67,0.6,37.17,sim,sim,não,não
96,3.2,1,1705.32,374.29,2432.64,1476.14,0.9,34.87,sim,sim,não,não
96,3.2,2,2752.63,326.38,3182.96,1789.28,0.79,36.24,sim,sim,não,não
96,3.2,3,1109.52,380.88,1464.2,951.11,0.86,28.64,sim,sim,indefinido,indefinido
96,3.2,4,84.24,722.45,532.51,1408.59,0.11,27.3,indefinido,indefinido,indefinido,indefinido
96,3.2,5,1695.52,407.54,1797.61,569.91,0.33,7.55,indefinido,indefinido,indefinido,indefinido
96,3.2,11,3011.91,319.59,3355.79,1817.02,0.57,37.41,sim,sim,não,não
97,3.23,1,1705.4,374.36,2432.6,1476.36,0.9,34.82,sim,sim,não,não
97,3.23,2,2753.82,326.06,3185.26,1790.73,0.78,35.58,sim,sim,não,não
97,3.23,3,1109.01,380.61,1464.11,951.51,0.86,28.62,sim,sim,indefinido,indefinido
97,3.23,4,71.98,722.14,527.48,1420.24,0.16,27.53,indefinido,indefinido,indefinido,indefinido
97,3.23,5,1696.02,408.11,1797.63,569.82,0.3,7.54,indefinido,indefinido,indefinido,indefinido
97,3.23,11,3013.26,320.89,3353.76,1819.25,0.62,37.56,sim,sim,não,não
98,3.27,1,1705.28,374.71,2432.31,1476.67,0.9,34.8,sim,sim,não,não
98,3.27,2,2755.87,325.41,3188.82,1791.4,0.77,35.01,sim,sim,não,não
98,3.27,3,1108.33,380.14,1464.06,952.29,0.86,28.77,sim,sim,indefinido,indefinido
98,3.27,4,53.18,718.79,537.55,1470.16,0.29,27.51,indefinido,indefinido,indefinido,indefinido
98,3.27,5,1696.45,408.34,1797.98,570.11,0.3,7.6,indefinido,indefinido,indefinido,indefinido
98,3.27,11,3015.4,322.64,3353.44,1820.6,0.64,38.55,sim,sim,não,não
99,3.3,1,1705.05,375.21,2431.92,1477.13,0.9,34.96,sim,sim,não,não
99,3.3,2,2754.96,325.12,3188.82,1791.7,0.77,35.98,sim,sim,não,não
99,3.3,3,1108.65,379.83,1463.71,951.09,0.87,28.83,sim,sim,indefinido,indefinido
99,3.3,4,47.74,717.8,543.28,1495.46,0.53,27.54,indefinido,indefinido,indefinido,indefinido
99,3.3,5,1696.55,408.97,1797.93,570.48,0.3,7.7,indefinido,indefinido,indefinido,indefinido
99,3.3,11,3018.2,323.38,3354.63,1822.64,0.66,38.34,sim,sim,não,não
100,3.33,1,1704.58,375.48,2431.85,1478.46,0.91,34.87,sim,sim,não,não
100,3.33,2,2750.27,325.78,3183.37,1791.72,0.8,35.6,sim,sim,não,não
100,3.33,3,1108.93,379.67,1463.84,951.13,0.87,28.81,sim,sim,indefinido,indefinido
100,3.33,4,46.42,717.18,543.39,1504.99,0.36,27.6,indefinido,indefinido,indefinido,indefinido
100,3.33,5,1696.75,409.57,1797.45,569.95,0.29,7.52,indefinido,indefinido,indefinido,indefinido
100,3.33,11,3020.56,324.31,3355.1,1823.64,0.64,38.54,sim,sim,não,não
101,3.37,1,1704.28,375.85,2431.66,1479.33,0.91,34.84,sim,sim,não,não
101,3.37,2,2750.94,325.93,3184.07,1791.63,0.79,36.09,sim,sim,não,não
101,3.37,3,1109.28,379.26,1464.13,951.0,0.87,28.76,sim,sim,indefinido,indefinido
101,3.37,4,46.26,716.79,539.96,1506.67,0.23,27.51,indefinido,indefinido,indefinido,indefinido
101,3.37,5,1696.26,409.9,1798.19,572.02,0.29,7.58,indefinido,indefinido,indefinido,indefinido
101,3.37,11,3021.61,326.74,3354.93,1825.91,0.64,38.84,sim,sim,não,não
102,3.4,1,1703.81,376.49,2431.41,1480.61,0.91,34.74,sim,sim,não,não
102,3.4,2,2750.19,327.23,3182.47,1791.52,0.79,35.95,sim,sim,não,não
102,3.4,3,1109.48,379.05,1463.54,949.7,0.87,28.67,sim,sim,indefinido,indefinido
102,3.4,4,47.79,717.29,538.21,1508.76,0.28,27.35,indefinido,indefinido,indefinido,indefinido
102,3.4,5,1694.47,410.17,1798.21,574.65,0.31,7.54,indefinido,indefinido,indefinido,indefinido
102,3.4,11,3023.25,328.94,3354.27,1822.39,0.64,38.77,sim,sim,não,não
103,3.43,1,1703.78,376.7,2431.16,1480.83,0.9,34.81,sim,sim,não,não
103,3.43,2,2750.48,326.28,3182.85,1791.35,0.79,36.52,sim,sim,não,não
103,3.43,3,1109.47,378.82,1463.78,950.22,0.87,28.58,sim,sim,indefinido,indefinido
103,3.43,4,51.17,717.27,536.5,1505.78,0.46,27.26,indefinido,indefinido,indefinido,indefinido
103,3.43,5,1692.89,410.24,1799.63,579.65,0.32,7.6,indefinido,indefinido,indefinido,indefinido
103,3.43,11,3020.06,326.08,3350.65,1825.33,0.62,38.32,sim,sim,não,não
104,3.47,1,1703.44,376.89,2430.74,1481.15,0.91,34.87,sim,sim,não,não
104,3.47,2,2747.85,326.35,3179.4,1791.57,0.8,35.29,sim,sim,não,não
104,3.47,3,1109.44,378.76,1463.58,950.05,0.87,28.7,sim,sim,indefinido,indefinido
104,3.47,4,54.08,717.44,533.98,1501.49,0.52,27.17,indefinido,indefinido,indefinido,indefinido
104,3.47,5,1694.23,410.25,1799.88,577.4,0.31,7.62,indefinido,indefinido,indefinido,indefinido
104,3.47,11,3021.21,325.04,3350.23,1824.17,0.64,38.66,sim,sim,não,não
105,3.5,1,1703.18,377.11,2430.35,1481.43,0.91,34.87,sim,sim,não,não
105,3.5,2,2745.26,326.78,3175.41,1791.61,0.81,34.77,sim,sim,não,não
105,3.5,3,1109.49,378.76,1463.34,949.61,0.87,28.68,sim,sim,indefinido,indefinido
105,3.5,4,54.46,717.58,533.02,1504.05,0.49,27.21,indefinido,indefinido,indefinido,indefinido
105,3.5,5,1694.32,410.38,1800.65,578.35,0.33,7.65,indefinido,indefinido,indefinido,indefinido
105,3.5,11,3024.84,328.2,3352.59,1825.84,0.62,38.58,sim,sim,não,não
106,3.53,1,1703.23,377.36,2429.76,1480.76,0.9,34.92,sim,sim,não,não
106,3.53,2,2744.41,325.76,3172.79,1790.99,0.82,32.81,sim,sim,não,não
106,3.53,3,1109.26,378.82,1463.57,950.47,0.87,28.67,sim,sim,indefinido,indefinido
106,3.53,4,54.34,718.46,530.58,1506.32,0.37,27.17,indefinido,indefinido,indefinido,indefinido
106,3.53,5,1694.93,410.66,1801.0,577.87,0.34,7.61,indefinido,indefinido,indefinido,indefinido
106,3.53,11,3037.99,339.38,3345.68,1735.85,0.53,39.17,sim,sim,não,não
107,3.57,1,1703.29,377.68,2429.02,1479.7,0.9,34.86,sim,sim,não,não
107,3.57,2,2746.54,327.15,3173.14,1791.24,0.82,30.42,sim,sim,indefinido,não
107,3.57,3,1109.38,379.1,1463.97,951.33,0.87,28.48,sim,sim,indefinido,indefinido
107,3.57,4,54.32,719.08,527.62,1507.31,0.43,27.19,indefinido,indefinido,indefinido,indefinido
107,3.57,5,1695.41,410.72,1800.67,576.2,0.29,7.63,indefinido,indefinido,indefinido,indefinido
107,3.57,11,3046.55,343.45,3341.49,1673.7,0.49,39.44,sim,sim,não,não
108,3.6,1,1704.03,378.01,2428.69,1477.91,0.9,34.83,sim,sim,não,não
108,3.6,2,2748.24,331.8,3172.97,1792.11,0.82,28.21,sim,sim,indefinido,não
108,3.6,3,1109.01,379.01,1464.16,952.58,0.87,28.41,sim,sim,indefinido,indefinido
108,3.6,4,54.56,718.89,524.82,1506.52,0.58,27.08,indefinido,indefinido,indefinido,indefinido
108,3.6,5,1696.89,411.4,1799.88,572.71,0.2,7.57,indefinido,indefinido,indefinido,indefinido
108,3.6,11,3049.49,344.97,3340.64,1650.56,0.51,39.58,sim,sim,não,não
109,3.63,1,1702.42,379.03,2428.16,1480.01,0.9,34.77,sim,sim,não,não
109,3.63,2,2751.03,333.41,3175.18,1792.79,0.82,27.5,sim,sim,indefinido,não
109,3.63,3,1108.8,379.74,1463.89,953.57,0.87,28.37,sim,sim,indefinido,indefinido
109,3.63,4,57.77,719.71,521.24,1498.6,0.59,27.05,indefinido,indefinido,indefinido,indefinido
109,3.63,5,1696.85,411.96,1798.9,571.32,0.2,7.56,indefinido,indefinido,indefinido,indefinido
109,3.63,11,3048.54,345.74,3340.38,1645.93,0.5,39.48,sim,sim,não,não
110,3.67,1,1701.44,379.51,2427.97,1481.01,0.9,34.74,sim,sim,não,não
110,3.67,2,2749.17,333.58,3172.34,1793.55,0.82,27.65,sim,sim,indefinido,não
110,3.67,3,1108.54,379.96,1463.15,953.39,0.87,28.37,sim,sim,indefinido,indefinido
110,3.67,4,61.7,720.98,516.38,1486.07,0.58,27.09,indefinido,indefinido,indefinido,indefinido
110,3.67,5,1696.4,413.04,1798.07,571.95,0.2,7.36,indefinido,indefinido,indefinido,indefinido
110,3.67,11,3044.47,345.94,3339.64,1651.26,0.57,39.47,sim,sim,não,não
111,3.7,1,1701.03,379.47,2428.29,1481.35,0.9,34.69,sim,sim,não,não
111,3.7,2,2750.2,333.68,3172.94,1794.17,0.81,31.03,sim,sim,indefinido,não
111,3.7,3,1107.97,379.78,1462.47,953.63,0.87,28.38,sim,sim,indefinido,indefinido
111,3.7,4,68.79,721.71,507.01,1456.57,0.42,27.2,indefinido,indefinido,indefinido,indefinido
111,3.7,5,1695.46,413.94,1796.7,572.4,0.18,7.31,indefinido,indefinido,indefinido,indefinido
111,3.7,11,3041.64,346.52,3338.3,1646.94,0.6,39.23,sim,sim,não,não
112,3.73,1,1700.84,379.34,2428.65,1481.4,0.9,34.61,sim,sim,não,não
112,3.73,2,2747.64,333.55,3169.65,1794.45,0.83,34.93,sim,sim,não,não
112,3.73,3,1107.99,380.01,1461.02,952.04,0.87,28.46,sim,sim,indefinido,indefinido
112,3.73,4,61.51,722.34,515.13,1486.08,0.45,27.02,indefinido,indefinido,indefinido,indefinido
112,3.73,5,1695.23,414.8,1795.4,572.25,0.19,0.0,indefinido,indefinido,indefinido,indefinido
112,3.73,11,3042.3,345.92,3339.06,1638.37,0.53,39.38,sim,sim,não,não
113,3.77,1,1699.88,379.01,2428.72,1482.12,0.9,34.75,sim,sim,não,não
113,3.77,2,2746.66,332.76,3168.17,1794.03,0.83,35.91,sim,sim,não,não
113,3.77,3,1107.95,380.4,1459.8,951.07,0.87,28.45,sim,sim,indefinido,indefinido
113,3.77,4,60.7,723.4,510.13,1481.55,0.45,26.94,indefinido,indefinido,indefinido,indefinido
113,3.77,5,1693.86,414.87,1794.34,573.68,0.22,0.0,indefinido,indefinido,indefinido,indefinido
113,3.77,11,3040.28,346.29,3338.28,1636.24,0.62,39.71,sim,sim,não,não
114,3.8,1,1699.25,378.93,2429.17,1483.39,0.9,34.77,sim,sim,não,não
114,3.8,2,2746.28,329.94,3167.3,1792.65,0.83,36.05,sim,sim,não,não
114,3.8,3,1108.12,381.27,1459.01,950.81,0.87,28.42,sim,sim,indefinido,indefinido
114,3.8,4,69.6,723.72,497.77,1442.03,0.5,27.03,indefinido,indefinido,indefinido,indefinido
114,3.8,5,1694.15,414.88,1792.1,570.27,0.21,0.0,indefinido,indefinido,indefinido,indefinido
114,3.8,11,3038.19,345.84,3339.08,1643.01,0.59,39.97,sim,sim,não,não
115,3.83,1,1700.82,377.65,2430.47,1481.89,0.9,34.8,sim,sim,não,não
115,3.83,2,2747.75,332.22,3167.76,1792.87,0.82,35.83,sim,sim,não,não
115,3.83,3,1107.2,382.26,1458.52,953.03,0.86,28.44,sim,sim,indefinido,indefinido
115,3.83,4,81.32,724.12,483.34,1390.65,0.56,27.03,indefinido,indefinido,indefinido,indefinido
115,3.83,5,1693.46,415.29,1789.15,567.81,0.27,7.39,indefinido,indefinido,indefinido,indefinido
115,3.83,11,3035.11,345.44,3339.53,1653.94,0.58,39.81,sim,sim,não,não
116,3.87,1,1701.44,376.8,2431.17,1481.27,0.9,34.47,sim,sim,não,não
116,3.87,2,2748.57,333.86,3167.38,1792.74,0.82,35.65,sim,sim,não,não
116,3.87,3,1106.88,382.97,1458.16,953.68,0.87,28.45,sim,sim,indefinido,indefinido
116,3.87,4,73.44,724.78,493.7,1421.34,0.66,26.95,indefinido,indefinido,indefinido,indefinido
116,3.87,5,1693.64,415.02,1788.77,566.81,0.28,0.0,indefinido,indefinido,indefinido,indefinido
116,3.87,11,3033.91,345.51,3338.58,1650.35,0.59,39.53,sim,sim,não,não
117,3.9,1,1701.91,376.57,2430.85,1479.76,0.9,34.47,sim,sim,não,não
117,3.9,2,2749.41,331.28,3168.09,1792.26,0.82,36.76,sim,sim,não,não
117,3.9,3,1106.52,383.55,1458.15,954.68,0.87,28.47,sim,sim,indefinido,indefinido
117,3.9,4,71.56,725.05,498.55,1432.17,0.63,26.95,indefinido,indefinido,indefinido,indefinido
117,3.9,5,1693.91,415.01,1788.48,565.83,0.31,7.4,indefinido,indefinido,indefinido,indefinido
117,3.9,11,3035.19,345.59,3335.85,1625.75,0.56,39.27,sim,sim,não,não
118,3.93,1,1702.79,377.12,2430.62,1478.24,0.9,34.45,sim,sim,não,não
118,3.93,2,2750.06,332.86,3168.31,1793.3,0.82,31.87,sim,sim,indefinido,não
118,3.93,3,1106.27,384.3,1458.22,955.64,0.87,28.49,sim,sim,indefinido,indefinido
118,3.93,4,78.5,725.13,499.09,1416.66,0.7,26.98,indefinido,indefinido,indefinido,indefinido
118,3.93,5,1694.28,415.21,1788.37,565.12,0.33,7.54,indefinido,indefinido,indefinido,indefinido
118,3.93,11,3036.53,346.07,3331.64,1591.92,0.61,38.9,sim,sim,não,não
119,3.97,1,1702.74,377.9,2430.78,1478.77,0.9,34.55,sim,sim,não,não
119,3.97,2,2748.17,332.58,3166.09,1793.62,0.83,31.1,sim,sim,indefinido,não
119,3.97,3,1105.56,384.62,1457.84,955.99,0.86,28.49,sim,sim,indefinido,indefinido
119,3.97,4,81.08,725.82,502.7,1413.77,0.72,26.92,indefinido,indefinido,indefinido,indefinido
119,3.97,5,1693.33,415.33,1788.11,566.34,0.32,7.8,indefinido,indefinido,indefinido,indefinido
119,3.97,11,3032.18,346.64,3333.92,1614.56,0.6,38.59,sim,sim,não,não
120,4.0,1,1702.38,378.88,2430.43,1479.24,0.9,34.28,sim,sim,não,não
120,4.0,2,2747.01,331.88,3164.37,1794.07,0.83,38.71,sim,sim,não,não
120,4.0,3,1104.22,384.86,1457.11,956.9,0.86,28.48,sim,sim,indefinido,indefinido
120,4.0,4,74.76,726.35,506.75,1428.9,0.68,27.09,indefinido,indefinido,indefinido,indefinido
120,4.0,5,1692.71,415.5,1788.39,568.23,0.34,7.65,indefinido,indefinido,indefinido,indefinido
120,4.0,11,3027.12,347.16,3337.16,1650.64,0.53,38.08,sim,sim,não,não
121,4.03,1,1702.88,381.0,2429.51,1478.64,0.9,33.85,sim,sim,não,não
121,4.03,2,2746.13,329.52,3162.94,1793.48,0.84,35.73,sim,sim,não,não
121,4.03,3,1103.83,384.92,1456.76,957.1,0.87,28.56,sim,sim,indefinido,indefinido
121,4.03,4,64.41,726.63,515.87,1462.83,0.74,27.17,indefinido,indefinido,indefinido,indefinido
121,4.03,5,1691.49,416.01,1788.69,571.76,0.35,7.8,indefinido,indefinido,indefinido,indefinido
121,4.03,11,3025.2,347.28,3342.27,1682.6,0.49,38.14,sim,sim,não,não
122,4.07,1,1702.78,382.34,2428.68,1478.49,0.9,33.56,sim,sim,não,não
122,4.07,2,2746.8,328.6,3162.92,1793.29,0.84,38.11,sim,sim,não,não
122,4.07,3,1103.9,385.16,1456.41,957.03,0.87,28.65,sim,sim,indefinido,indefinido
122,4.07,4,55.69,727.18,521.58,1491.28,0.8,26.98,indefinido,indefinido,indefinido,indefinido
122,4.07,5,1690.67,416.56,1787.93,573.04,0.34,7.7,indefinido,indefinido,indefinido,indefinido
122,4.07,11,3027.89,347.28,3346.15,1691.35,0.47,37.77,sim,sim,não,não
122,4.07,12,408.48,0.0,574.47,317.78,0.55,0.0,indefinido,indefinido,indefinido,indefinido
123,4.1,1,1703.36,383.72,2428.46,1478.65,0.9,33.61,sim,sim,não,não
123,4.1,2,2747.68,329.22,3162.75,1792.9,0.85,38.81,sim,sim,não,não
123,4.1,3,1104.61,385.8,1456.32,956.84,0.87,28.64,sim,sim,indefinido,indefinido
123,4.1,4,52.11,727.85,523.1,1504.34,0.82,27.08,indefinido,indefinido,indefinido,indefinido
123,4.1,5,1689.73,417.2,1787.43,575.44,0.34,7.5,indefinido,indefinido,indefinido,indefinido
123,4.1,11,3032.06,347.06,3349.11,1691.96,0.4,37.16,sim,sim,não,não
123,4.1,12,409.99,0.0,576.06,318.07,0.53,0.0,indefinido,indefinido,indefinido,indefinido
124,4.13,1,1702.84,384.08,2428.11,1479.59,0.9,33.52,sim,sim,não,não
124,4.13,2,2748.9,329.99,3163.28,1792.96,0.84,38.69,sim,sim,não,não
124,4.13,3,1104.89,385.93,1456.29,956.94,0.86,28.58,sim,sim,indefinido,indefinido
124,4.13,4,51.37,728.25,522.96,1509.39,0.83,27.17,indefinido,indefinido,indefinido,indefinido
124,4.13,5,1691.43,417.53,1785.18,570.04,0.29,7.31,indefinido,indefinido,indefinido,indefinido
124,4.13,11,3025.46,335.55,3358.76,1770.26,0.28,37.0,sim,sim,não,não
124,4.13,12,411.0,0.0,576.93,318.08,0.47,0.0,indefinido,indefinido,indefinido,indefinido
125,4.17,1,1698.75,384.73,2425.12,1482.01,0.9,33.71,sim,sim,não,não
125,4.17,2,2749.65,330.54,3163.65,1793.43,0.83,39.28,sim,sim,não,não
125,4.17,3,1105.29,386.34,1456.1,956.38,0.86,28.41,sim,sim,indefinido,indefinido
125,4.17,4,51.05,729.08,521.62,1511.77,0.81,27.05,indefinido,indefinido,indefinido,indefinido
125,4.17,5,1690.91,417.68,1785.44,573.03,0.28,7.24,indefinido,indefinido,indefinido,indefinido
125,4.17,11,3033.13,341.55,3352.61,1720.23,0.47,36.95,sim,sim,não,não
125,4.17,12,410.43,0.0,576.56,318.94,0.47,0.0,indefinido,indefinido,indefinido,indefinido
126,4.2,1,1696.74,385.12,2422.97,1482.33,0.9,33.71,sim,sim,não,não
126,4.2,2,2749.01,331.67,3162.97,1794.82,0.83,39.38,sim,sim,não,não
126,4.2,3,1105.2,386.84,1455.47,955.55,0.86,28.19,sim,sim,indefinido,indefinido
126,4.2,4,52.62,729.64,517.86,1505.46,0.76,26.96,indefinido,indefinido,indefinido,indefinido
126,4.2,5,1691.68,418.03,1785.68,574.19,0.24,7.19,indefinido,indefinido,indefinido,indefinido
126,4.2,11,3038.22,343.47,3345.84,1669.34,0.42,36.75,sim,sim,não,não
126,4.2,12,409.5,0.0,575.53,319.28,0.37,0.0,indefinido,indefinido,indefinido,indefinido
127,4.23,1,1696.83,385.61,2422.37,1481.54,0.9,33.59,sim,sim,não,não
127,4.23,2,2748.33,331.64,3162.25,1794.95,0.84,39.34,sim,sim,não,não
127,4.23,3,1104.78,386.84,1455.31,955.63,0.86,28.19,sim,sim,indefinido,indefinido
127,4.23,4,56.38,730.23,511.63,1489.45,0.69,26.99,indefinido,indefinido,indefinido,indefinido
127,4.23,5,1689.98,418.09,1788.2,584.15,0.27,7.18,indefinido,indefinido,indefinido,indefinido
127,4.23,11,3039.87,344.66,3337.72,1624.55,0.43,36.6,sim,sim,não,não
127,4.23,12,409.84,0.0,575.39,319.22,0.34,0.0,indefinido,indefinido,indefinido,indefinido
128,4.27,1,1698.73,385.89,2424.37,1482.09,0.9,33.46,sim,sim,não,não
128,4.27,2,2748.28,331.34,3162.39,1794.86,0.84,39.23,sim,sim,não,não
128,4.27,3,1104.26,386.67,1454.63,955.03,0.86,28.13,sim,sim,indefinido,indefinido
128,4.27,4,58.82,730.56,508.75,1480.26,0.69,27.08,indefinido,indefinido,indefinido,indefinido
128,4.27,5,1688.89,418.25,1790.17,593.04,0.28,7.06,indefinido,indefinido,indefinido,indefinido
128,4.27,11,3038.4,344.85,3334.44,1618.6,0.41,36.49,sim,sim,não,não
128,4.27,12,410.9,0.0,575.75,318.99,0.27,0.0,indefinido,indefinido,indefinido,indefinido
129,4.3,1,1699.53,385.81,2424.85,1481.41,0.9,33.61,sim,sim,não,não
129,4.3,2,2747.96,329.76,3162.35,1794.14,0.84,39.23,sim,sim,não,não
129,4.3,3,1103.88,386.78,1453.84,954.26,0.86,28.15,sim,sim,indefinido,indefinido
129,4.3,4,61.62,730.44,510.37,1476.51,0.72,26.99,indefinido,indefinido,indefinido,indefinido
129,4.3,5,1689.63,418.33,1790.21,594.71,0.24,7.28,indefinido,indefinido,indefinido,indefinido
129,4.3,11,3029.7,344.18,3329.08,1646.52,0.38,36.2,sim,sim,não,não
129,4.3,12,410.62,0.0,574.93,318.98,0.13,0.0,indefinido,indefinido,indefinido,indefinido
130,4.33,1,1698.8,385.6,2425.45,1483.44,0.9,33.64,sim,sim,não,não
130,4.33,2,2748.09,329.09,3162.86,1794.61,0.83,38.95,sim,sim,não,não
130,4.33,3,1103.42,386.89,1452.67,952.85,0.86,28.27,sim,sim,indefinido,indefinido
130,4.33,4,65.4,730.62,502.51,1454.24,0.73,26.77,indefinido,indefinido,indefinido,indefinido
130,4.33,5,1692.7,419.13,1789.05,589.87,0.2,7.52,indefinido,indefinido,indefinido,indefinido
130,4.33,11,3027.98,344.08,3324.17,1639.56,0.44,36.22,sim,sim,não,não
131,4.37,1,1698.42,385.5,2426.1,1485.66,0.9,33.9,sim,sim,não,não
131,4.37,2,2748.27,328.85,3163.39,1794.5,0.83,37.27,sim,sim,não,não
131,4.37,3,1103.06,387.48,1452.96,953.96,0.85,28.47,sim,sim,indefinido,indefinido
131,4.37,4,69.91,731.35,495.1,1430.42,0.76,26.6,indefinido,indefinido,indefinido,indefinido
131,4.37,5,1692.87,420.08,1788.56,591.51,0.25,7.39,indefinido,indefinido,indefinido,indefinido
131,4.37,11,3024.02,344.29,3317.9,1633.6,0.54,36.35,sim,sim,não,não
132,4.4,1,1697.43,385.59,2425.14,1486.18,0.9,33.74,sim,sim,não,não
132,4.4,2,2749.49,328.92,3165.64,1794.8,0.83,38.57,sim,sim,não,não
132,4.4,3,1102.36,388.17,1453.06,955.58,0.85,28.43,sim,sim,indefinido,indefinido
132,4.4,4,68.99,732.05,494.74,1428.88,0.78,26.53,indefinido,indefinido,indefinido,indefinido
132,4.4,5,1693.35,421.49,1787.55,591.67,0.24,7.3,indefinido,indefinido,indefinido,indefinido
132,4.4,11,3023.22,345.13,3312.86,1618.55,0.55,36.51,sim,sim,não,não
133,4.43,1,1696.67,386.58,2424.19,1486.57,0.9,33.79,sim,sim,não,não
133,4.43,2,2745.42,330.32,3161.36,1794.63,0.85,39.82,sim,sim,não,não
133,4.43,3,1101.0,387.76,1452.84,956.63,0.85,28.66,sim,sim,indefinido,indefinido
133,4.43,4,66.5,732.82,492.01,1426.81,0.74,26.44,indefinido,indefinido,indefinido,indefinido
133,4.43,5,1692.66,422.11,1786.76,593.59,0.33,6.67,indefinido,indefinido,indefinido,indefinido
133,4.43,11,3025.19,344.91,3313.94,1619.62,0.46,36.72,sim,sim,não,não
134,4.47,1,1696.46,388.49,2422.96,1486.5,0.9,33.12,sim,sim,não,não
134,4.47,2,2742.88,331.36,3158.5,1794.63,0.85,39.43,sim,sim,não,não
134,4.47,3,1100.54,388.1,1453.13,957.73,0.85,28.68,sim,sim,indefinido,indefinido
134,4.47,4,66.11,733.46,486.87,1416.77,0.71,26.55,indefinido,indefinido,indefinido,indefinido
134,4.47,5,1692.88,422.14,1785.07,591.16,0.31,6.48,indefinido,indefinido,indefinido,indefinido
134,4.47,11,3028.62,344.77,3312.72,1598.86,0.45,36.73,sim,sim,não,não
135,4.5,1,1696.15,389.61,2421.86,1485.96,0.9,6.44,sim,sim,indefinido,não
135,4.5,2,2741.19,332.01,3156.57,1794.14,0.85,38.72,sim,sim,não,não
135,4.5,3,1100.9,389.02,1453.36,958.08,0.85,28.59,sim,sim,indefinido,indefinido
135,4.5,4,66.07,733.59,481.86,1405.72,0.61,26.62,indefinido,indefinido,indefinido,indefinido
135,4.5,5,1691.4,421.99,1783.67,592.19,0.36,6.8,indefinido,indefinido,indefinido,indefinido
135,4.5,11,3030.0,344.23,3310.99,1590.12,0.41,36.97,sim,sim,não,não
136,4.53,1,1693.64,389.96,2419.04,1485.38,0.9,6.63,sim,sim,indefinido,não
136,4.53,2,2740.56,332.11,3155.76,1793.67,0.86,38.26,sim,sim,não,não
136,4.53,3,1101.14,389.62,1453.98,958.85,0.84,28.54,sim,sim,indefinido,indefinido
136,4.53,4,63.78,733.77,483.25,1410.03,0.61,26.7,indefinido,indefinido,indefinido,indefinido
136,4.53,5,1688.94,421.3,1782.66,595.54,0.42,6.79,indefinido,indefinido,indefinido,indefinido
136,4.53,11,3031.0,343.04,3304.57,1565.22,0.43,37.03,sim,sim,não,não
137,4.57,1,1692.7,390.64,2418.0,1485.42,0.9,32.81,sim,sim,não,não
137,4.57,2,2739.54,332.67,3154.63,1793.21,0.86,37.37,sim,sim,não,não
137,4.57,3,1100.71,390.41,1453.68,958.8,0.84,28.66,sim,sim,indefinido,indefinido
137,4.57,4,61.23,733.78,485.62,1416.6,0.54,26.84,indefinido,indefinido,indefinido,indefinido
137,4.57,5,1687.33,421.41,1783.14,601.22,0.45,6.65,indefinido,indefinido,indefinido,indefinido
137,4.57,11,3032.82,341.42,3302.5,1553.6,0.4,36.98,sim,sim,não,não
138,4.6,1,1692.46,391.3,2417.69,1485.69,0.9,32.74,sim,sim,não,não
138,4.6,2,2739.1,333.05,3154.31,1793.38,0.86,38.74,sim,sim,não,não
138,4.6,3,1099.57,390.76,1453.47,959.47,0.84,28.68,sim,sim,indefinido,indefinido
138,4.6,4,45.51,733.79,498.84,1468.99,0.26,26.92,indefinido,indefinido,indefinido,indefinido
138,4.6,5,1686.07,421.97,1783.19,606.17,0.44,6.58,indefinido,indefinido,indefinido,indefinido
138,4.6,11,3035.66,341.89,3298.5,1524.96,0.53,36.99,sim,sim,não,não
138,4.6,12,399.24,0.02,565.94,320.63,0.5,0.0,indefinido,indefinido,indefinido,indefinido
139,4.63,1,1692.28,391.43,2417.49,1485.55,0.91,32.63,sim,sim,não,não
139,4.63,2,2738.59,334.09,3153.64,1793.26,0.87,38.26,sim,sim,não,não
139,4.63,3,1098.86,391.45,1453.34,960.13,0.84,28.6,sim,sim,indefinido,indefinido
139,4.63,4,38.71,733.83,505.82,1497.76,0.29,27.01,indefinido,indefinido,indefinido,indefinido
139,4.63,5,1685.09,422.56,1784.53,613.26,0.45,6.78,indefinido,indefinido,indefinido,indefinido
139,4.63,11,3037.36,342.12,3298.59,1518.31,0.53,36.89,sim,sim,não,não
139,4.63,12,397.22,0.01,565.73,321.06,0.48,0.0,indefinido,indefinido,indefinido,indefinido
140,4.67,1,1692.18,391.58,2417.44,1485.49,0.9,32.69,sim,sim,não,não
140,4.67,2,2737.64,334.8,3152.56,1793.63,0.87,36.04,sim,sim,não,não
140,4.67,3,1098.14,391.92,1453.0,960.94,0.84,28.41,sim,sim,indefinido,indefinido
140,4.67,4,39.53,734.12,505.48,1500.79,0.3,27.04,indefinido,indefinido,indefinido,indefinido
140,4.67,5,1685.52,423.01,1785.77,617.58,0.43,6.87,indefinido,indefinido,indefinido,indefinido
140,4.67,11,3040.86,343.39,3303.63,1519.83,0.55,36.77,sim,sim,não,não
140,4.67,12,395.11,0.01,565.02,320.8,0.46,0.0,indefinido,indefinido,indefinido,indefinido
141,4.7,1,1692.09,391.99,2417.18,1485.28,0.9,32.64,sim,sim,não,não
141,4.7,2,2736.22,335.52,3151.02,1794.08,0.86,37.31,sim,sim,não,não
141,4.7,3,1097.77,392.28,1452.3,960.71,0.84,28.32,sim,sim,indefinido,indefinido
141,4.7,4,39.98,734.24,506.61,1506.6,0.52,27.11,indefinido,indefinido,indefinido,indefinido
141,4.7,5,1686.24,423.9,1786.27,620.45,0.42,6.92,indefinido,indefinido,indefinido,indefinido
141,4.7,11,3042.42,343.83,3318.55,1574.45,0.51,36.47,sim,sim,não,não
141,4.7,12,395.17,0.01,565.9,321.15,0.49,0.0,indefinido,indefinido,indefinido,indefinido
142,4.73,1,1692.19,392.54,2417.02,1484.94,0.9,32.56,sim,sim,não,não
142,4.73,2,2735.61,336.31,3150.24,1794.91,0.85,47.47,sim,sim,não,não
142,4.73,3,1096.73,392.71,1450.36,959.89,0.84,27.99,sim,sim,indefinido,indefinido
142,4.73,4,40.64,734.1,506.69,1509.81,0.51,27.03,indefinido,indefinido,indefinido,indefinido
142,4.73,5,1687.25,424.39,1786.65,622.67,0.41,0.0,indefinido,indefinido,indefinido,indefinido
142,4.73,11,3040.31,344.16,3323.04,1599.02,0.52,36.17,sim,sim,não,não
142,4.73,12,395.4,0.01,566.29,320.98,0.5,0.0,indefinido,indefinido,indefinido,indefinido
143,4.77,1,1692.62,392.99,2417.31,1484.76,0.9,32.72,sim,sim,não,não
143,4.77,2,2735.39,336.51,3149.97,1795.22,0.85,47.69,sim,sim,não,não
143,4.77,3,1096.1,392.93,1449.18,959.57,0.84,27.99,sim,sim,indefinido,indefinido
143,4.77,4,45.39,733.84,502.57,1496.47,0.64,26.97,indefinido,indefinido,indefinido,indefinido
143,4.77,5,1686.57,424.57,1785.02,623.05,0.43,7.53,indefinido,indefinido,indefinido,indefinido
143,4.77,11,3038.76,344.24,3324.52,1604.35,0.56,36.18,sim,sim,não,não
143,4.77,12,396.11,0.01,566.79,321.11,0.5,0.0,indefinido,indefinido,indefinido,indefinido
144,4.8,1,1693.19,393.47,2417.27,1484.11,0.9,32.77,sim,sim,não,não
144,4.8,2,2735.04,335.89,3149.54,1795.16,0.86,47.71,sim,sim,não,não
144,4.8,3,1095.38,393.15,1448.01,959.17,0.84,27.93,sim,sim,indefinido,indefinido
144,4.8,4,55.21,733.54,492.85,1460.8,0.69,26.95,indefinido,indefinido,indefinido,indefinido
144,4.8,5,1679.86,422.93,1783.7,633.13,0.44,7.44,indefinido,indefinido,indefinido,indefinido
144,4.8,11,3030.93,344.1,3323.23,1637.66,0.48,36.05,sim,sim,não,não
144,4.8,12,396.56,0.01,567.07,321.24,0.46,0.0,indefinido,indefinido,indefinido,indefinido
145,4.83,1,1689.86,392.97,2415.43,1484.24,0.9,32.78,sim,sim,não,não
145,4.83,2,2735.31,334.79,3149.98,1795.31,0.86,47.87,sim,sim,não,não
145,4.83,3,1095.34,393.71,1447.54,959.34,0.84,28.28,sim,sim,indefinido,indefinido
145,4.83,4,58.86,732.91,490.08,1447.05,0.76,27.01,indefinido,indefinido,indefinido,indefinido
145,4.83,5,1673.73,422.85,1780.67,638.44,0.45,7.78,indefinido,indefinido,indefinido,indefinido
145,4.83,11,3028.79,349.62,3310.42,1595.41,0.48,35.94,sim,sim,não,não
145,4.83,12,395.48,0.01,566.22,321.92,0.36,0.0,indefinido,indefinido,indefinido,indefinido
146,4.87,1,1690.35,393.32,2416.97,1484.81,0.9,32.18,sim,sim,não,não
146,4.87,2,2734.91,333.46,3149.93,1795.32,0.86,48.38,sim,sim,não,não
146,4.87,3,1094.74,394.49,1446.32,959.46,0.84,28.26,sim,sim,indefinido,indefinido
146,4.87,4,56.58,732.62,492.8,1454.51,0.77,27.06,indefinido,indefinido,indefinido,indefinido
146,4.87,5,1670.25,422.62,1778.78,640.31,0.45,7.68,indefinido,indefinido,indefinido,indefinido
146,4.87,11,3034.99,351.58,3304.81,1536.39,0.47,35.93,sim,sim,não,não
146,4.87,12,394.55,0.01,565.27,322.29,0.14,0.0,indefinido,indefinido,indefinido,indefinido
147,4.9,1,1688.71,393.78,2415.49,1484.16,0.9,32.66,sim,sim,não,não
147,4.9,2,2734.54,332.44,3150.03,1795.83,0.85,41.64,sim,sim,não,não
147,4.9,3,1094.45,394.88,1445.72,959.43,0.84,28.35,sim,sim,indefinido,indefinido
147,4.9,4,55.34,732.78,494.19,1458.5,0.78,26.97,indefinido,indefinido,indefinido,indefinido
147,4.9,5,1674.97,424.48,1778.02,630.92,0.45,7.56,indefinido,indefinido,indefinido,indefinido
147,4.9,11,3036.12,351.42,3300.5,1507.08,0.51,35.87,sim,sim,não,não
148,4.93,1,1688.32,395.01,2415.01,1484.12,0.9,32.84,sim,sim,não,não
148,4.93,2,2734.02,332.27,3149.57,1795.71,0.86,48.23,sim,sim,não,não
148,4.93,3,1093.87,395.02,1444.89,959.2,0.84,28.48,sim,sim,indefinido,indefinido
148,4.93,4,54.27,733.09,494.79,1461.23,0.8,26.89,indefinido,indefinido,indefinido,indefinido
148,4.93,5,1678.9,424.78,1778.6,624.92,0.44,7.22,indefinido,indefinido,indefinido,indefinido
148,4.93,11,3045.76,352.74,3292.92,1406.68,0.53,35.82,sim,sim,não,não
149,4.97,1,1688.52,395.88,2414.73,1483.34,0.9,32.8,sim,sim,não,não
149,4.97,2,2732.91,331.92,3148.61,1795.59,0.85,48.2,sim,sim,não,não
149,4.97,3,1093.57,395.08,1444.67,959.14,0.84,28.52,sim,sim,indefinido,indefinido
149,4.97,4,48.73,733.44,499.03,1479.85,0.81,26.77,indefinido,indefinido,indefinido,indefinido
149,4.97,5,1674.1,423.03,1781.21,638.66,0.43,7.11,indefinido,indefinido,indefinido,indefinido
149,4.97,11,3061.69,353.27,3287.1,1272.98,0.55,35.73,sim,sim,não,não
150,5.0,1,1688.27,395.97,2414.97,1483.25,0.9,32.41,sim,sim,não,não
150,5.0,2,2732.79,331.66,3148.49,1795.41,0.85,48.24,sim,sim,não,não
150,5.0,3,1092.94,395.1,1444.02,958.87,0.84,28.56,sim,sim,indefinido,indefinido
150,5.0,4,51.41,733.72,495.04,1468.4,0.8,26.78,indefinido,indefinido,indefinido,indefinido
150,5.0,5,1672.62,422.54,1780.35,638.9,0.43,7.15,indefinido,indefinido,indefinido,indefinido
150,5.0,11,3075.45,354.14,3281.6,1145.03,0.6,35.84,sim,sim,não,não
151,5.03,1,1687.53,395.89,2415.16,1483.9,0.9,31.28,sim,sim,indefinido,não
151,5.03,2,2732.12,331.87,3147.83,1795.57,0.85,48.25,sim,sim,não,não
151,5.03,3,1092.31,395.13,1443.79,959.52,0.84,28.7,sim,sim,indefinido,indefinido
151,5.03,4,56.35,734.06,490.02,1449.35,0.8,26.68,indefinido,indefinido,indefinido,indefinido
151,5.03,5,1670.92,422.51,1779.61,640.1,0.44,7.15,indefinido,indefinido,indefinido,indefinido
151,5.03,11,3079.34,354.63,3282.5,1092.84,0.64,35.88,sim,sim,não,não
152,5.07,1,1687.3,395.95,2414.93,1483.4,0.9,31.59,sim,sim,indefinido,não
152,5.07,2,2731.66,331.68,3147.4,1795.39,0.86,48.27,sim,sim,não,não
152,5.07,3,1092.43,395.46,1443.78,959.79,0.84,28.73,sim,sim,indefinido,indefinido
152,5.07,4,57.05,734.54,489.63,1445.71,0.8,26.73,indefinido,indefinido,indefinido,indefinido
152,5.07,5,1669.7,422.61,1779.78,642.8,0.46,7.21,indefinido,indefinido,indefinido,indefinido
152,5.07,11,3077.64,355.35,3285.99,1078.93,0.65,35.77,sim,sim,não,não
153,5.1,1,1687.24,396.0,2415.14,1483.24,0.9,32.34,sim,sim,não,não
153,5.1,2,2731.46,331.32,3147.29,1795.48,0.85,48.38,sim,sim,não,não
153,5.1,3,1092.39,395.36,1443.82,960.11,0.84,28.61,sim,sim,indefinido,indefinido
153,5.1,4,57.13,734.74,489.8,1443.66,0.81,26.71,indefinido,indefinido,indefinido,indefinido
153,5.1,5,1668.14,422.96,1778.82,643.62,0.47,7.39,indefinido,indefinido,indefinido,indefinido
153,5.1,11,3073.23,355.7,3289.4,1077.59,0.63,35.7,sim,sim,não,não
154,5.13,1,1687.54,396.2,2414.94,1482.04,0.89,32.36,sim,sim,não,não
154,5.13,2,2731.67,331.62,3147.44,1795.73,0.85,49.16,sim,sim,não,não
154,5.13,3,1092.34,395.15,1443.96,960.4,0.83,28.51,sim,sim,indefinido,indefinido
154,5.13,4,57.2,735.05,489.91,1441.64,0.81,26.66,indefinido,indefinido,indefinido,indefinido
154,5.13,5,1665.89,423.52,1777.96,645.92,0.46,7.61,indefinido,indefinido,indefinido,indefinido
154,5.13,11,3069.12,356.02,3293.52,1078.35,0.63,35.46,sim,sim,não,não
155,5.17,1,1687.6,395.98,2415.4,1482.08,0.89,32.51,sim,sim,não,não
155,5.17,2,2732.17,332.19,3147.49,1795.46,0.85,48.84,sim,sim,não,não
155,5.17,3,1092.98,395.08,1444.83,960.95,0.83,28.52,sim,sim,indefinido,indefinido
155,5.17,4,53.77,735.14,493.9,1453.19,0.8,26.73,indefinido,indefinido,indefinido,indefinido
155,5.17,5,1664.6,423.22,1776.7,643.7,0.42,7.72,indefinido,indefinido,indefinido,indefinido
155,5.17,11,3057.23,356.19,3300.19,1121.11,0.56,35.43,sim,sim,não,não
156,5.2,1,1686.87,395.67,2415.78,1483.41,0.89,32.63,sim,sim,não,não
156,5.2,2,2732.54,332.23,3147.63,1795.18,0.85,49.69,sim,sim,não,não
156,5.2,3,1093.24,394.95,1445.23,961.35,0.84,27.79,sim,sim,indefinido,indefinido
156,5.2,4,49.34,735.27,499.3,1470.36,0.8,26.72,indefinido,indefinido,indefinido,indefinido
156,5.2,5,1664.57,423.85,1776.21,642.01,0.45,7.87,indefinido,indefinido,indefinido,indefinido
156,5.2,11,3047.05,357.3,3279.71,1075.98,0.37,35.42,sim,sim,não,não
157,5.23,1,1686.21,395.44,2415.46,1483.5,0.9,32.82,sim,sim,não,não
157,5.23,2,2732.04,332.75,3146.93,1794.87,0.86,49.38,sim,sim,não,não
157,5.23,3,1093.31,394.86,1445.4,961.67,0.84,27.87,sim,sim,indefinido,indefinido
157,5.23,4,46.01,735.79,503.3,1484.83,0.79,27.12,indefinido,indefinido,indefinido,indefinido
157,5.23,5,1663.93,425.53,1775.25,641.42,0.48,8.11,indefinido,indefinido,indefinido,indefinido
157,5.23,11,3045.1,357.8,3275.19,1054.56,0.34,35.27,sim,sim,não,não
158,5.27,1,1686.3,395.4,2415.46,1483.39,0.89,32.96,sim,sim,não,não
158,5.27,2,2731.24,332.61,3146.41,1795.15,0.86,49.22,sim,sim,não,não
158,5.27,3,1092.88,395.07,1444.68,961.58,0.84,27.96,sim,sim,indefinido,indefinido
158,5.27,4,42.3,736.09,506.36,1499.57,0.8,27.22,indefinido,indefinido,indefinido,indefinido
158,5.27,5,1663.32,426.62,1775.57,643.26,0.5,8.48,indefinido,indefinido,indefinido,indefinido
158,5.27,11,3041.92,358.01,3280.19,1070.14,0.31,35.04,sim,sim,não,não
159,5.3,1,1685.89,395.18,2414.84,1482.93,0.89,33.04,sim,sim,não,não
159,5.3,2,2730.77,332.92,3146.23,1795.95,0.85,49.14,sim,sim,não,não
159,5.3,3,1092.27,395.59,1444.01,962.03,0.84,27.99,sim,sim,indefinido,indefinido
159,5.3,4,40.28,736.56,507.03,1508.47,0.79,27.14,indefinido,indefinido,indefinido,indefinido
159,5.3,5,1662.46,427.32,1777.7,650.24,0.51,8.83,indefinido,indefinido,indefinido,indefinido
159,5.3,11,3041.9,358.24,3270.55,1029.59,0.35,34.92,sim,sim,não,não
160,5.33,1,1685.67,394.93,2414.6,1482.87,0.89,33.12,sim,sim,não,não
160,5.33,2,2730.56,333.45,3145.98,1796.08,0.85,47.86,sim,sim,não,não
160,5.33,3,1092.0,395.8,1443.78,962.06,0.83,28.03,sim,sim,indefinido,indefinido
160,5.33,4,41.62,736.21,504.49,1504.77,0.78,27.17,indefinido,indefinido,indefinido,indefinido
160,5.33,5,1665.45,426.94,1779.14,648.06,0.49,8.46,indefinido,indefinido,indefinido,indefinido
160,5.33,11,3036.37,358.31,3267.77,1029.14,0.34,34.96,sim,sim,não,não
161,5.37,1,1685.26,394.15,2414.47,1482.78,0.89,33.06,sim,sim,não,não
161,5.37,2,2730.79,334.01,3146.21,1796.16,0.85,47.97,sim,sim,não,não
161,5.37,3,1091.47,396.05,1443.29,962.01,0.83,28.1,sim,sim,indefinido,indefinido
161,5.37,4,46.15,736.15,499.3,1489.45,0.77,27.15,indefinido,indefinido,indefinido,indefinido
161,5.37,5,1667.9,428.11,1781.43,651.26,0.5,8.26,indefinido,indefinido,indefinido,indefinido
161,5.37,11,3033.16,358.37,3264.16,1019.9,0.32,34.99,sim,sim,não,não
162,5.4,1,1685.25,393.89,2413.85,1481.75,0.89,33.01,sim,sim,não,não
162,5.4,2,2730.43,334.11,3146.14,1796.42,0.85,47.8,sim,sim,não,não
162,5.4,3,1091.42,395.77,1443.69,961.91,0.83,28.19,sim,sim,indefinido,indefinido
162,5.4,4,49.83,735.49,493.02,1472.0,0.75,27.23,indefinido,indefinido,indefinido,indefinido
162,5.4,5,1674.99,428.32,1776.45,627.13,0.51,8.4,indefinido,indefinido,indefinido,indefinido
162,5.4,11,3008.66,357.55,3322.69,1273.06,0.53,34.92,sim,sim,não,não
163,5.43,1,1685.85,394.4,2413.29,1480.34,0.89,32.83,sim,sim,não,não
163,5.43,2,2730.28,333.91,3146.12,1796.5,0.85,47.71,sim,sim,não,não
163,5.43,3,1090.9,395.39,1443.63,961.96,0.82,28.21,sim,sim,indefinido,indefinido
163,5.43,4,52.22,735.06,488.94,1459.9,0.73,27.27,indefinido,indefinido,indefinido,indefinido
163,5.43,5,1677.25,428.3,1773.44,615.54,0.47,8.23,indefinido,indefinido,indefinido,indefinido
163,5.43,11,3009.83,357.18,3332.93,1307.65,0.55,34.79,sim,sim,não,não
164,5.47,1,1685.94,393.78,2413.45,1479.78,0.89,32.35,sim,sim,não,não
164,5.47,2,2730.04,334.13,3145.91,1796.49,0.85,47.51,sim,sim,não,não
164,5.47,3,1090.44,394.85,1443.63,962.17,0.82,28.23,sim,sim,indefinido,indefinido
164,5.47,4,53.36,734.63,485.92,1451.38,0.69,27.29,indefinido,indefinido,indefinido,indefinido
164,5.47,5,1674.82,429.5,1777.83,630.93,0.48,0.0,indefinido,indefinido,indefinido,indefinido
164,5.47,11,3023.0,356.61,3326.78,1247.57,0.56,34.87,sim,sim,não,não
165,5.5,1,1685.52,393.8,2412.75,1479.08,0.89,32.38,sim,sim,não,não
165,5.5,2,2729.51,334.26,3145.59,1796.69,0.85,47.68,sim,sim,não,não
165,5.5,3,1090.39,394.73,1443.82,962.52,0.82,28.26,sim,sim,indefinido,indefinido
165,5.5,4,53.86,734.57,485.2,1448.1,0.68,27.3,indefinido,indefinido,indefinido,indefinido
165,5.5,5,1672.94,429.11,1776.21,631.45,0.48,8.82,indefinido,indefinido,indefinido,indefinido
165,5.5,11,3029.25,356.62,3320.9,1208.57,0.55,34.9,sim,sim,não,não
166,5.53,1,1684.38,393.68,2412.39,1479.97,0.89,32.4,sim,sim,não,não
166,5.53,2,2729.32,334.57,3145.47,1796.88,0.85,47.51,sim,sim,não,não
166,5.53,3,1090.17,394.67,1443.53,962.52,0.82,28.92,sim,sim,indefinido,indefinido
166,5.53,4,53.2,734.48,486.28,1450.12,0.69,27.03,indefinido,indefinido,indefinido,indefinido
166,5.53,5,1673.83,427.89,1776.93,630.82,0.48,8.77,indefinido,indefinido,indefinido,indefinido
166,5.53,11,3040.42,356.99,3302.19,1109.45,0.58,34.95,sim,sim,não,não
167,5.57,1,1683.13,394.09,2412.61,1482.44,0.9,32.2,sim,sim,não,não
167,5.57,2,2729.66,334.95,3145.99,1797.54,0.84,47.57,sim,sim,não,não
167,5.57,3,1089.78,394.85,1443.28,963.43,0.82,28.94,sim,sim,indefinido,indefinido
167,5.57,4,53.32,734.9,486.94,1450.48,0.66,27.04,indefinido,indefinido,indefinido,indefinido
167,5.57,5,1675.52,427.56,1776.18,625.88,0.5,9.65,indefinido,indefinido,indefinido,indefinido
167,5.57,11,3047.03,357.35,3290.78,1046.0,0.62,35.04,sim,sim,não,não
168,5.6,1,1682.39,394.69,2412.3,1483.69,0.9,32.15,sim,sim,não,não
168,5.6,2,2730.82,334.97,3147.3,1797.83,0.83,47.85,sim,sim,não,não
168,5.6,3,1089.51,395.02,1442.67,963.75,0.82,28.93,sim,sim,indefinido,indefinido
168,5.6,4,53.65,735.14,486.48,1448.2,0.73,26.94,indefinido,indefinido,indefinido,indefinido
168,5.6,5,1673.68,426.5,1779.06,636.0,0.42,9.93,indefinido,indefinido,indefinido,indefinido
168,5.6,11,3051.86,357.65,3293.12,1027.05,0.64,35.09,sim,sim,não,não
169,5.63,1,1681.99,395.39,2411.79,1484.14,0.9,32.05,sim,sim,não,não
169,5.63,2,2731.96,336.72,3148.81,1798.84,0.82,47.91,sim,sim,não,não
169,5.63,3,1089.25,395.26,1441.67,963.51,0.82,28.89,sim,sim,indefinido,indefinido
169,5.63,4,53.17,735.26,487.31,1449.44,0.76,26.97,indefinido,indefinido,indefinido,indefinido
169,5.63,5,1672.54,425.56,1781.98,645.94,0.42,8.97,indefinido,indefinido,indefinido,indefinido
169,5.63,11,3045.5,357.77,3306.31,1075.67,0.6,35.1,sim,sim,não,não
170,5.67,1,1681.45,396.66,2410.9,1484.48,0.9,32.05,sim,sim,não,não
170,5.67,2,2731.22,335.61,3148.74,1798.9,0.82,47.71,sim,sim,não,não
170,5.67,3,1088.85,395.32,1440.55,963.29,0.83,28.88,sim,sim,indefinido,indefinido
170,5.67,4,53.63,735.73,487.22,1447.35,0.77,26.94,indefinido,indefinido,indefinido,indefinido
170,5.67,5,1673.64,425.5,1781.37,644.05,0.41,8.95,indefinido,indefinido,indefinido,indefinido
170,5.67,11,3045.6,357.86,3311.38,1081.73,0.62,35.09,sim,sim,não,não
171,5.7,1,1680.54,397.01,2410.63,1485.45,0.9,32.15,sim,sim,não,não
171,5.7,2,2731.25,335.43,3149.3,1798.97,0.82,47.59,sim,sim,não,não
171,5.7,3,1088.57,395.4,1439.43,962.84,0.82,28.87,sim,sim,indefinido,indefinido
171,5.7,4,52.36,735.13,487.58,1448.56,0.8,27.06,indefinido,indefinido,indefinido,indefinido
171,5.7,5,1674.41,426.23,1780.49,642.41,0.44,8.88,indefinido,indefinido,indefinido,indefinido
171,5.7,11,3047.3,358.28,3312.42,1072.07,0.64,35.13,sim,sim,não,não
172,5.73,1,1679.78,397.13,2410.14,1485.59,0.9,32.2,sim,sim,não,não
172,5.73,2,2729.76,335.49,3148.06,1798.59,0.84,47.56,sim,sim,não,não
172,5.73,3,1088.8,395.67,1438.74,962.28,0.82,28.87,sim,sim,indefinido,indefinido
172,5.73,4,54.22,735.12,485.56,1439.87,0.82,27.03,indefinido,indefinido,indefinido,indefinido
172,5.73,5,1674.26,426.67,1779.88,642.49,0.41,9.04,indefinido,indefinido,indefinido,indefinido
172,5.73,11,3045.4,358.89,3316.09,1081.69,0.62,35.22,sim,sim,não,não
173,5.77,1,1679.22,396.87,2409.64,1485.23,0.9,32.47,sim,sim,não,não
173,5.77,2,2729.18,335.52,3147.94,1798.47,0.83,47.52,sim,sim,não,não
173,5.77,3,1088.25,396.1,1437.76,962.6,0.82,28.81,sim,sim,indefinido,indefinido
173,5.77,4,55.52,735.03,483.27,1431.31,0.82,26.96,indefinido,indefinido,indefinido,indefinido
173,5.77,5,1675.83,428.09,1779.0,639.34,0.42,8.99,indefinido,indefinido,indefinido,indefinido
173,5.77,11,3043.69,359.25,3317.73,1084.68,0.61,35.16,sim,sim,não,não
174,5.8,1,1677.87,396.88,2409.66,1487.02,0.9,32.61,sim,sim,não,não
174,5.8,2,2728.42,335.1,3147.46,1797.85,0.84,47.55,sim,sim,não,não
174,5.8,3,1088.28,396.05,1437.35,962.38,0.82,28.78,sim,sim,indefinido,indefinido
174,5.8,4,55.91,734.45,482.36,1426.32,0.8,27.18,indefinido,indefinido,indefinido,indefinido
174,5.8,5,1671.19,427.61,1782.04,655.72,0.28,8.16,indefinido,indefinido,indefinido,indefinido
174,5.8,11,3040.22,359.76,3320.38,1097.2,0.58,35.15,sim,sim,não,não
175,5.83,1,1677.37,396.95,2410.0,1488.41,0.9,32.62,sim,sim,não,não
175,5.83,2,2728.2,334.56,3147.73,1797.46,0.83,47.51,sim,sim,não,não
175,5.83,3,1088.02,396.28,1436.45,961.95,0.82,28.82,sim,sim,indefinido,indefinido
175,5.83,4,54.93,734.07,481.8,1424.83,0.79,27.19,indefinido,indefinido,indefinido,indefinido
175,5.83,5,1673.06,427.58,1785.41,660.33,0.31,8.21,indefinido,indefinido,indefinido,indefinido
175,5.83,11,3035.28,359.78,3322.9,1115.54,0.59,35.19,sim,sim,não,não
176,5.87,1,1677.35,397.02,2410.05,1488.71,0.89,32.66,sim,sim,não,não
176,5.87,2,2728.66,334.16,3148.69,1797.16,0.83,47.64,sim,sim,não,não
176,5.87,3,1087.8,396.28,1435.84,961.71,0.82,28.77,sim,sim,indefinido,indefinido
176,5.87,4,53.68,734.1,483.75,1428.88,0.77,27.52,indefinido,indefinido,indefinido,indefinido
176,5.87,5,1673.73,427.82,1787.75,666.06,0.33,8.27,indefinido,indefinido,indefinido,indefinido
176,5.87,11,3015.33,359.72,3341.13,1229.08,0.56,35.21,sim,sim,não,não
177,5.9,1,1677.08,396.76,2410.15,1489.38,0.9,32.63,sim,sim,não,não
177,5.9,2,2728.56,333.78,3149.39,1797.45,0.82,47.64,sim,sim,não,não
177,5.9,3,1087.42,396.17,1435.28,961.5,0.82,28.86,sim,sim,indefinido,indefinido
177,5.9,4,51.2,734.12,487.56,1438.96,0.76,27.48,indefinido,indefinido,indefinido,indefinido
177,5.9,5,1678.66,427.99,1782.32,645.25,0.42,8.22,indefinido,indefinido,indefinido,indefinido
177,5.9,11,2991.22,359.19,3362.35,1377.34,0.55,35.32,sim,sim,não,não
178,5.93,1,1677.35,396.48,2410.14,1489.02,0.9,32.6,sim,sim,não,não
178,5.93,2,2727.78,334.08,3148.73,1797.33,0.82,47.47,sim,sim,não,não
178,5.93,3,1087.38,396.2,1434.69,960.77,0.82,28.91,sim,sim,indefinido,indefinido
178,5.93,4,49.49,734.95,490.86,1448.41,0.72,27.53,indefinido,indefinido,indefinido,indefinido
178,5.93,5,1680.28,427.1,1777.72,631.24,0.34,7.99,indefinido,indefinido,indefinido,indefinido
178,5.93,11,2984.33,359.02,3368.83,1440.47,0.54,35.31,sim,sim,não,não
179,5.97,1,1677.96,396.21,2409.51,1487.07,0.9,32.44,sim,sim,não,não
179,5.97,2,2726.28,333.78,3147.04,1796.94,0.82,47.57,sim,sim,não,não
179,5.97,3,1087.42,396.03,1434.33,960.03,0.82,29.04,sim,sim,indefinido,indefinido
179,5.97,4,44.53,735.72,496.03,1468.45,0.72,27.48,indefinido,indefinido,indefinido,indefinido
179,5.97,5,1679.85,426.26,1775.62,626.16,0.33,8.1,indefinido,indefinido,indefinido,indefinido
179,5.97,11,2977.1,358.83,3374.31,1505.72,0.51,35.41,sim,sim,não,não
180,6.0,1,1678.52,395.91,2409.13,1485.55,0.9,32.22,sim,sim,não,não
180,6.0,2,2724.94,333.64,3145.15,1796.63,0.82,47.77,sim,sim,não,não
180,6.0,3,1087.06,395.65,1433.95,959.89,0.81,29.1,sim,sim,indefinido,indefinido
180,6.0,4,41.26,735.95,498.08,1480.74,0.69,27.59,indefinido,indefinido,indefinido,indefinido
180,6.0,5,1676.85,425.61,1773.56,625.74,0.32,8.0,indefinido,indefinido,indefinido,indefinido
180,6.0,11,2968.72,356.92,3382.07,1584.37,0.55,35.51,sim,sim,não,não
181,6.03,1,1679.67,395.82,2408.9,1483.47,0.9,32.2,sim,sim,não,não
181,6.03,2,2724.0,333.55,3143.72,1796.25,0.83,47.66,sim,sim,não,não
181,6.03,3,1086.37,395.37,1433.38,960.1,0.82,28.95,sim,sim,indefinido,indefinido
181,6.03,4,34.84,736.13,499.97,1499.85,0.62,27.65,indefinido,indefinido,indefinido,indefinido
181,6.03,5,1675.8,425.27,1767.67,611.6,0.38,7.95,indefinido,indefinido,indefinido,indefinido
181,6.03,11,2963.96,354.69,3383.9,1638.66,0.51,35.53,sim,sim,não,não
182,6.07,1,1680.92,396.04,2408.8,1481.71,0.9,32.17,sim,sim,não,não
182,6.07,2,2724.62,333.55,3143.82,1796.0,0.83,47.81,sim,sim,não,não
182,6.07,3,1086.06,395.41,1432.84,960.08,0.82,28.89,sim,sim,indefinido,indefinido
182,6.07,4,31.87,736.24,498.84,1508.57,0.58,27.68,indefinido,indefinido,indefinido,indefinido
182,6.07,5,1676.79,425.4,1764.89,600.29,0.41,7.97,indefinido,indefinido,indefinido,indefinido
182,6.07,11,2961.54,349.57,3394.78,1714.73,0.41,35.47,sim,sim,não,não
183,6.1,1,1681.7,396.24,2408.7,1480.62,0.9,32.13,sim,sim,não,não
183,6.1,2,2725.18,329.65,3145.61,1795.57,0.83,47.91,sim,sim,não,não
183,6.1,3,1086.33,395.14,1432.77,959.83,0.82,28.8,sim,sim,indefinido,indefinido
183,6.1,4,30.89,736.28,497.18,1512.72,0.49,27.61,indefinido,indefinido,indefinido,indefinido
183,6.1,5,1678.6,425.76,1765.52,595.43,0.42,8.0,indefinido,indefinido,indefinido,indefinido
183,6.1,11,2972.88,351.0,3392.41,1701.3,0.53,35.63,sim,sim,não,não
184,6.13,1,1682.23,396.2,2408.53,1479.48,0.9,32.61,sim,sim,não,não
184,6.13,2,2725.81,327.7,3146.8,1795.17,0.84,47.95,sim,sim,não,não
184,6.13,3,1086.97,394.75,1432.86,959.52,0.83,28.72,sim,sim,indefinido,indefinido
184,6.13,4,30.58,736.29,494.35,1513.3,0.39,27.57,indefinido,indefinido,indefinido,indefinido
184,6.13,5,1678.51,426.28,1767.73,598.63,0.45,8.05,indefinido,indefinido,indefinido,indefinido
184,6.13,11,2976.72,347.41,3399.78,1740.66,0.48,35.69,sim,sim,não,não
185,6.17,1,1682.31,395.79,2408.38,1478.76,0.9,31.95,sim,sim,indefinido,não
185,6.17,2,2725.09,326.11,3146.15,1794.7,0.85,47.8,sim,sim,não,não
185,6.17,3,1087.64,394.67,1432.86,959.2,0.83,28.09,sim,sim,indefinido,indefinido
185,6.17,4,32.4,735.96,493.1,1511.49,0.42,27.66,indefinido,indefinido,indefinido,indefinido
185,6.17,5,1679.34,426.14,1768.42,596.75,0.41,8.16,indefinido,indefinido,indefinido,indefinido
185,6.17,11,2982.41,345.68,3405.86,1767.38,0.48,35.74,sim,sim,não,não
186,6.2,1,1682.59,395.68,2408.41,1478.46,0.9,31.99,sim,sim,indefinido,não
186,6.2,2,2724.61,325.9,3145.27,1794.72,0.85,47.63,sim,sim,não,não
186,6.2,3,1087.54,394.9,1432.6,959.72,0.82,28.1,sim,sim,indefinido,indefinido
186,6.2,4,38.33,735.39,494.58,1505.38,0.36,27.75,indefinido,indefinido,indefinido,indefinido
186,6.2,5,1677.98,426.8,1770.55,603.99,0.47,8.4,indefinido,indefinido,indefinido,indefinido
186,6.2,11,2997.34,347.96,3400.31,1713.01,0.5,35.7,sim,sim,não,não
187,6.23,1,1682.81,395.73,2408.32,1478.34,0.89,31.99,sim,sim,indefinido,não
187,6.23,2,2724.33,325.75,3144.61,1795.09,0.85,47.79,sim,sim,não,não
187,6.23,3,1086.94,395.44,1431.98,960.57,0.82,28.07,sim,sim,indefinido,indefinido
187,6.23,4,45.17,734.69,497.2,1495.73,0.35,27.76,indefinido,indefinido,indefinido,indefinido
187,6.23,5,1676.52,426.64,1771.72,609.46,0.49,8.49,indefinido,indefinido,indefinido,indefinido
187,6.23,11,3008.33,348.54,3402.43,1690.62,0.59,35.75,sim,sim,não,não
188,6.27,1,1683.02,395.84,2408.18,1478.35,0.89,31.93,sim,sim,indefinido,não
188,6.27,2,2725.74,330.55,3143.8,1795.33,0.84,47.81,sim,sim,não,não
188,6.27,3,1086.33,395.63,1431.9,961.82,0.82,28.13,sim,sim,indefinido,indefinido
188,6.27,4,47.41,734.29,497.55,1490.66,0.36,27.87,indefinido,indefinido,indefinido,indefinido
188,6.27,5,1673.65,426.12,1775.97,625.01,0.48,8.77,indefinido,indefinido,indefinido,indefinido
188,6.27,11,3014.35,348.8,3403.38,1676.94,0.65,35.67,sim,sim,não,não
189,6.3,1,1682.98,395.71,2408.12,1478.45,0.89,31.81,sim,sim,indefinido,não
189,6.3,2,2723.58,326.6,3142.61,1795.46,0.84,48.23,sim,sim,não,não
189,6.3,3,1085.81,395.33,1431.93,962.77,0.83,28.23,sim,sim,indefinido,indefinido
189,6.3,4,43.84,733.59,496.23,1495.68,0.54,27.97,indefinido,indefinido,indefinido,indefinido
189,6.3,5,1672.21,425.73,1773.63,624.02,0.52,8.77,indefinido,indefinido,indefinido,indefinido
189,6.3,11,3011.88,345.47,3410.38,1715.69,0.55,35.66,sim,sim,não,não
190,6.33,1,1682.48,395.53,2407.8,1478.56,0.89,31.8,sim,sim,indefinido,não
190,6.33,2,2724.12,328.55,3142.04,1795.3,0.84,48.63,sim,sim,não,não
190,6.33,3,1085.24,394.9,1431.96,963.75,0.83,28.33,sim,sim,indefinido,indefinido
190,6.33,4,39.32,733.86,491.34,1496.92,0.63,27.85,indefinido,indefinido,indefinido,indefinido
190,6.33,5,1672.34,425.34,1771.53,619.82,0.51,8.76,indefinido,indefinido,indefinido,indefinido
190,6.33,11,3067.69,353.34,3360.28,1277.83,0.55,35.61,sim,sim,não,não
191,6.37,1,1681.77,395.44,2407.64,1478.88,0.89,31.91,sim,sim,indefinido,não
191,6.37,2,2725.36,329.18,3142.55,1795.52,0.84,48.87,sim,sim,não,não
191,6.37,3,1084.63,394.41,1431.77,964.55,0.83,28.68,sim,sim,indefinido,indefinido
191,6.37,4,40.42,734.09,485.11,1485.08,0.59,27.65,indefinido,indefinido,indefinido,indefinido
191,6.37,5,1672.25,425.32,1769.97,617.01,0.51,8.68,indefinido,indefinido,indefinido,indefinido
191,6.37,11,3092.9,356.99,3336.28,1072.24,0.58,0.0,indefinido,sim,indefinido,não
192,6.4,1,1680.5,395.22,2407.24,1479.53,0.89,31.96,sim,sim,indefinido,não
192,6.4,2,2726.41,329.14,3142.89,1795.95,0.83,35.39,sim,sim,não,não
192,6.4,3,1084.09,394.01,1431.19,964.62,0.83,28.62,sim,sim,indefinido,indefinido
192,6.4,4,43.22,733.98,479.76,1470.69,0.6,27.54,indefinido,indefinido,indefinido,indefinido
192,6.4,5,1672.71,425.26,1767.97,611.75,0.5,8.7,indefinido,indefinido,indefinido,indefinido
192,6.4,11,3094.65,358.0,3333.39,1018.86,0.62,0.0,indefinido,sim,indefinido,não
193,6.43,1,1679.98,394.97,2407.47,1479.98,0.89,32.05,sim,sim,não,não
193,6.43,2,2727.74,328.75,3143.52,1796.36,0.83,41.04,sim,sim,não,não
193,6.43,3,1083.76,393.34,1430.77,964.04,0.84,28.48,sim,sim,indefinido,indefinido
193,6.43,4,39.99,733.86,483.5,1484.14,0.66,27.48,indefinido,indefinido,indefinido,indefinido
193,6.43,5,1671.22,424.7,1767.44,612.65,0.51,8.73,indefinido,indefinido,indefinido,indefinido
193,6.43,11,3087.12,358.08,3338.07,1021.83,0.58,35.6,sim,sim,não,não
194,6.47,1,1680.01,394.9,2407.38,1479.52,0.89,31.93,sim,sim,indefinido,não
194,6.47,2,2728.91,327.89,3144.07,1796.56,0.83,39.2,sim,sim,não,não
194,6.47,3,1083.64,392.83,1430.99,964.34,0.83,28.34,sim,sim,indefinido,indefinido
194,6.47,4,41.6,733.34,483.89,1481.85,0.73,27.46,indefinido,indefinido,indefinido,indefinido
194,6.47,5,1670.71,424.14,1766.28,609.78,0.5,8.87,indefinido,indefinido,indefinido,indefinido
194,6.47,11,3083.09,358.08,3339.31,1007.32,0.64,35.49,sim,sim,não,não
195,6.5,1,1678.85,394.52,2407.69,1481.08,0.9,31.92,sim,sim,indefinido,não
195,6.5,2,2730.15,327.44,3144.54,1796.53,0.84,33.98,sim,sim,não,não
195,6.5,3,1083.85,392.46,1431.85,965.43,0.83,28.31,sim,sim,indefinido,indefinido
195,6.5,4,43.21,733.22,483.83,1478.24,0.77,27.45,indefinido,indefinido,indefinido,indefinido
195,6.5,5,1669.64,424.02,1765.56,609.13,0.51,9.15,indefinido,indefinido,indefinido,indefinido
195,6.5,11,3069.98,357.74,3341.21,1027.07,0.62,35.46,sim,sim,não,não
196,6.53,1,1679.03,394.37,2408.63,1482.12,0.9,32.22,sim,sim,não,não
196,6.53,2,2731.69,327.12,3145.41,1796.4,0.84,47.92,sim,sim,não,não
196,6.53,3,1084.47,391.55,1432.68,965.27,0.83,28.41,sim,sim,indefinido,indefinido
196,6.53,4,40.51,732.62,485.72,1485.73,0.77,27.55,indefinido,indefinido,indefinido,indefinido
196,6.53,5,1669.01,424.12,1764.63,607.29,0.48,8.95,indefinido,indefinido,indefinido,indefinido
196,6.53,11,3061.52,357.46,3338.31,1027.11,0.58,35.39,sim,sim,não,não
197,6.57,1,1677.71,393.93,2408.53,1483.56,0.9,32.27,sim,sim,não,não
197,6.57,2,2732.14,326.98,3145.57,1796.44,0.84,51.62,sim,sim,não,não
197,6.57,3,1084.7,390.68,1433.06,965.27,0.83,28.5,sim,sim,indefinido,indefinido
197,6.57,4,39.04,730.67,485.63,1486.84,0.78,27.56,indefinido,indefinido,indefinido,indefinido
197,6.57,5,1670.54,424.72,1762.62,598.85,0.41,8.75,indefinido,indefinido,indefinido,indefinido
197,6.57,11,3045.9,357.07,3340.89,1066.91,0.43,35.4,sim,sim,não,não
198,6.6,1,1676.84,393.4,2408.04,1483.59,0.9,32.29,sim,sim,não,não
198,6.6,2,2732.27,327.64,3145.27,1796.65,0.84,51.46,sim,sim,não,não
198,6.6,3,1084.39,389.89,1432.33,964.33,0.84,28.54,sim,sim,indefinido,indefinido
198,6.6,4,39.35,729.21,483.4,1480.46,0.79,27.48,indefinido,indefinido,indefinido,indefinido
198,6.6,5,1672.37,425.64,1760.13,588.43,0.35,8.69,indefinido,indefinido,indefinido,indefinido
198,6.6,11,2973.9,350.08,3401.4,1417.55,0.51,35.42,sim,sim,não,não
199,6.63,1,1675.79,392.63,2408.14,1484.66,0.9,32.09,sim,sim,não,não
199,6.63,2,2731.94,327.64,3145.05,1797.22,0.83,50.36,sim,sim,não,não
199,6.63,3,1084.15,389.06,1432.05,963.63,0.83,28.75,sim,sim,indefinido,indefinido
199,6.63,4,40.18,728.18,482.27,1474.85,0.8,27.44,indefinido,indefinido,indefinido,indefinido
199,6.63,5,1666.95,427.34,1764.45,607.36,0.29,0.0,indefinido,indefinido,indefinido,indefinido
199,6.63,11,2956.14,351.11,3409.16,1520.26,0.5,35.3,sim,sim,não,não
200,6.67,1,1674.46,391.75,2408.27,1486.43,0.9,32.34,sim,sim,não,não
200,6.67,2,2731.36,326.97,3145.0,1797.47,0.82,49.23,sim,sim,não,não
200,6.67,3,1083.45,388.53,1430.93,962.22,0.84,28.68,sim,sim,indefinido,indefinido
200,6.67,4,42.97,727.49,479.19,1461.88,0.79,27.36,indefinido,indefinido,indefinido,indefinido
200,6.67,5,1670.74,427.26,1761.11,590.98,0.3,8.0,indefinido,indefinido,indefinido,indefinido
200,6.67,11,2947.87,351.86,3410.9,1587.48,0.53,35.21,sim,sim,não,não
201,6.7,1,1673.42,390.76,2408.57,1488.46,0.9,32.08,sim,sim,não,não
201,6.7,2,2731.21,326.57,3145.4,1797.42,0.82,48.92,sim,sim,não,não
201,6.7,3,1082.12,388.11,1429.86,961.95,0.83,28.79,sim,sim,indefinido,indefinido
201,6.7,4,41.74,727.94,476.7,1457.57,0.77,27.47,indefinido,indefinido,indefinido,indefinido
201,6.7,5,1671.73,427.25,1761.92,588.49,0.29,0.0,indefinido,indefinido,indefinido,indefinido
201,6.7,11,2943.46,352.22,3409.82,1640.21,0.54,35.17,sim,sim,não,não
202,6.73,1,1671.76,389.36,2408.69,1491.07,0.9,32.04,sim,sim,não,não
202,6.73,2,2731.61,327.71,3145.89,1797.73,0.82,48.98,sim,sim,não,não
202,6.73,3,1080.6,388.11,1428.5,961.6,0.83,28.91,sim,sim,indefinido,indefinido
202,6.73,4,39.96,728.26,476.79,1459.25,0.77,27.63,indefinido,indefinido,indefinido,indefinido
202,6.73,5,1669.15,427.95,1768.87,606.63,0.28,0.0,indefinido,indefinido,indefinido,indefinido
202,6.73,11,2945.03,352.5,3407.56,1673.19,0.5,35.08,sim,sim,não,não
203,6.77,1,1670.39,388.3,2408.27,1492.64,0.91,32.1,sim,sim,não,não
203,6.77,2,2733.85,328.74,3148.82,1797.63,0.81,38.31,sim,sim,não,não
203,6.77,3,1079.18,388.6,1427.94,962.28,0.84,28.83,sim,sim,indefinido,indefinido
203,6.77,4,42.53,728.74,473.69,1447.36,0.72,27.67,indefinido,indefinido,indefinido,indefinido
203,6.77,5,1668.92,427.76,1772.74,614.14,0.25,0.0,indefinido,indefinido,indefinido,indefinido
203,6.77,11,2943.08,353.6,3400.46,1704.51,0.48,35.02,sim,sim,não,não
204,6.8,1,1669.81,387.79,2408.09,1493.98,0.91,32.06,sim,sim,não,não
204,6.8,2,2737.4,324.91,3157.27,1800.66,0.8,38.48,sim,sim,não,não
204,6.8,3,1078.22,389.1,1427.56,962.65,0.84,28.55,sim,sim,indefinido,indefinido
204,6.8,4,41.96,728.79,476.07,1450.38,0.67,27.47,indefinido,indefinido,indefinido,indefinido
204,6.8,5,1670.75,426.84,1777.24,619.16,0.31,9.14,indefinido,indefinido,indefinido,indefinido
204,6.8,11,2948.24,353.0,3399.79,1730.73,0.47,34.98,sim,sim,não,não
205,6.83,1,1668.98,387.07,2407.21,1494.1,0.91,32.16,sim,sim,não,não
205,6.83,2,2739.15,323.24,3162.72,1801.61,0.79,38.16,sim,sim,não,não
205,6.83,3,1076.97,389.07,1426.89,962.12,0.84,28.39,sim,sim,indefinido,indefinido
205,6.83,4,40.48,728.21,475.54,1450.21,0.62,27.84,indefinido,indefinido,indefinido,indefinido
205,6.83,5,1669.16,423.44,1777.77,619.94,0.3,8.68,indefinido,indefinido,indefinido,indefinido
205,6.83,11,2978.73,354.26,3376.64,1589.85,0.48,35.03,sim,sim,não,não
206,6.87,1,1668.62,386.24,2406.91,1494.22,0.91,33.13,sim,sim,não,não
206,6.87,2,2739.53,322.16,3166.26,1802.06,0.8,38.64,sim,sim,não,não
206,6.87,3,1077.63,388.79,1427.94,961.28,0.84,28.32,sim,sim,indefinido,indefinido
206,6.87,4,39.47,727.56,480.25,1457.74,0.73,27.62,indefinido,indefinido,indefinido,indefinido
206,6.87,5,1660.46,421.12,1779.75,636.45,0.12,7.78,indefinido,indefinido,indefinido,indefinido
206,6.87,11,2990.4,354.39,3368.66,1549.75,0.44,35.03,sim,sim,não,não
207,6.9,1,1667.59,385.36,2406.09,1494.37,0.91,32.99,sim,sim,não,não
207,6.9,2,2740.38,321.5,3170.02,1802.14,0.8,49.88,sim,sim,não,não
207,6.9,3,1078.6,388.68,1429.57,960.85,0.84,28.21,sim,sim,indefinido,indefinido
207,6.9,4,41.87,727.02,479.45,1448.38,0.77,27.72,indefinido,indefinido,indefinido,indefinido
207,6.9,5,1655.53,420.48,1778.18,641.42,0.14,7.74,indefinido,indefinido,indefinido,indefinido
207,6.9,11,2991.87,354.2,3360.0,1540.77,0.36,35.05,sim,sim,não,não
208,6.93,1,1667.36,384.53,2405.89,1494.28,0.91,33.1,sim,sim,não,não
208,6.93,2,2739.42,321.4,3171.1,1802.09,0.8,49.9,sim,sim,não,não
208,6.93,3,1078.07,388.24,1429.85,960.44,0.84,28.15,sim,sim,indefinido,indefinido
208,6.93,4,45.39,724.17,474.6,1426.67,0.76,27.66,indefinido,indefinido,indefinido,indefinido
208,6.93,5,1656.77,419.69,1776.3,635.63,0.31,7.75,indefinido,indefinido,indefinido,indefinido
208,6.93,11,2997.98,353.8,3356.65,1528.36,0.38,35.12,sim,sim,não,não
209,6.97,1,1667.3,383.77,2405.53,1493.54,0.91,33.16,sim,sim,não,não
209,6.97,2,2736.91,324.42,3166.85,1798.01,0.82,49.85,sim,sim,não,não
209,6.97,3,1076.71,386.77,1430.07,960.65,0.84,28.14,sim,sim,indefinido,indefinido
209,6.97,4,46.2,726.36,462.3,1402.16,0.58,27.81,indefinido,indefinido,indefinido,indefinido
209,6.97,5,1658.14,419.73,1775.12,631.22,0.32,7.87,indefinido,indefinido,indefinido,indefinido
209,6.97,11,3008.65,353.42,3349.06,1478.93,0.41,35.3,sim,sim,não,não
210,7.0,1,1667.87,382.94,2405.9,1493.06,0.91,33.35,sim,sim,não,não
210,7.0,2,2734.47,325.69,3162.91,1796.03,0.83,47.3,sim,sim,não,não
210,7.0,3,1075.75,385.53,1430.12,961.2,0.84,28.09,sim,sim,indefinido,indefinido
210,7.0,4,45.88,726.41,457.31,1389.23,0.55,27.77,indefinido,indefinido,indefinido,indefinido
210,7.0,5,1655.99,418.2,1768.48,619.1,0.26,8.04,indefinido,indefinido,indefinido,indefinido
210,7.0,11,3037.39,353.57,3326.01,1289.49,0.53,35.34,sim,sim,não,não
211,7.03,1,1668.26,382.42,2405.88,1492.25,0.91,33.38,sim,sim,não,não
211,7.03,2,2735.14,326.15,3162.44,1794.8,0.83,47.86,sim,sim,não,não
211,7.03,3,1074.68,384.13,1429.62,961.22,0.84,28.08,sim,sim,indefinido,indefinido
211,7.03,4,49.04,725.44,466.26,1392.17,0.51,27.65,indefinido,indefinido,indefinido,indefinido
211,7.03,5,1648.95,420.0,1775.7,647.11,0.1,8.09,indefinido,indefinido,indefinido,indefinido
211,7.03,11,3047.02,354.1,3304.34,1172.32,0.4,35.4,sim,sim,não,não
212,7.07,1,1668.35,381.36,2405.87,1491.37,0.91,32.89,sim,sim,não,não
212,7.07,2,2734.82,325.52,3161.61,1794.3,0.82,47.63,sim,sim,não,não
212,7.07,3,1074.18,383.52,1428.05,959.1,0.84,28.1,sim,sim,indefinido,indefinido
212,7.07,4,45.99,724.7,474.08,1406.04,0.44,27.8,indefinido,indefinido,indefinido,indefinido
212,7.07,5,1662.91,418.89,1767.5,602.77,0.28,8.19,indefinido,indefinido,indefinido,indefinido
212,7.07,11,3046.57,354.18,3294.49,1128.0,0.37,35.41,sim,sim,não,não
213,7.1,1,1668.72,380.56,2406.49,1491.6,0.91,32.72,sim,sim,não,não
213,7.1,2,2734.51,324.69,3160.84,1793.47,0.81,49.45,sim,sim,não,não
213,7.1,3,1073.58,383.51,1426.52,957.23,0.84,28.24,sim,sim,indefinido,indefinido
213,7.1,4,38.32,721.28,483.49,1429.83,0.6,27.83,indefinido,indefinido,indefinido,indefinido
213,7.1,5,1668.36,418.85,1764.88,586.08,0.21,8.4,indefinido,indefinido,indefinido,indefinido
213,7.1,11,3048.83,353.88,3292.49,1097.91,0.39,35.43,sim,sim,não,não
214,7.13,1,1668.93,379.7,2407.1,1492.28,0.91,32.7,sim,sim,não,não
214,7.13,2,2732.68,324.77,3158.63,1793.54,0.82,49.4,sim,sim,não,não
214,7.13,3,1073.23,383.79,1425.64,955.94,0.84,28.36,sim,sim,indefinido,indefinido
214,7.13,4,34.72,719.06,485.84,1436.58,0.7,28.19,indefinido,indefinido,indefinido,indefinido
214,7.13,5,1670.84,416.51,1765.11,577.99,0.18,8.71,indefinido,indefinido,indefinido,indefinido
214,7.13,11,3040.7,353.6,3297.54,1129.13,0.21,35.48,sim,sim,não,não
215,7.17,1,1668.62,378.7,2406.88,1492.43,0.91,33.08,sim,sim,não,não
215,7.17,2,2731.23,323.83,3156.96,1793.4,0.82,40.03,sim,sim,não,não
215,7.17,3,1072.71,384.06,1424.88,954.43,0.84,28.39,sim,sim,indefinido,indefinido
215,7.17,4,42.73,720.72,481.45,1413.41,0.67,28.06,indefinido,indefinido,indefinido,indefinido
215,7.17,5,1668.58,411.89,1766.79,578.69,0.31,8.27,indefinido,indefinido,indefinido,indefinido
215,7.17,11,3051.05,352.78,3292.66,1062.33,0.25,35.51,sim,sim,não,não
215,7.17,14,398.98,0.0,549.31,305.99,0.62,0.0,indefinido,indefinido,indefinido,indefinido
216,7.2,1,1668.75,378.0,2406.67,1492.25,0.92,33.16,sim,sim,não,não
216,7.2,2,2730.32,323.63,3155.74,1793.11,0.83,38.7,sim,sim,não,não
216,7.2,3,1073.31,384.23,1425.08,952.66,0.84,28.2,sim,sim,indefinido,indefinido
216,7.2,4,43.15,720.58,480.41,1407.43,0.62,28.12,indefinido,indefinido,indefinido,indefinido
216,7.2,5,1667.86,408.47,1768.66,578.32,0.35,7.85,indefinido,indefinido,indefinido,indefinido
216,7.2,11,2990.37,349.89,3355.59,1454.8,0.53,35.58,sim,sim,não,não
216,7.2,14,400.03,0.0,550.31,306.03,0.54,0.0,indefinido,indefinido,indefinido,indefinido
217,7.23,1,1668.59,377.28,2406.55,1492.55,0.92,33.21,sim,sim,não,não
217,7.23,2,2730.46,321.36,3156.35,1792.36,0.83,49.5,sim,sim,não,não
217,7.23,3,1074.05,383.7,1425.89,951.07,0.83,28.18,sim,sim,indefinido,indefinido
217,7.23,4,41.54,719.57,478.37,1403.67,0.56,27.93,indefinido,indefinido,indefinido,indefinido
217,7.23,5,1666.46,406.88,1770.87,582.37,0.39,7.54,indefinido,indefinido,indefinido,indefinido
217,7.23,11,2978.78,348.95,3368.4,1559.13,0.58,35.65,sim,sim,não,não
217,7.23,14,400.45,0.0,550.69,306.0,0.5,0.0,indefinido,indefinido,indefinido,indefinido
218,7.27,1,1668.79,376.88,2406.58,1492.75,0.92,32.96,sim,sim,não,não
218,7.27,2,2727.99,316.63,3155.28,1791.32,0.84,50.07,sim,sim,não,não
218,7.27,3,1075.8,383.18,1427.52,949.26,0.82,28.23,sim,sim,indefinido,indefinido
218,7.27,4,32.51,717.8,474.1,1409.48,0.55,28.13,indefinido,indefinido,indefinido,indefinido
218,7.27,5,1665.78,405.72,1771.3,583.2,0.34,7.4,indefinido,indefinido,indefinido,indefinido
218,7.27,11,2977.04,348.61,3370.87,1602.2,0.57,35.7,sim,sim,não,não
218,7.27,14,399.8,0.0,549.97,305.58,0.48,0.0,indefinido,indefinido,indefinido,indefinido
219,7.3,1,1669.44,376.59,2406.27,1491.54,0.92,32.79,sim,sim,não,não
219,7.3,2,2728.51,313.77,3157.12,1791.0,0.82,49.03,sim,sim,não,não
219,7.3,3,1076.61,382.34,1429.06,948.75,0.82,28.52,sim,sim,indefinido,indefinido
219,7.3,4,38.28,716.37,473.57,1395.57,0.61,28.18,indefinido,indefinido,indefinido,indefinido
219,7.3,5,1665.07,404.87,1769.37,580.1,0.31,7.47,indefinido,indefinido,indefinido,indefinido
219,7.3,11,2979.96,348.25,3368.78,1615.37,0.54,35.51,sim,sim,não,não
219,7.3,14,398.89,0.0,548.52,303.59,0.46,0.0,indefinido,indefinido,indefinido,indefinido
220,7.33,1,1670.43,376.31,2406.3,1490.13,0.92,32.57,sim,sim,não,não
220,7.33,2,2731.38,317.16,3159.57,1791.87,0.81,49.42,sim,sim,não,não
220,7.33,3,1077.16,381.7,1429.58,947.13,0.83,28.54,sim,sim,indefinido,indefinido
220,7.33,4,40.25,715.77,474.15,1390.84,0.59,28.16,indefinido,indefinido,indefinido,indefinido
220,7.33,5,1664.63,403.71,1767.92,576.78,0.28,7.38,indefinido,indefinido,indefinido,indefinido
220,7.33,11,2999.4,347.64,3354.84,1519.58,0.51,35.27,sim,sim,não,não
220,7.33,14,396.98,0.0,546.85,302.58,0.61,0.0,indefinido,indefinido,indefinido,indefinido
221,7.37,1,1671.38,376.51,2406.45,1489.77,0.92,32.49,sim,sim,não,não
221,7.37,2,2730.75,311.16,3160.46,1790.8,0.82,48.24,sim,sim,não,não
221,7.37,3,1075.75,380.16,1428.71,945.71,0.82,28.47,sim,sim,indefinido,indefinido
221,7.37,4,35.7,712.33,481.02,1405.3,0.68,27.94,indefinido,indefinido,indefinido,indefinido
221,7.37,5,1664.33,402.99,1767.22,574.83,0.26,7.4,indefinido,indefinido,indefinido,indefinido
221,7.37,11,3008.76,347.11,3349.28,1481.65,0.51,34.99,sim,sim,não,não
221,7.37,14,396.93,0.0,547.33,302.4,0.67,0.0,indefinido,indefinido,indefinido,indefinido
222,7.4,1,1673.11,376.47,2406.77,1488.44,0.92,32.55,sim,sim,não,não
222,7.4,2,2730.7,307.93,3160.82,1790.27,0.83,49.54,sim,sim,não,não
222,7.4,3,1074.72,379.12,1428.37,945.64,0.83,28.5,sim,sim,indefinido,indefinido
222,7.4,4,38.52,714.44,477.92,1395.44,0.62,28.13,indefinido,indefinido,indefinido,indefinido
222,7.4,5,1663.11,401.9,1768.59,578.52,0.24,7.6,indefinido,indefinido,indefinido,indefinido
222,7.4,11,3015.09,347.13,3346.44,1461.19,0.53,34.76,sim,sim,não,não
222,7.4,14,398.72,0.0,549.29,301.83,0.66,0.0,indefinido,indefinido,indefinido,indefinido
223,7.43,1,1674.03,376.31,2407.0,1488.06,0.91,32.61,sim,sim,não,não
223,7.43,2,2729.87,305.48,3159.57,1789.51,0.84,48.94,sim,sim,não,não
223,7.43,3,1074.35,378.34,1427.99,944.41,0.83,28.66,sim,sim,indefinido,indefinido
223,7.43,4,39.28,715.37,477.9,1392.04,0.66,28.13,indefinido,indefinido,indefinido,indefinido
223,7.43,5,1659.7,400.06,1769.94,586.6,0.12,0.0,indefinido,indefinido,indefinido,indefinido
223,7.43,11,3021.03,347.19,3341.21,1431.19,0.53,34.67,sim,sim,não,não
223,7.43,14,400.33,0.0,550.48,300.07,0.67,0.0,indefinido,indefinido,indefinido,indefinido
224,7.47,1,1675.77,376.19,2406.64,1485.3,0.91,32.56,sim,sim,não,não
224,7.47,2,2728.11,303.31,3156.97,1789.23,0.85,47.53,sim,sim,não,não
224,7.47,3,1072.88,378.03,1427.71,945.36,0.83,28.61,sim,sim,indefinido,indefinido
224,7.47,4,35.87,711.32,484.63,1402.96,0.8,27.98,indefinido,indefinido,indefinido,indefinido
224,7.47,11,3031.47,347.46,3329.82,1355.36,0.53,34.64,sim,sim,não,não
224,7.47,14,402.77,0.0,552.17,298.24,0.62,0.0,indefinido,indefinido,indefinido,indefinido
225,7.5,1,1676.83,375.99,2406.59,1484.0,0.91,32.56,sim,sim,não,não
225,7.5,2,2730.74,300.05,3158.92,1789.24,0.84,47.27,sim,sim,não,não
225,7.5,3,1071.62,377.59,1426.83,944.43,0.82,28.64,sim,sim,indefinido,indefinido
225,7.5,4,33.9,709.58,488.41,1410.45,0.74,27.85,indefinido,indefinido,indefinido,indefinido
225,7.5,11,3035.33,346.97,3325.56,1324.35,0.52,34.75,sim,sim,não,não
225,7.5,14,403.7,0.0,552.58,296.73,0.58,0.0,indefinido,indefinido,indefinido,indefinido
226,7.53,1,1677.84,375.51,2406.44,1482.22,0.91,32.62,sim,sim,não,não
226,7.53,2,2732.56,297.9,3160.04,1789.39,0.84,46.76,sim,sim,não,não
226,7.53,3,1071.57,377.14,1425.79,941.53,0.82,28.63,sim,sim,indefinido,indefinido
226,7.53,4,31.66,708.65,489.43,1415.56,0.67,27.84,indefinido,indefinido,indefinido,indefinido
226,7.53,11,3033.04,346.35,3328.38,1341.47,0.48,34.82,sim,sim,não,não
226,7.53,14,404.4,0.0,552.53,294.76,0.51,0.0,indefinido,indefinido,indefinido,indefinido
227,7.57,1,1677.86,374.9,2406.57,1482.32,0.91,32.72,sim,sim,não,não
227,7.57,2,2733.69,296.55,3159.55,1789.68,0.84,47.19,sim,sim,não,não
227,7.57,3,1072.01,376.68,1425.91,940.11,0.82,28.79,sim,sim,indefinido,indefinido
227,7.57,4,28.63,708.56,487.86,1419.14,0.56,27.81,indefinido,indefinido,indefinido,indefinido
227,7.57,11,3020.26,346.13,3340.72,1438.84,0.44,34.95,sim,sim,não,não
227,7.57,14,405.28,0.0,552.72,293.41,0.51,0.0,indefinido,indefinido,indefinido,indefinido
228,7.6,1,1677.68,374.31,2406.51,1482.43,0.91,32.82,sim,sim,não,não
228,7.6,2,2734.13,293.3,3158.82,1789.54,0.84,49.0,sim,sim,não,não
228,7.6,3,1073.43,376.36,1427.04,939.2,0.82,28.72,sim,sim,indefinido,indefinido
228,7.6,4,27.2,707.18,490.13,1425.06,0.62,27.64,indefinido,indefinido,indefinido,indefinido
228,7.6,11,2991.15,344.84,3354.38,1615.46,0.45,34.65,sim,sim,não,não
228,7.6,14,406.37,0.0,552.94,291.64,0.55,0.0,indefinido,indefinido,indefinido,indefinido
229,7.63,1,1677.96,373.55,2406.67,1481.96,0.91,32.91,sim,sim,não,não
229,7.63,2,2735.01,290.43,3158.21,1788.99,0.84,52.19,sim,sim,não,não
229,7.63,3,1074.63,375.92,1428.4,938.57,0.82,28.62,sim,sim,indefinido,indefinido
229,7.63,4,27.37,706.32,492.39,1429.06,0.75,27.37,indefinido,indefinido,indefinido,indefinido
229,7.63,11,2981.41,343.49,3357.27,1690.43,0.46,34.66,sim,sim,não,não
229,7.63,14,406.5,0.0,552.75,290.69,0.59,0.0,indefinido,indefinido,indefinido,indefinido
230,7.67,1,1678.92,373.07,2407.01,1481.11,0.91,32.93,sim,sim,não,não
230,7.67,2,2733.66,288.8,3155.21,1788.79,0.85,51.62,sim,sim,não,não
230,7.67,3,1074.82,375.47,1428.66,937.57,0.83,28.64,sim,sim,indefinido,indefinido
230,7.67,4,26.39,707.28,490.77,1430.49,0.72,27.48,indefinido,indefinido,indefinido,indefinido
230,7.67,11,2977.98,342.66,3353.76,1721.72,0.44,35.02,sim,sim,não,não
230,7.67,14,405.29,0.0,551.89,290.53,0.63,0.0,indefinido,indefinido,indefinido,indefinido
231,7.7,1,1679.58,372.66,2406.79,1479.87,0.91,32.84,sim,sim,não,não
231,7.7,2,2733.57,286.2,3153.31,1787.97,0.84,54.38,sim,sim,não,não
231,7.7,3,1074.23,374.6,1428.76,936.59,0.82,28.69,sim,sim,indefinido,indefinido
231,7.7,4,21.17,707.33,492.62,1445.48,0.6,27.69,indefinido,indefinido,indefinido,indefinido
231,7.7,11,2976.58,342.71,3347.93,1735.13,0.55,35.02,sim,sim,não,não
231,7.7,14,406.22,0.0,552.71,290.25,0.57,0.0,indefinido,indefinido,indefinido,indefinido
232,7.73,1,1679.71,372.49,2406.01,1478.51,0.91,32.66,sim,sim,não,não
232,7.73,2,2732.6,284.49,3150.83,1788.58,0.85,54.1,sim,sim,não,não
232,7.73,3,1072.9,373.93,1428.42,935.9,0.84,28.65,sim,sim,indefinido,indefinido
232,7.73,4,24.81,706.79,485.25,1429.42,0.35,27.65,indefinido,indefinido,indefinido,indefinido
232,7.73,11,2979.63,343.24,3342.82,1731.31,0.5,35.05,sim,sim,não,não
232,7.73,14,407.18,0.0,553.29,289.93,0.53,0.0,indefinido,indefinido,indefinido,indefinido
233,7.77,1,1679.59,371.99,2405.99,1478.57,0.91,32.62,sim,sim,não,não
233,7.77,2,2732.81,283.5,3149.11,1787.97,0.85,53.63,sim,sim,não,não
233,7.77,3,1071.57,373.21,1427.52,934.2,0.84,28.73,sim,sim,indefinido,indefinido
233,7.77,4,25.24,706.22,484.01,1428.98,0.52,27.29,indefinido,indefinido,indefinido,indefinido
233,7.77,11,2982.88,343.36,3338.46,1727.66,0.48,35.04,sim,sim,não,não
233,7.77,14,405.45,0.0,551.39,289.5,0.43,0.0,indefinido,indefinido,indefinido,indefinido
234,7.8,1,1679.44,371.48,2406.31,1479.29,0.91,32.62,sim,sim,não,não
234,7.8,2,2733.08,282.13,3147.83,1787.8,0.84,53.38,sim,sim,não,não
234,7.8,3,1071.74,373.03,1427.97,933.15,0.84,28.89,sim,sim,indefinido,indefinido
234,7.8,4,26.86,704.73,483.77,1426.78,0.53,27.31,indefinido,indefinido,indefinido,indefinido
234,7.8,11,2985.4,343.68,3334.42,1725.78,0.53,35.38,sim,sim,não,não
234,7.8,14,405.65,0.0,551.06,288.75,0.44,0.0,indefinido,indefinido,indefinido,indefinido
