stem,photographer_id,split
building-construction-building-site-constructing,2660,val
career-firefighter-relaxing-job-162540,2659,train
carrying-head-indian-farm-worker-158011,2659,train
construction-site-build-construction-work-159306,2659,train
construction-site-build-construction-work-159358,2659,train
construction-site-build-construction-work-159375,2659,train
floor-flooring-hand-man-1388944,2664,train
gardener-worker-gardening-machinery-162564,2659,train
grinder-hitachi-power-tool-flexible-162625,2659,train
harvest-grain-combine-arable-farming-163752,2659,train
pexels-photo,2660,val
pexels-photo-10039979,11924337,train
pexels-photo-10039988,11924337,train
pexels-photo-10039989,11924337,train
pexels-photo-10039997,11924337,train
pexels-photo-10040003,11924337,train
pexels-photo-10040011,11924337,train
pexels-photo-10040012,11924337,train
pexels-photo-10045513,209653,val
pexels-photo-10084716,2247381,test
pexels-photo-10088317,115813190,val
pexels-photo-10101932,3052,train
pexels-photo-10110710,126543511,val
pexels-photo-10110711,126543511,val
pexels-photo-10119483,169186,val
pexels-photo-10130751,38966,train
pexels-photo-10130754,38966,train
pexels-photo-10133578,3126166,train
pexels-photo-1018565,230305,train
pexels-photo-1018568,230305,train
pexels-photo-10202856,131639279,val
pexels-photo-10202865,131639279,val
pexels-photo-10239293,3647289,train
pexels-photo-10246146,2848684,train
pexels-photo-10257405,133604203,val
pexels-photo-1028905,363003,test
pexels-photo-10307257,128712163,train
pexels-photo-10316634,139937469,train
pexels-photo-10341095,22992178,train
pexels-photo-10341096,22992178,train
pexels-photo-10341101,22992178,train
pexels-photo-10341102,22992178,train
pexels-photo-10341105,22992178,train
pexels-photo-10341107,22992178,train
pexels-photo-10341108,22992178,train
pexels-photo-10341109,22992178,train
pexels-photo-10341110,22992178,train
pexels-photo-10341121,22992178,train
pexels-photo-10341122,22992178,train
pexels-photo-10347137,22992178,train
pexels-photo-10347138,22992178,train
pexels-photo-10347143,22992178,train
pexels-photo-10347147,22992178,train
pexels-photo-10347162,22992178,train
pexels-photo-10347167,22992178,train
pexels-photo-10347168,22992178,train
pexels-photo-10352106,42038564,test
pexels-photo-10367886,3866138,train
pexels-photo-10375931,3149039,train
pexels-photo-10375932,3149039,train
pexels-photo-10375933,3149039,train
pexels-photo-10375934,3149039,train
pexels-photo-10375935,3149039,train
pexels-photo-10375938,3149039,train
pexels-photo-10375940,3149039,train
pexels-photo-10375942,3149039,train
pexels-photo-10375944,3149039,train
pexels-photo-10375945,3149039,train
pexels-photo-10375946,3149039,train
pexels-photo-10375949,3149039,train
pexels-photo-10375953,3149039,train
pexels-photo-10375954,3149039,train
pexels-photo-10375955,3149039,train
pexels-photo-10375956,3149039,train
pexels-photo-10375967,3149039,train
pexels-photo-10376161,3149039,train
pexels-photo-10376164,3149039,train
pexels-photo-10383595,136437809,val
pexels-photo-1038548,216419,test
pexels-photo-10395741,144471719,train
pexels-photo-10401534,124357828,test
pexels-photo-10402665,2628960,test
pexels-photo-1043573,295195,test
pexels-photo-10451772,3686880,val
pexels-photo-1045204,392568,train
pexels-photo-1046151,79873,train
pexels-photo-1046212,233620,test
pexels-photo-10474856,146503211,train
pexels-photo-1049691,125115,val
pexels-photo-10573466,55233420,test
pexels-photo-10599872,133605053,val
pexels-photo-10600181,104274529,val
pexels-photo-10609091,40370729,val
pexels-photo-10615318,222549,train
pexels-photo-10615322,222549,train
pexels-photo-10664320,86000462,val
pexels-photo-10676692,491169,test
pexels-photo-10682438,1636839,train
pexels-photo-10698291,259965,test
pexels-photo-10716309,253457,train
pexels-photo-1075747,116800,train
pexels-photo-1078879,397807,train
pexels-photo-10826406,161732636,val
pexels-photo-10841934,18649607,test
pexels-photo-1087083,397807,train
pexels-photo-10871621,132130674,train
pexels-photo-10871712,132130674,train
pexels-photo-10895019,154783394,val
pexels-photo-10922986,166058093,test
pexels-photo-10922987,166058093,test
pexels-photo-10922989,166058093,test
pexels-photo-10930246,86004871,train
pexels-photo-10932215,78971350,test
pexels-photo-1093926,147543,train
pexels-photo-10951145,2464540,train
pexels-photo-1100059,65982,train
pexels-photo-11010354,154780090,val
pexels-photo-11015459,3568450,test
pexels-photo-1103063,320794,train
pexels-photo-1108101,93955,test
pexels-photo-11105404,70198808,val
pexels-photo-11114134,93331,test
pexels-photo-11117849,176523400,test
pexels-photo-11139140,114874098,test
pexels-photo-11143304,154217733,train
pexels-photo-11143306,154217733,train
pexels-photo-1115187,320794,train
pexels-photo-1115358,320794,train
pexels-photo-1116035,397807,train
pexels-photo-1117452,233202,train
pexels-photo-11194902,33525660,test
pexels-photo-11213214,2848684,train
pexels-photo-112472,7311,val
pexels-photo-11280956,58867523,test
pexels-photo-11280958,58867523,test
pexels-photo-11293609,3290243,train
pexels-photo-11293619,3290243,train
pexels-photo-11293624,3290243,train
pexels-photo-11293626,3290243,train
pexels-photo-1130297,259965,test
pexels-photo-11304467,95843791,train
pexels-photo-11304482,95843791,train
pexels-photo-11304529,95843791,train
pexels-photo-11310521,1344216,val
pexels-photo-11319652,187261660,test
pexels-photo-11349965,188978718,train
pexels-photo-11350335,3290243,train
pexels-photo-11386188,11680885,test
pexels-photo-11408874,191857762,train
pexels-photo-11427405,193596566,train
pexels-photo-11427444,193596566,train
pexels-photo-11427524,193596566,train
pexels-photo-11429199,76944072,test
pexels-photo-11429201,76944072,test
pexels-photo-11454241,194759220,test
pexels-photo-1145434,397807,train
pexels-photo-11461858,2891577,train
pexels-photo-11467876,195344095,train
pexels-photo-11486454,2891577,train
pexels-photo-1154460,202755,test
pexels-photo-11554087,2891577,train
pexels-photo-11565004,1204989,val
pexels-photo-11580363,2891577,train
pexels-photo-11580364,2891577,train
pexels-photo-11580897,2891577,train
pexels-photo-11581108,2891577,train
pexels-photo-11586327,2891577,train
pexels-photo-11586646,2891577,train
pexels-photo-11586767,2891577,train
pexels-photo-11587275,2891577,train
pexels-photo-11588305,3290243,train
pexels-photo-11590840,192440753,test
pexels-photo-11624249,1381213,test
pexels-photo-11644973,191284110,test
pexels-photo-11647282,3449646,val
pexels-photo-11648146,1480098,test
pexels-photo-11650317,2891577,train
pexels-photo-11678443,1182693,train
pexels-photo-11679689,1182693,train
pexels-photo-11680715,126771112,test
pexels-photo-11682134,52024560,val
pexels-photo-11712738,112544608,train
pexels-photo-11714889,162268239,train
pexels-photo-11720761,208942205,test
pexels-photo-11731975,134459655,train
pexels-photo-11739070,2848684,train
pexels-photo-11739107,2848684,train
pexels-photo-11765530,2891577,train
pexels-photo-11765538,2891577,train
pexels-photo-11765539,2891577,train
pexels-photo-11765540,2891577,train
pexels-photo-11779230,2891577,train
pexels-photo-11784496,989669,test
pexels-photo-11790051,60791715,val
pexels-photo-11794944,213162154,train
pexels-photo-11794945,213162154,train
pexels-photo-11802670,77351542,val
pexels-photo-1181404,473730,val
pexels-photo-1181435,473730,val
pexels-photo-1181474,473730,val
pexels-photo-1181624,473730,val
pexels-photo-11877840,2891577,train
pexels-photo-11881295,2891577,train
pexels-photo-11881296,2891577,train
pexels-photo-11885299,86845552,train
pexels-photo-11890197,2891577,train
pexels-photo-11901258,2891577,train
pexels-photo-11902999,2891577,train
pexels-photo-11915744,186688133,val
pexels-photo-11930042,155870497,train
pexels-photo-11977314,2540184,val
pexels-photo-12032980,172636633,train
pexels-photo-12034631,128711293,test
pexels-photo-12040693,2848684,train
pexels-photo-12057352,1437055,test
pexels-photo-12057357,1437055,test
pexels-photo-12057364,1437055,test
pexels-photo-12091691,570556,train
pexels-photo-12095723,119584323,test
pexels-photo-12103053,230970541,train
pexels-photo-12126059,222180773,train
pexels-photo-12155618,2891577,train
pexels-photo-1216589,397807,train
pexels-photo-12182722,198854184,train
pexels-photo-12203611,177885845,val
pexels-photo-12203618,177885845,val
pexels-photo-12203622,177885845,val
pexels-photo-12254989,193601188,test
pexels-photo-12276940,759728,train
pexels-photo-12307631,114873806,train
pexels-photo-12314551,1766970,val
pexels-photo-12323490,2891577,train
pexels-photo-12327262,1065076,test
pexels-photo-1233363,427483,test
pexels-photo-12344924,3009049,train
pexels-photo-12357625,1135709,val
pexels-photo-12366310,1065076,test
pexels-photo-12366518,204755963,train
pexels-photo-12384336,86845552,train
pexels-photo-12430143,2215518,test
pexels-photo-12435865,1496562,val
pexels-photo-1249611,517980,train
pexels-photo-12523511,2891577,train
pexels-photo-12526764,221099054,val
pexels-photo-12555018,255745439,test
pexels-photo-12571281,44056995,train
pexels-photo-12572225,340597,train
pexels-photo-12576219,86418917,test
pexels-photo-12599544,258458556,val
pexels-photo-12601529,2891577,train
pexels-photo-12610340,192440753,test
pexels-photo-12610341,192440753,test
pexels-photo-12610414,192440753,test
pexels-photo-12611101,94972696,train
pexels-photo-12636455,222947704,test
pexels-photo-12657017,58866204,train
pexels-photo-1267256,531357,train
pexels-photo-1267296,531357,train
pexels-photo-1267305,531357,train
pexels-photo-1267311,531357,train
pexels-photo-1267312,531357,train
pexels-photo-1267314,531357,train
pexels-photo-1267324,531357,train
pexels-photo-1267327,531357,train
pexels-photo-1267329,531357,train
pexels-photo-1267332,531357,train
pexels-photo-1267337,531357,train
pexels-photo-1267338,531357,train
pexels-photo-1267340,531357,train
pexels-photo-1267341,531357,train
pexels-photo-1267346,531357,train
pexels-photo-1267347,531357,train
pexels-photo-1267348,531357,train
pexels-photo-1267352,531357,train
pexels-photo-1267361,531357,train
pexels-photo-12675250,2136806,train
pexels-photo-12687699,57404656,train
pexels-photo-12708022,2848684,train
pexels-photo-12708178,199438029,val
pexels-photo-12725396,2678846,val
pexels-photo-12725399,2678846,val
pexels-photo-12725452,2678846,val
pexels-photo-12725454,2678846,val
pexels-photo-12733,607,train
pexels-photo-12734627,198265272,val
pexels-photo-12734637,198265272,val
pexels-photo-12741270,222549,train
pexels-photo-12741849,222549,train
pexels-photo-12759924,266259735,val
pexels-photo-12760004,266259735,val
pexels-photo-12831620,8567899,train
pexels-photo-12845907,44058916,val
pexels-photo-12877367,45786,train
pexels-photo-12880833,177079404,test
pexels-photo-12899026,264153375,train
pexels-photo-12899079,264153375,train
pexels-photo-12899081,264153375,train
pexels-photo-12899084,264153375,train
pexels-photo-12899103,264153375,train
pexels-photo-12899111,264153375,train
pexels-photo-12899114,264153375,train
pexels-photo-12899131,264153375,train
pexels-photo-12899143,264153375,train
pexels-photo-12899150,264153375,train
pexels-photo-12899160,264153375,train
pexels-photo-12899161,264153375,train
pexels-photo-12899164,264153375,train
pexels-photo-12899190,264153375,train
pexels-photo-12899193,264153375,train
pexels-photo-12899199,264153375,train
pexels-photo-12902857,264153375,train
pexels-photo-12902858,264153375,train
pexels-photo-12902859,264153375,train
pexels-photo-12902860,264153375,train
pexels-photo-12902862,264153375,train
pexels-photo-12902865,264153375,train
pexels-photo-12902866,264153375,train
pexels-photo-12902867,264153375,train
pexels-photo-12902868,264153375,train
pexels-photo-12902869,264153375,train
pexels-photo-12902871,264153375,train
pexels-photo-12902873,264153375,train
pexels-photo-12902876,264153375,train
pexels-photo-12902877,264153375,train
pexels-photo-12902895,264153375,train
pexels-photo-12902899,264153375,train
pexels-photo-12902902,264153375,train
pexels-photo-12902903,264153375,train
pexels-photo-12902904,264153375,train
pexels-photo-12902906,264153375,train
pexels-photo-12902907,264153375,train
pexels-photo-12902909,264153375,train
pexels-photo-12902912,264153375,train
pexels-photo-12902913,264153375,train
pexels-photo-12902916,264153375,train
pexels-photo-12902918,264153375,train
pexels-photo-12902921,264153375,train
pexels-photo-12902922,264153375,train
pexels-photo-12902924,264153375,train
pexels-photo-12902925,264153375,train
pexels-photo-12902926,264153375,train
pexels-photo-12902928,264153375,train
pexels-photo-12902929,264153375,train
pexels-photo-12902930,264153375,train
pexels-photo-12902931,264153375,train
pexels-photo-12902932,264153375,train
pexels-photo-12902938,264153375,train
pexels-photo-12902941,264153375,train
pexels-photo-12902942,264153375,train
pexels-photo-12902945,264153375,train
pexels-photo-12903012,264153375,train
pexels-photo-12903016,264153375,train
pexels-photo-12903094,264153375,train
pexels-photo-12903117,264153375,train
pexels-photo-12903120,264153375,train
pexels-photo-12903121,264153375,train
pexels-photo-12903122,264153375,train
pexels-photo-12903123,264153375,train
pexels-photo-12903124,264153375,train
pexels-photo-12903128,264153375,train
pexels-photo-12903133,264153375,train
pexels-photo-12903142,264153375,train
pexels-photo-12903143,264153375,train
pexels-photo-12903145,264153375,train
pexels-photo-12903147,264153375,train
pexels-photo-12903149,264153375,train
pexels-photo-12903151,264153375,train
pexels-photo-12903152,264153375,train
pexels-photo-12903153,264153375,train
pexels-photo-12903154,264153375,train
pexels-photo-12903155,264153375,train
pexels-photo-12903158,264153375,train
pexels-photo-12903159,264153375,train
pexels-photo-12903160,264153375,train
pexels-photo-12903169,264153375,train
pexels-photo-12903170,264153375,train
pexels-photo-12903171,264153375,train
pexels-photo-12903172,264153375,train
pexels-photo-12903176,264153375,train
pexels-photo-12903178,264153375,train
pexels-photo-12903180,264153375,train
pexels-photo-12903181,264153375,train
pexels-photo-12903182,264153375,train
pexels-photo-12903183,264153375,train
pexels-photo-12903184,264153375,train
pexels-photo-12903185,264153375,train
pexels-photo-12903193,264153375,train
pexels-photo-12903197,264153375,train
pexels-photo-12903241,264153375,train
pexels-photo-12903273,264153375,train
pexels-photo-12903276,264153375,train
pexels-photo-12903298,264153375,train
pexels-photo-12903341,264153375,train
pexels-photo-12903345,264153375,train
pexels-photo-12903349,264153375,train
pexels-photo-12911175,264153375,train
pexels-photo-12911178,264153375,train
pexels-photo-12911180,264153375,train
pexels-photo-12911185,264153375,train
pexels-photo-12911202,264153375,train
pexels-photo-12911203,264153375,train
pexels-photo-12911204,264153375,train
pexels-photo-12911207,264153375,train
pexels-photo-12911209,264153375,train
pexels-photo-12911211,264153375,train
pexels-photo-12911216,264153375,train
pexels-photo-12911217,264153375,train
pexels-photo-12911247,264153375,train
pexels-photo-12911248,264153375,train
pexels-photo-12911252,264153375,train
pexels-photo-12911253,264153375,train
pexels-photo-12911254,264153375,train
pexels-photo-12911255,264153375,train
pexels-photo-12911259,264153375,train
pexels-photo-12911261,264153375,train
pexels-photo-12911263,264153375,train
pexels-photo-12911266,264153375,train
pexels-photo-12911273,264153375,train
pexels-photo-12911274,264153375,train
pexels-photo-12911276,264153375,train
pexels-photo-12911277,264153375,train
pexels-photo-12911281,264153375,train
pexels-photo-12911282,264153375,train
pexels-photo-12911286,264153375,train
pexels-photo-12911287,264153375,train
pexels-photo-12911288,264153375,train
pexels-photo-12911298,264153375,train
pexels-photo-12911301,264153375,train
pexels-photo-12911303,264153375,train
pexels-photo-12911304,264153375,train
pexels-photo-12911305,264153375,train
pexels-photo-12911312,264153375,train
pexels-photo-12911313,264153375,train
pexels-photo-12911315,264153375,train
pexels-photo-12911316,264153375,train
pexels-photo-12911552,264153375,train
pexels-photo-12911847,264153375,train
pexels-photo-12911946,264153375,train
pexels-photo-12911947,264153375,train
pexels-photo-12911948,264153375,train
pexels-photo-12911950,264153375,train
pexels-photo-12911951,264153375,train
pexels-photo-12911956,264153375,train
pexels-photo-12911959,264153375,train
pexels-photo-12911960,264153375,train
pexels-photo-12911961,264153375,train
pexels-photo-12911964,264153375,train
pexels-photo-12912015,264153375,train
pexels-photo-12912017,264153375,train
pexels-photo-12912022,264153375,train
pexels-photo-12912025,264153375,train
pexels-photo-12912072,264153375,train
pexels-photo-12912073,264153375,train
pexels-photo-12912082,264153375,train
pexels-photo-12912087,264153375,train
pexels-photo-12912098,264153375,train
pexels-photo-12912109,264153375,train
pexels-photo-12912114,264153375,train
pexels-photo-12912127,264153375,train
pexels-photo-12927668,276311420,test
pexels-photo-12935044,276315592,train
pexels-photo-12950420,277046249,train
pexels-photo-12950487,277046249,train
pexels-photo-12951630,98050266,train
pexels-photo-12954040,2848684,train
pexels-photo-12955934,100512,val
pexels-photo-12956301,81838757,train
pexels-photo-12956302,81838757,train
pexels-photo-12983497,23776647,test
pexels-photo-12983498,23776647,test
pexels-photo-12983500,23776647,test
pexels-photo-12992734,3674523,train
pexels-photo-12998380,125323072,train
pexels-photo-13003504,3615331,val
pexels-photo-13008566,175410564,test
pexels-photo-13030034,254417215,train
pexels-photo-13058187,2891577,train
pexels-photo-13058796,202980284,test
pexels-photo-13061689,1010938,val
pexels-photo-13083789,72150865,val
pexels-photo-13098743,2383326,test
pexels-photo-1310101,43041,test
pexels-photo-13105426,2821241,val
pexels-photo-13119510,2891577,train
pexels-photo-13121712,2891577,train
pexels-photo-13121713,2891577,train
pexels-photo-13159717,3031128,test
pexels-photo-13159718,3031128,test
pexels-photo-13159719,3031128,test
pexels-photo-13159721,3031128,test
pexels-photo-13159722,3031128,test
pexels-photo-1319458,365778,train
pexels-photo-13201048,190706733,train
pexels-photo-13201084,190706733,train
pexels-photo-13216488,57406512,test
pexels-photo-13229623,3313934,test
pexels-photo-13246168,42038472,val
pexels-photo-13249411,186688133,val
pexels-photo-1325725,567375,test
pexels-photo-1325757,567375,test
pexels-photo-1325761,567375,test
pexels-photo-1325764,567375,test
pexels-photo-13281428,2891577,train
pexels-photo-13296054,3800187,train
pexels-photo-13296066,3800187,train
pexels-photo-13319075,2392943,val
pexels-photo-13319077,2392943,val
pexels-photo-13319079,2392943,val
pexels-photo-13341859,730767,val
pexels-photo-13342812,212558913,train
pexels-photo-13376117,3674523,train
pexels-photo-13408861,46790226,val
pexels-photo-13429178,20457695,test
pexels-photo-13443776,264153375,train
pexels-photo-13445850,1355906,val
pexels-photo-13517443,307957141,test
pexels-photo-13532460,193596566,train
pexels-photo-13532463,193596566,train
pexels-photo-13532504,193596566,train
pexels-photo-13565643,219259388,train
pexels-photo-13569603,305643819,train
pexels-photo-13668359,65907,train
pexels-photo-13673728,196509784,val
pexels-photo-13682993,315697997,test
pexels-photo-13701588,2498658,train
pexels-photo-13734549,1724266,val
pexels-photo-13734873,51668066,val
pexels-photo-13736134,264153375,train
pexels-photo-13748645,21693143,test
pexels-photo-13748649,21693143,test
pexels-photo-13757247,222549,train
pexels-photo-13757390,222549,train
pexels-photo-13757398,222549,train
pexels-photo-13757402,222549,train
pexels-photo-13757429,222549,train
pexels-photo-13757442,222549,train
pexels-photo-13757443,222549,train
pexels-photo-13760485,222549,train
pexels-photo-1377059,328033,val
pexels-photo-13778026,2432543,test
pexels-photo-13794443,1127278,val
pexels-photo-13795569,326725363,val
pexels-photo-13801586,264153375,train
pexels-photo-13801587,264153375,train
pexels-photo-13801588,264153375,train
pexels-photo-13801590,264153375,train
pexels-photo-13801591,264153375,train
pexels-photo-13801592,264153375,train
pexels-photo-13801593,264153375,train
pexels-photo-13801594,264153375,train
pexels-photo-13801595,264153375,train
pexels-photo-13801599,264153375,train
pexels-photo-13801600,264153375,train
pexels-photo-13801602,264153375,train
pexels-photo-13801605,264153375,train
pexels-photo-13801611,264153375,train
pexels-photo-13801613,264153375,train
pexels-photo-13801614,264153375,train
pexels-photo-13801616,264153375,train
pexels-photo-13801617,264153375,train
pexels-photo-13801618,264153375,train
pexels-photo-13801619,264153375,train
pexels-photo-13801620,264153375,train
pexels-photo-13801621,264153375,train
pexels-photo-13801622,264153375,train
pexels-photo-13801623,264153375,train
pexels-photo-13801625,264153375,train
pexels-photo-13801626,264153375,train
pexels-photo-13801627,264153375,train
pexels-photo-13801628,264153375,train
pexels-photo-13801629,264153375,train
pexels-photo-13801630,264153375,train
pexels-photo-13801636,264153375,train
pexels-photo-13801640,264153375,train
pexels-photo-13801641,264153375,train
pexels-photo-13801643,264153375,train
pexels-photo-13801651,264153375,train
pexels-photo-13801653,264153375,train
pexels-photo-13801654,264153375,train
pexels-photo-13802162,264153375,train
pexels-photo-13802163,264153375,train
pexels-photo-13802164,264153375,train
pexels-photo-13805227,2891577,train
pexels-photo-13805231,2891577,train
pexels-photo-13805475,2891577,train
pexels-photo-13820151,2421,test
pexels-photo-13837406,318818142,test
pexels-photo-13846136,2891577,train
pexels-photo-13881178,3290123,val
pexels-photo-13881188,3290123,val
pexels-photo-13890649,2059574,test
pexels-photo-13914845,4392283,train
pexels-photo-13925900,2891577,train
pexels-photo-13928896,170427453,val
pexels-photo-13930482,183842754,train
pexels-photo-13937297,331487869,test
pexels-photo-13944023,183842754,train
pexels-photo-13963338,83495495,val
pexels-photo-13978240,326722901,val
pexels-photo-14000675,337911674,train
pexels-photo-14008091,247214263,train
pexels-photo-14012616,222549,train
pexels-photo-14012633,222549,train
pexels-photo-14012677,222549,train
pexels-photo-14012678,222549,train
pexels-photo-14012679,222549,train
pexels-photo-14012695,222549,train
pexels-photo-14013154,222549,train
pexels-photo-14013156,222549,train
pexels-photo-14013157,222549,train
pexels-photo-14013167,222549,train
pexels-photo-14013188,222549,train
pexels-photo-14022165,222549,train
pexels-photo-14022550,222549,train
pexels-photo-14025931,222549,train
pexels-photo-14036795,296475578,test
pexels-photo-14037652,2891577,train
pexels-photo-14038976,2891577,train
pexels-photo-14047898,2891577,train
pexels-photo-14047899,2891577,train
pexels-photo-14050318,2891577,train
pexels-photo-14050319,2891577,train
pexels-photo-14053428,2688457,train
pexels-photo-14053429,2688457,train
pexels-photo-14054493,792184,val
pexels-photo-14076979,2891577,train
pexels-photo-1411420,616876,val
pexels-photo-14118226,346081162,train
pexels-photo-14118227,346081162,train
pexels-photo-14118331,346081162,train
pexels-photo-14124893,2891577,train
pexels-photo-14129350,334686165,val
pexels-photo-14189334,1491594,train
pexels-photo-14189335,1491594,train
pexels-photo-14189337,1491594,train
pexels-photo-14189340,1491594,train
pexels-photo-14189341,1491594,train
pexels-photo-14189343,1491594,train
pexels-photo-14209333,42709985,train
pexels-photo-14224692,2891577,train
pexels-photo-14252235,289676095,test
pexels-photo-14252238,289676095,test
pexels-photo-14252251,289676095,test
pexels-photo-14265844,340349925,train
pexels-photo-14286187,125115,val
pexels-photo-14305667,326723328,test
pexels-photo-14305679,326723328,test
pexels-photo-14314173,285924264,train
pexels-photo-14357249,485641,test
pexels-photo-14359708,175967339,val
pexels-photo-14367420,314917712,train
pexels-photo-14367421,314917712,train
pexels-photo-14367425,314917712,train
pexels-photo-14367440,314917712,train
pexels-photo-14367441,314917712,train
pexels-photo-14420889,2464540,train
pexels-photo-1445324,424445,train
pexels-photo-14461830,1009759,val
pexels-photo-14466335,2464540,train
pexels-photo-14473225,1437055,test
pexels-photo-14473241,1437055,test
pexels-photo-14507213,198854184,train
pexels-photo-14515675,2891577,train
pexels-photo-14515677,2891577,train
pexels-photo-14524120,9755513,val
pexels-photo-14539147,3004267,test
pexels-photo-14539148,3004267,test
pexels-photo-14539151,3004267,test
pexels-photo-14557571,2891577,train
pexels-photo-14557577,2891577,train
pexels-photo-14557579,2891577,train
pexels-photo-14578285,198854184,train
pexels-photo-14596539,3606218,val
pexels-photo-14598653,342796148,val
pexels-photo-14607237,363024142,val
pexels-photo-14613134,247214263,train
pexels-photo-14614021,191284110,test
pexels-photo-1462642,654466,val
pexels-photo-14652569,2392193,val
pexels-photo-14653155,2891577,train
pexels-photo-1467588,657879,train
pexels-photo-14676586,1707062,train
pexels-photo-14689470,2891577,train
pexels-photo-14707740,2891577,train
pexels-photo-14733703,2891577,train
pexels-photo-1474993,405810,val
pexels-photo-14764014,202384180,test
pexels-photo-14776895,2453171,test
pexels-photo-14783472,3059779,test
pexels-photo-14783477,3059779,test
pexels-photo-14783483,3059779,test
pexels-photo-14788797,2670729,val
pexels-photo-14793021,383798812,test
pexels-photo-14805033,396768996,train
pexels-photo-14805531,211353917,test
pexels-photo-14822653,3640662,val
pexels-photo-14822654,3640662,val
pexels-photo-14831678,236009501,test
pexels-photo-14836742,96719245,test
pexels-photo-14844108,177083790,train
pexels-photo-14846150,198854184,train
pexels-photo-14989326,2941060,train
pexels-photo-15000480,96719245,test
pexels-photo-15016481,86418917,test
pexels-photo-15016508,396768996,train
pexels-photo-15016509,396768996,train
pexels-photo-15016516,396768996,train
pexels-photo-15016520,396768996,train
pexels-photo-15016521,396768996,train
pexels-photo-15016522,396768996,train
pexels-photo-15016523,396768996,train
pexels-photo-15016528,396768996,train
pexels-photo-15016529,396768996,train
pexels-photo-15016530,396768996,train
pexels-photo-15030654,396768996,train
pexels-photo-15041788,2891577,train
pexels-photo-15054904,164429726,val
pexels-photo-15056621,174710171,test
pexels-photo-15056622,174710171,test
pexels-photo-15056625,174710171,test
pexels-photo-15057432,174710171,test
pexels-photo-15059778,173741945,test
pexels-photo-15063590,416970650,test
pexels-photo-15080187,328307310,test
pexels-photo-15087186,2891577,train
pexels-photo-15087624,413077813,test
pexels-photo-15096491,65907,train
pexels-photo-15124970,64452716,val
pexels-photo-15141496,177895,val
pexels-photo-15141520,177895,val
pexels-photo-15141521,177895,val
pexels-photo-15141522,177895,val
pexels-photo-15141529,177895,val
pexels-photo-15141536,177895,val
pexels-photo-15141548,177895,val
pexels-photo-15141659,3131171,train
pexels-photo-15155528,57040649,train
pexels-photo-15190641,405357537,train
pexels-photo-15200451,427061394,test
pexels-photo-15200454,427061394,test
pexels-photo-15211861,910200,test
pexels-photo-15211876,910200,test
pexels-photo-15211878,910200,test
pexels-photo-15229076,2891577,train
pexels-photo-15275103,62577311,val
pexels-photo-15304532,33199,val
pexels-photo-1532768,259965,test
pexels-photo-15360467,311244,val
pexels-photo-15391048,249812616,train
pexels-photo-15392937,249812616,train
pexels-photo-15400752,442859486,test
pexels-photo-15419937,183842754,train
pexels-photo-15441280,210746713,test
pexels-photo-15458299,249812616,train
pexels-photo-15483316,4163559,train
pexels-photo-15483317,4163559,train
pexels-photo-15483318,4163559,train
pexels-photo-15489247,741708,val
pexels-photo-15534813,249812616,train
pexels-photo-15534817,249812616,train
pexels-photo-15543492,392079,train
pexels-photo-15545127,319596948,test
pexels-photo-15546796,3141200,train
pexels-photo-15546799,3141200,train
pexels-photo-15576553,249812616,train
pexels-photo-15579608,451536741,train
pexels-photo-15579616,451536741,train
pexels-photo-15580540,865376,test
pexels-photo-15583203,65907,train
pexels-photo-15610948,222549,train
pexels-photo-15641862,259049,test
pexels-photo-15694973,60335967,train
pexels-photo-15753262,6930116,val
pexels-photo-15776433,23773768,val
pexels-photo-15791521,187261660,test
pexels-photo-15794743,1502600,train
pexels-photo-15806948,1502600,train
pexels-photo-15806960,1502600,train
pexels-photo-15806963,1502600,train
pexels-photo-15806970,1502600,train
pexels-photo-15834397,282192010,val
pexels-photo-15835775,195924540,val
pexels-photo-15866639,463640699,val
pexels-photo-15888226,483165236,train
pexels-photo-1588986,741626,val
pexels-photo-15923439,45786,train
pexels-photo-15923443,45786,train
pexels-photo-15947455,483165236,train
pexels-photo-15947456,483165236,train
pexels-photo-15947457,483165236,train
pexels-photo-15947586,483165236,train
pexels-photo-15947587,483165236,train
pexels-photo-16045267,483165236,train
pexels-photo-16045331,483165236,train
pexels-photo-16045333,483165236,train
pexels-photo-16045335,483165236,train
pexels-photo-16047704,323522203,train
pexels-photo-16053349,38713015,test
pexels-photo-16053351,38713015,test
pexels-photo-16053596,497065016,train
pexels-photo-16070126,499466243,train
pexels-photo-16118315,2891577,train
pexels-photo-16139708,83913660,train
pexels-photo-16144870,152150740,val
pexels-photo-16144871,152150740,val
pexels-photo-16144873,152150740,val
pexels-photo-16144874,152150740,val
pexels-photo-16164823,1289088,train
pexels-photo-16199050,50263006,test
pexels-photo-16205189,264152318,val
pexels-photo-1629184,206851,val
pexels-photo-16303701,205353949,train
pexels-photo-16323455,63322765,train
pexels-photo-1633415,329300,test
pexels-photo-16339549,86845552,train
pexels-photo-16340953,297997938,test
pexels-photo-16342614,4847051,val
pexels-photo-16358481,497065016,train
pexels-photo-16363625,340351297,train
pexels-photo-1638882,154474,train
pexels-photo-16468055,307184443,test
pexels-photo-16468064,307184443,test
pexels-photo-16468065,307184443,test
pexels-photo-16468070,307184443,test
pexels-photo-16468071,307184443,test
pexels-photo-16468073,307184443,test
pexels-photo-16485055,533887648,train
pexels-photo-16485058,533887648,train
pexels-photo-16488529,42038564,test
pexels-photo-16488530,42038564,test
pexels-photo-16488532,42038564,test
pexels-photo-16488533,42038564,test
pexels-photo-16488698,527582413,test
pexels-photo-16494883,792184,val
pexels-photo-1649658,768568,train
pexels-photo-16512710,501842499,val
pexels-photo-1654419,788378,train
pexels-photo-16547816,914571,train
pexels-photo-16552846,85165279,train
pexels-photo-165907,42056,test
pexels-photo-1659746,447123,val
pexels-photo-1659747,447123,val
pexels-photo-1659748,447123,val
pexels-photo-16611091,2800326,train
pexels-photo-16612657,545336397,train
pexels-photo-1662282,628973,test
pexels-photo-16633215,520118969,train
pexels-photo-16647524,61078180,train
pexels-photo-16694009,2891577,train
pexels-photo-16700637,199275842,train
pexels-photo-16747104,1306815,train
pexels-photo-16750116,530105282,val
pexels-photo-16753450,3131171,train
pexels-photo-1676019,804217,test
pexels-photo-16774552,535145966,train
pexels-photo-16793933,301049857,train
pexels-photo-16817331,177885845,val
pexels-photo-16817339,177885845,val
pexels-photo-16943669,3318751,val
pexels-photo-16943671,3318751,val
pexels-photo-16943673,3318751,val
pexels-photo-16961243,517648218,test
pexels-photo-17023636,2891577,train
pexels-photo-17042445,291933503,val
pexels-photo-17042447,291933503,val
pexels-photo-17060508,582280545,val
pexels-photo-17064905,79378678,train
pexels-photo-1718384,255065,train
pexels-photo-17337140,483165236,train
pexels-photo-1739855,97941,train
pexels-photo-17406672,624958792,test
pexels-photo-17410515,247214263,train
pexels-photo-17410518,247214263,train
pexels-photo-17410693,247214263,train
pexels-photo-17410714,247214263,train
pexels-photo-17410734,247214263,train
pexels-photo-17410739,247214263,train
pexels-photo-17444109,586316100,test
pexels-photo-17459764,1169070,train
pexels-photo-17527974,181009866,val
pexels-photo-17540913,5308978,test
pexels-photo-1755698,799589,train
pexels-photo-17572739,483165236,train
pexels-photo-175760,47503,test
pexels-photo-176342,48723,train
pexels-photo-17640015,525097851,val
pexels-photo-17640016,525097851,val
pexels-photo-17640017,525097851,val
pexels-photo-17649488,95842233,test
pexels-photo-17668733,639073289,train
pexels-photo-17683585,644773195,test
pexels-photo-17703052,587679690,val
pexels-photo-17710255,282933044,train
pexels-photo-17710270,282933044,train
pexels-photo-17745339,32887461,test
pexels-photo-17745340,32887461,test
pexels-photo-1775333,358536,train
pexels-photo-17768869,222333082,val
pexels-photo-17769603,608235745,test
pexels-photo-17797264,2433751,train
pexels-photo-17797265,2433751,train
pexels-photo-17841794,170977881,train
pexels-photo-17842695,370983150,val
pexels-photo-17878579,1873088,train
pexels-photo-17886376,314917712,train
pexels-photo-17909561,680827937,val
pexels-photo-17921805,546614745,train
pexels-photo-17931822,530113630,val
pexels-photo-17937669,669215069,test
pexels-photo-17937671,669215069,test
pexels-photo-17937672,669215069,test
pexels-photo-17937676,669215069,test
pexels-photo-1797415,880417,test
pexels-photo-1797428,880417,test
pexels-photo-18039746,627773289,test
pexels-photo-18039747,627773289,test
pexels-photo-18079568,86845552,train
pexels-photo-18110372,363024550,train
pexels-photo-18110523,3615017,train
pexels-photo-18111292,3131171,train
pexels-photo-18111488,3131171,train
pexels-photo-18192264,372779266,val
pexels-photo-18194443,77351542,val
pexels-photo-18228115,660549015,val
pexels-photo-18250885,228642,test
pexels-photo-18293962,427046423,val
pexels-photo-18297553,3876357,train
pexels-photo-18316085,517636756,test
pexels-photo-18316597,123397751,val
pexels-photo-18355812,286672532,val
pexels-photo-18367534,3615017,train
pexels-photo-18373966,2891577,train
pexels-photo-18374009,2891577,train
pexels-photo-18374073,2891577,train
pexels-photo-18381168,106102925,train
pexels-photo-18414885,440739624,val
pexels-photo-18417877,172080999,test
pexels-photo-18420593,285175026,train
pexels-photo-18477780,673559559,val
pexels-photo-18498207,3615017,train
pexels-photo-18498214,3615017,train
pexels-photo-18502262,609630353,val
pexels-photo-18509444,309493370,val
pexels-photo-18512541,609630353,val
pexels-photo-18515366,739227478,train
pexels-photo-18517684,107017486,test
pexels-photo-18526928,302575920,train
pexels-photo-18543179,86845552,train
pexels-photo-18548763,326726117,test
pexels-photo-18548764,326726117,test
pexels-photo-18548771,326726117,test
pexels-photo-18607444,712201225,train
pexels-photo-18616226,42709900,test
pexels-photo-18616228,42709900,test
pexels-photo-18623180,370983150,val
pexels-photo-18651844,792184,val
pexels-photo-18652004,792184,val
pexels-photo-18652008,792184,val
pexels-photo-18670265,310271908,val
pexels-photo-1869580,3052,train
pexels-photo-18700678,753062295,val
pexels-photo-18760973,424970785,train
pexels-photo-18785077,16868974,val
pexels-photo-18794597,337108406,train
pexels-photo-18807690,306413796,train
pexels-photo-18807693,306413796,train
pexels-photo-18856735,276311913,train
pexels-photo-18859367,865376,test
pexels-photo-18882074,865376,test
pexels-photo-18928315,337914115,test
pexels-photo-18969901,453708414,val
pexels-photo-18969902,453708414,val
pexels-photo-18969926,453708414,val
pexels-photo-18998350,160121363,test
pexels-photo-19012681,745300027,test
pexels-photo-19038626,716701148,test
pexels-photo-19087917,6109,test
pexels-photo-19138366,793661,val
pexels-photo-19151978,306413796,train
pexels-photo-19162212,311244,val
pexels-photo-19163210,572772944,test
pexels-photo-19166579,428098423,val
pexels-photo-19167865,266262559,val
pexels-photo-19168095,517636756,test
pexels-photo-19219094,2104179,val
pexels-photo-19224455,375490411,train
pexels-photo-19225108,2605843,val
pexels-photo-19225212,2605843,val
pexels-photo-19231502,88107182,train
pexels-photo-19245514,792420816,test
pexels-photo-1928079,372053,train
pexels-photo-1928086,372053,train
pexels-photo-19317897,166058283,test
pexels-photo-19319639,166058283,test
pexels-photo-194930,11203,val
pexels-photo-2005010,861665,train
pexels-photo-2076727,873203,test
pexels-photo-2078127,550304,train
pexels-photo-209229,2659,train
pexels-photo-209230,2659,train
pexels-photo-209235,2659,train
pexels-photo-209271,2659,train
pexels-photo-209279,2659,train
pexels-photo-209719,2659,train
pexels-photo-210144,2659,train
pexels-photo-210881,2659,train
pexels-photo-2127007,801267,train
pexels-photo-2127040,801267,train
pexels-photo-2128039,1123775,train
pexels-photo-213166,4672,val
pexels-photo-213167,4672,val
pexels-photo-2132207,222549,train
pexels-photo-2137670,222549,train
pexels-photo-2149328,222549,train
pexels-photo-2159131,222549,train
pexels-photo-2163985,222549,train
pexels-photo-2166808,1133558,train
pexels-photo-2170450,1011185,train
pexels-photo-2171409,222549,train
pexels-photo-2182974,519967,val
pexels-photo-2183113,447505,train
pexels-photo-2186572,435351,test
pexels-photo-219101,7311,val
pexels-photo-2192682,3052,train
pexels-photo-220469,2659,train
pexels-photo-2209529,759728,train
pexels-photo-221047,2659,train
pexels-photo-2219024,628625,train
pexels-photo-2239568,1175217,test
pexels-photo-2239655,431903,test
pexels-photo-2244746,349305,val
pexels-photo-2247138,253406,train
pexels-photo-2249290,994422,train
pexels-photo-226003,2662,train
pexels-photo-2260825,1180470,val
pexels-photo-2260933,1180470,val
pexels-photo-2260934,1180470,val
pexels-photo-2310483,329300,test
pexels-photo-2317384,19851,train
pexels-photo-2317640,903600,test
pexels-photo-2324637,217645,val
pexels-photo-2326958,985928,test
pexels-photo-2331536,1226419,test
pexels-photo-2352354,956039,test
pexels-photo-237996,57233,train
pexels-photo-2381463,1252395,test
pexels-photo-2382665,1179532,train
pexels-photo-2383286,1182693,train
pexels-photo-2383649,1244904,train
pexels-photo-2383650,1244904,train
pexels-photo-239509,67659,val
pexels-photo-2396134,1096796,test
pexels-photo-2437565,1277126,val
pexels-photo-2446711,1259154,test
pexels-photo-2448522,1282712,test
pexels-photo-2454697,435351,test
pexels-photo-2480481,1221568,test
pexels-photo-2517330,1272732,test
pexels-photo-2526935,169323,train
pexels-photo-2554128,1123380,train
pexels-photo-256297,2659,train
pexels-photo-256381,2659,train
pexels-photo-2566070,1332691,test
pexels-photo-2566850,424445,train
pexels-photo-2574529,1233920,test
pexels-photo-257636,2659,train
pexels-photo-258626,2659,train
pexels-photo-259265,2659,train
pexels-photo-259870,2659,train
pexels-photo-259984,2659,train
pexels-photo-2628105,1272732,test
pexels-photo-2637051,974862,val
pexels-photo-264512,2659,train
pexels-photo-2658575,1093942,val
pexels-photo-266047,4672,val
pexels-photo-2668638,1381213,test
pexels-photo-2670327,1381717,train
pexels-photo-268004,7311,val
pexels-photo-2715887,1357542,test
pexels-photo-2747017,1423213,train
pexels-photo-275030,2659,train
pexels-photo-2760241,1423213,train
pexels-photo-2760242,1423213,train
pexels-photo-2760243,1423213,train
pexels-photo-2760244,1423213,train
pexels-photo-2760343,1423213,train
pexels-photo-2760344,1423213,train
pexels-photo-279949,2659,train
pexels-photo-280076,2659,train
pexels-photo-2845220,1473183,val
pexels-photo-286691,11499,train
pexels-photo-2873016,1491594,train
pexels-photo-2880871,1423213,train
pexels-photo-2880872,1423213,train
pexels-photo-2885326,1268114,test
pexels-photo-2886006,1263901,val
pexels-photo-2889082,1498872,train
pexels-photo-2889093,1182693,train
pexels-photo-2889193,1182693,train
pexels-photo-2889199,1182693,train
pexels-photo-2889347,1182693,train
pexels-photo-2892373,65907,train
pexels-photo-2892419,65907,train
pexels-photo-2898199,1179532,train
pexels-photo-2915155,1140399,val
pexels-photo-2944422,725917,train
pexels-photo-296242,89898,val
pexels-photo-2965258,1423213,train
pexels-photo-2965260,1423213,train
pexels-photo-2973399,892860,val
pexels-photo-297814,66707,train
pexels-photo-2982653,557790,val
pexels-photo-2995864,1423213,train
pexels-photo-3009799,531357,train
pexels-photo-3025494,840092,val
pexels-photo-3050833,116950,train
pexels-photo-3066772,1437723,train
pexels-photo-3070211,1598013,train
pexels-photo-3071464,1256099,train
pexels-photo-3084060,1536483,val
pexels-photo-3084330,1127278,val
pexels-photo-3084334,1127278,val
pexels-photo-3091610,861997,val
pexels-photo-3097103,1423700,val
pexels-photo-3098992,873203,test
pexels-photo-3119949,1179532,train
pexels-photo-313773,99238,test
pexels-photo-313776,99238,test
pexels-photo-3145866,1415858,train
pexels-photo-3153198,1614591,test
pexels-photo-3153201,1614591,test
pexels-photo-3153204,1614591,test
pexels-photo-3153207,1614591,test
pexels-photo-3158651,1423213,train
pexels-photo-3170398,1658536,val
pexels-photo-3181187,1423213,train
pexels-photo-3182105,1231384,test
pexels-photo-3182765,1281351,train
pexels-photo-3182766,1281351,train
pexels-photo-3182768,1281351,train
pexels-photo-3182772,1281351,train
pexels-photo-3182773,1281351,train
pexels-photo-3182774,1281351,train
pexels-photo-3182776,1281351,train
pexels-photo-3182779,1281351,train
pexels-photo-3182781,1281351,train
pexels-photo-3182784,1281351,train
pexels-photo-3182808,1281351,train
pexels-photo-3182822,1281351,train
pexels-photo-3182824,1281351,train
pexels-photo-3182826,1281351,train
pexels-photo-3182827,1281351,train
pexels-photo-3182828,1281351,train
pexels-photo-3182834,1281351,train
pexels-photo-3183165,1281351,train
pexels-photo-3183188,1281351,train
pexels-photo-3184182,1281351,train
pexels-photo-3184299,1281351,train
pexels-photo-3184303,1281351,train
pexels-photo-3184338,1281351,train
pexels-photo-3184423,1281351,train
pexels-photo-3186949,1423213,train
pexels-photo-3194518,1614591,test
pexels-photo-3194523,1614591,test
pexels-photo-3194524,1614591,test
pexels-photo-320044,102323,train
pexels-photo-3201718,1437723,train
pexels-photo-3202239,1437723,train
pexels-photo-3205568,1437723,train
pexels-photo-3205570,1437723,train
pexels-photo-320621,64844,train
pexels-photo-3226514,647565,test
pexels-photo-3242558,157998,test
pexels-photo-3250709,1681894,val
pexels-photo-3268755,1265112,train
pexels-photo-3271160,1080117,test
pexels-photo-3285094,1080117,test
pexels-photo-3285197,1491594,train
pexels-photo-3285203,1491594,train
pexels-photo-334032,2421,test
pexels-photo-3342364,330064,test
pexels-photo-3355369,1782448,test
pexels-photo-3361230,1423213,train
pexels-photo-3361235,1423213,train
pexels-photo-3377214,1376113,train
pexels-photo-3377222,1376113,train
pexels-photo-3377223,1376113,train
pexels-photo-3379761,892860,val
pexels-photo-3379763,892860,val
pexels-photo-3388217,1156359,val
pexels-photo-3406027,1788215,train
pexels-photo-3406354,1080117,test
pexels-photo-3411129,1032044,test
pexels-photo-3415148,325194,test
pexels-photo-3435378,1080117,test
pexels-photo-3469698,1782448,test
pexels-photo-3469707,1782448,test
pexels-photo-3493793,1883853,test
pexels-photo-3536424,1429833,test
pexels-photo-3544567,1920519,train
pexels-photo-356040,2659,train
pexels-photo-3562316,408045,test
pexels-photo-3562325,408045,test
pexels-photo-3570071,759728,train
pexels-photo-3576345,1506630,train
pexels-photo-3579538,692105,train
pexels-photo-3585856,305072,train
pexels-photo-3592362,1743227,test
pexels-photo-3609139,1948912,train
pexels-photo-3621231,631997,val
pexels-photo-3622561,89898,val
pexels-photo-3622671,2001609,val
pexels-photo-3632669,862588,train
pexels-photo-3634878,218020,train
pexels-photo-3642618,2021617,train
pexels-photo-3655765,26735,train
pexels-photo-3658574,1423700,val
pexels-photo-3678057,261338,train
pexels-photo-3678226,1423213,train
pexels-photo-3678228,1423213,train
pexels-photo-3680959,2053893,train
pexels-photo-3687977,631997,val
pexels-photo-3688260,631997,val
pexels-photo-3688262,631997,val
pexels-photo-3688501,1610611,val
pexels-photo-3689289,1995936,val
pexels-photo-3689296,1995936,val
pexels-photo-3716681,5498,test
pexels-photo-3717293,915467,train
pexels-photo-3724482,861332,test
pexels-photo-3736102,1423213,train
pexels-photo-3736103,1423213,train
pexels-photo-3736109,1423213,train
pexels-photo-3747140,2045104,val
pexels-photo-3747152,2045104,val
pexels-photo-3747161,2045104,val
pexels-photo-3752084,116286,train
pexels-photo-3755849,1959997,test
pexels-photo-3756678,224453,train
pexels-photo-3756884,224453,train
pexels-photo-3757147,1664241,train
pexels-photo-3757656,224453,train
pexels-photo-375889,47503,test
pexels-photo-375903,47503,test
pexels-photo-3760263,224453,train
pexels-photo-3760778,224453,train
pexels-photo-3760814,224453,train
pexels-photo-3760929,1610611,val
pexels-photo-3760930,1610611,val
pexels-photo-3760958,1610611,val
pexels-photo-3763234,2129942,train
pexels-photo-3767229,2134000,test
pexels-photo-3768911,224453,train
pexels-photo-3769162,224453,train
pexels-photo-3769742,224453,train
pexels-photo-3770099,224453,train
pexels-photo-3770141,224453,train
pexels-photo-3770291,224453,train
pexels-photo-3771080,224453,train
pexels-photo-3771089,224453,train
pexels-photo-3771111,224453,train
pexels-photo-3771124,224453,train
pexels-photo-3771819,224453,train
pexels-photo-3772616,224453,train
pexels-photo-3772618,224453,train
pexels-photo-3774795,1723413,test
pexels-photo-3778141,1437723,train
pexels-photo-3778201,1437723,train
pexels-photo-3778205,1437723,train
pexels-photo-3778207,1437723,train
pexels-photo-3778525,1437723,train
pexels-photo-3778571,1437723,train
pexels-photo-3778615,2045104,val
pexels-photo-3778997,1437723,train
pexels-photo-3778999,1437723,train
pexels-photo-3779016,1437723,train
pexels-photo-3779062,1437723,train
pexels-photo-3779072,1437723,train
pexels-photo-3779187,1761205,val
pexels-photo-3781346,202755,test
pexels-photo-3784648,258084,train
pexels-photo-3790811,224453,train
pexels-photo-3790833,224453,train
pexels-photo-3790848,224453,train
pexels-photo-3790849,224453,train
pexels-photo-3791116,224453,train
pexels-photo-3791123,224453,train
pexels-photo-3791126,224453,train
pexels-photo-3791129,224453,train
pexels-photo-3791185,224453,train
pexels-photo-3791242,224453,train
pexels-photo-3791533,224453,train
pexels-photo-3791539,224453,train
pexels-photo-3792575,1397061,test
pexels-photo-3794743,1179532,train
pexels-photo-3794745,1179532,train
pexels-photo-3794747,1179532,train
pexels-photo-3794748,1179532,train
pexels-photo-3794760,1179532,train
pexels-photo-3794777,1179532,train
pexels-photo-3794805,1179532,train
pexels-photo-3795689,1251397,val
pexels-photo-3796788,1391366,test
pexels-photo-3796810,224453,train
pexels-photo-379960,4672,val
pexels-photo-379964,4672,val
pexels-photo-3800149,224453,train
pexels-photo-3800456,2161259,train
pexels-photo-3801422,224453,train
pexels-photo-3801426,224453,train
pexels-photo-3801451,224453,train
pexels-photo-3801647,224453,train
pexels-photo-3801649,224453,train
pexels-photo-3801688,1995936,val
pexels-photo-3801690,224453,train
pexels-photo-3801701,224453,train
pexels-photo-3807319,224453,train
pexels-photo-3807695,224453,train
pexels-photo-3807799,224453,train
pexels-photo-3808818,224453,train
pexels-photo-3808822,224453,train
pexels-photo-3810753,430381,test
pexels-photo-3810755,430381,test
pexels-photo-3810756,430381,test
pexels-photo-3810761,430381,test
pexels-photo-3810762,430381,test
pexels-photo-3810788,430381,test
pexels-photo-3810792,430381,test
pexels-photo-3810793,430381,test
pexels-photo-3810795,430381,test
pexels-photo-3810831,430381,test
pexels-photo-3811082,430381,test
pexels-photo-3811817,224453,train
pexels-photo-3811818,224453,train
pexels-photo-3811824,224453,train
pexels-photo-3811829,224453,train
pexels-photo-3811832,224453,train
pexels-photo-3811835,224453,train
pexels-photo-3811842,224453,train
pexels-photo-3811843,224453,train
pexels-photo-3811855,224453,train
pexels-photo-3811859,224453,train
pexels-photo-3811868,224453,train
pexels-photo-3814513,224453,train
pexels-photo-3814539,224453,train
pexels-photo-3814575,224453,train
pexels-photo-3814586,224453,train
pexels-photo-3814588,224453,train
pexels-photo-3814617,224453,train
pexels-photo-3817730,224453,train
pexels-photo-3817756,224453,train
pexels-photo-3817784,224453,train
pexels-photo-3817785,224453,train
pexels-photo-3817791,224453,train
pexels-photo-3817793,224453,train
pexels-photo-3817825,224453,train
pexels-photo-3817828,224453,train
pexels-photo-3817839,224453,train
pexels-photo-3817913,224453,train
pexels-photo-3817919,224453,train
pexels-photo-3818529,224453,train
pexels-photo-3818549,224453,train
pexels-photo-3818555,224453,train
pexels-photo-3818583,224453,train
pexels-photo-3818585,224453,train
pexels-photo-3818597,224453,train
pexels-photo-3818903,224453,train
pexels-photo-3818938,224453,train
pexels-photo-3819524,224453,train
pexels-photo-3822784,224453,train
pexels-photo-3822802,224453,train
pexels-photo-3822828,224453,train
pexels-photo-3822836,224453,train
pexels-photo-3822840,224453,train
pexels-photo-3822843,224453,train
pexels-photo-3822844,224453,train
pexels-photo-3822850,224453,train
pexels-photo-3822859,224453,train
pexels-photo-3822900,224453,train
pexels-photo-3822927,224453,train
pexels-photo-3822937,224453,train
pexels-photo-3822938,224453,train
pexels-photo-3822949,224453,train
pexels-photo-3822955,224453,train
pexels-photo-3822958,224453,train
pexels-photo-3823190,224453,train
pexels-photo-3823200,224453,train
pexels-photo-3823218,224453,train
pexels-photo-3823220,224453,train
pexels-photo-3823225,224453,train
pexels-photo-3823415,224453,train
pexels-photo-3823418,224453,train
pexels-photo-3823425,224453,train
pexels-photo-3823440,224453,train
pexels-photo-3823493,224453,train
pexels-photo-3823494,224453,train
pexels-photo-3823540,224453,train
pexels-photo-3825413,430381,test
pexels-photo-3825434,430381,test
pexels-photo-3825435,430381,test
pexels-photo-3825540,430381,test
pexels-photo-3825580,430381,test
pexels-photo-3825581,430381,test
pexels-photo-3825582,430381,test
pexels-photo-3825584,430381,test
pexels-photo-3825585,430381,test
pexels-photo-3828527,2127454,val
pexels-photo-3831159,224453,train
pexels-photo-3831873,224453,train
pexels-photo-3831890,224453,train
pexels-photo-3839025,224453,train
pexels-photo-3840447,3052,train
pexels-photo-3844516,224453,train
pexels-photo-3844522,224453,train
pexels-photo-3844524,224453,train
pexels-photo-3844533,224453,train
pexels-photo-3845016,224453,train
pexels-photo-3845026,224453,train
pexels-photo-3845946,224453,train
pexels-photo-3845987,224453,train
pexels-photo-3845995,1984515,train
pexels-photo-3845996,1984515,train
pexels-photo-3846000,224453,train
pexels-photo-3846005,1984515,train
pexels-photo-3846006,1984515,train
pexels-photo-3846012,224453,train
pexels-photo-3846020,1984515,train
pexels-photo-3846033,224453,train
pexels-photo-3846038,1984515,train
pexels-photo-3846042,224453,train
pexels-photo-3846086,224453,train
pexels-photo-3846111,224453,train
pexels-photo-3846118,224453,train
pexels-photo-3846129,224453,train
pexels-photo-3846145,224453,train
pexels-photo-3846249,224453,train
pexels-photo-3846251,224453,train
pexels-photo-3846255,224453,train
pexels-photo-3846258,224453,train
pexels-photo-3846262,224453,train
pexels-photo-3846269,224453,train
pexels-photo-3846390,224453,train
pexels-photo-3846430,224453,train
pexels-photo-3846440,224453,train
pexels-photo-3846459,224453,train
pexels-photo-3846508,224453,train
pexels-photo-3846529,224453,train
pexels-photo-3846544,224453,train
pexels-photo-3846548,224453,train
pexels-photo-3846554,224453,train
pexels-photo-3846559,224453,train
pexels-photo-3846568,224453,train
pexels-photo-3846583,224453,train
pexels-photo-3846606,224453,train
pexels-photo-3848235,224453,train
pexels-photo-3848899,2195383,test
pexels-photo-3850209,372271,val
pexels-photo-3851141,224453,train
pexels-photo-3851254,1583460,val
pexels-photo-3851255,1583460,val
pexels-photo-3853010,224453,train
pexels-photo-3853198,224453,train
pexels-photo-3855217,224453,train
pexels-photo-3855218,224453,train
pexels-photo-3855219,224453,train
pexels-photo-3855220,224453,train
pexels-photo-3855222,224453,train
pexels-photo-3855223,224453,train
pexels-photo-3855224,224453,train
pexels-photo-3855225,224453,train
pexels-photo-3855226,224453,train
pexels-photo-3855230,224453,train
pexels-photo-3855231,224453,train
pexels-photo-3855329,224453,train
pexels-photo-3855333,224453,train
pexels-photo-3855334,224453,train
pexels-photo-3855335,224453,train
pexels-photo-3855336,224453,train
pexels-photo-3855341,224453,train
pexels-photo-3855342,224453,train
pexels-photo-3855343,224453,train
pexels-photo-3855344,224453,train
pexels-photo-3855469,224453,train
pexels-photo-3855470,224453,train
pexels-photo-3855471,224453,train
pexels-photo-3855473,224453,train
pexels-photo-3855474,224453,train
pexels-photo-3855475,224453,train
pexels-photo-3855476,224453,train
pexels-photo-3855477,224453,train
pexels-photo-3855478,224453,train
pexels-photo-3855479,224453,train
pexels-photo-3855480,224453,train
pexels-photo-3855482,224453,train
pexels-photo-3855483,224453,train
pexels-photo-3855599,224453,train
pexels-photo-3855619,224453,train
pexels-photo-3855645,224453,train
pexels-photo-3855646,224453,train
pexels-photo-3855648,224453,train
pexels-photo-3855649,224453,train
pexels-photo-3855650,224453,train
pexels-photo-3855654,224453,train
pexels-photo-3855658,224453,train
pexels-photo-3855761,224453,train
pexels-photo-3855762,224453,train
pexels-photo-3855763,224453,train
pexels-photo-3855765,224453,train
pexels-photo-3855766,224453,train
pexels-photo-3855767,224453,train
pexels-photo-3855768,224453,train
pexels-photo-3855771,224453,train
pexels-photo-3855772,224453,train
pexels-photo-3856037,177895,val
pexels-photo-3856086,224453,train
pexels-photo-3856087,224453,train
pexels-photo-3856088,224453,train
pexels-photo-3856090,224453,train
pexels-photo-3856091,224453,train
pexels-photo-3856118,224453,train
pexels-photo-3856119,224453,train
pexels-photo-3858814,1423213,train
pexels-photo-3860628,224453,train
pexels-photo-3861561,224453,train
pexels-photo-3861787,1179532,train
pexels-photo-3861814,224453,train
pexels-photo-3861948,2149839,test
pexels-photo-3861951,2149839,test
pexels-photo-3861952,2149839,test
pexels-photo-3861960,2149839,test
pexels-photo-3861963,2149839,test
pexels-photo-3861972,2149839,test
pexels-photo-3861973,2149839,test
pexels-photo-3862125,2149839,test
pexels-photo-3862127,2149839,test
pexels-photo-3862129,2149839,test
pexels-photo-3862605,2149839,test
pexels-photo-3862614,2149839,test
pexels-photo-3862618,2149839,test
pexels-photo-3862619,2149839,test
pexels-photo-3862623,2149839,test
pexels-photo-3862627,2149839,test
pexels-photo-3862632,2149839,test
pexels-photo-3862638,2149839,test
pexels-photo-3863773,224453,train
pexels-photo-3863787,224453,train
pexels-photo-3863788,224453,train
pexels-photo-3863811,224453,train
pexels-photo-3866626,224453,train
pexels-photo-3866632,224453,train
pexels-photo-3866761,224453,train
pexels-photo-3867603,2206740,train
pexels-photo-3867823,519967,val
pexels-photo-3867824,519967,val
pexels-photo-3867825,519967,val
pexels-photo-3867831,519967,val
pexels-photo-3867833,519967,val
pexels-photo-3867835,519967,val
pexels-photo-3867836,519967,val
pexels-photo-3867837,519967,val
pexels-photo-3867839,519967,val
pexels-photo-3867841,519967,val
pexels-photo-3867842,519967,val
pexels-photo-3867845,519967,val
pexels-photo-3867846,519967,val
pexels-photo-3867850,519967,val
pexels-photo-3867852,519967,val
pexels-photo-3869173,1182693,train
pexels-photo-3869180,1182693,train
pexels-photo-3869187,1182693,train
pexels-photo-3872380,224453,train
pexels-photo-3872397,224453,train
pexels-photo-3872420,224453,train
pexels-photo-3872453,224453,train
pexels-photo-3873734,2206740,train
pexels-photo-3873735,2206740,train
pexels-photo-3873740,2206740,train
pexels-photo-3873741,2206740,train
pexels-photo-3873743,2206740,train
pexels-photo-3873745,2206740,train
pexels-photo-3873746,2206740,train
pexels-photo-3873834,224453,train
pexels-photo-3873853,2206740,train
pexels-photo-3873861,2206740,train
pexels-photo-3873862,2206740,train
pexels-photo-3873872,2206740,train
pexels-photo-3873876,224453,train
pexels-photo-3873884,224453,train
pexels-photo-3873891,224453,train
pexels-photo-3873980,2213398,val
pexels-photo-3874038,2206740,train
pexels-photo-3874109,2206740,train
pexels-photo-3876392,129267,test
pexels-photo-3877440,1496562,val
pexels-photo-3877821,1929144,val
pexels-photo-3880844,224453,train
pexels-photo-3880956,224453,train
pexels-photo-3881009,224453,train
pexels-photo-3881402,224453,train
pexels-photo-3881422,224453,train
pexels-photo-3881814,224453,train
pexels-photo-3884083,224453,train
pexels-photo-3884133,224453,train
pexels-photo-3884140,224453,train
pexels-photo-3891926,224453,train
pexels-photo-3912369,2149839,test
pexels-photo-3912373,2149839,test
pexels-photo-3912378,2149839,test
pexels-photo-3912476,2149839,test
pexels-photo-3913030,2149839,test
pexels-photo-3913982,224453,train
pexels-photo-3926851,1423213,train
pexels-photo-3928260,224453,train
pexels-photo-3930972,224453,train
pexels-photo-3931006,224453,train
pexels-photo-3931131,224453,train
pexels-photo-3931391,224453,train
pexels-photo-3931399,224453,train
pexels-photo-3931507,224453,train
pexels-photo-3931511,224453,train
pexels-photo-3931596,224453,train
pexels-photo-3931602,224453,train
pexels-photo-3931636,224453,train
pexels-photo-3932227,224453,train
pexels-photo-3932231,224453,train
pexels-photo-3932233,224453,train
pexels-photo-3932239,224453,train
pexels-photo-3932291,224453,train
pexels-photo-3932718,224453,train
pexels-photo-3932720,224453,train
pexels-photo-3932728,224453,train
pexels-photo-3932730,224453,train
pexels-photo-3932739,224453,train
pexels-photo-3932836,224453,train
pexels-photo-3936360,2072,train
pexels-photo-3942369,541357,test
pexels-photo-3957980,1437723,train
pexels-photo-3957986,1437723,train
pexels-photo-3957989,1437723,train
pexels-photo-3957992,1437723,train
pexels-photo-3957993,1437723,train
pexels-photo-3965556,1005150,test
pexels-photo-3966265,224453,train
pexels-photo-3966266,224453,train
pexels-photo-3966267,224453,train
pexels-photo-3966269,224453,train
pexels-photo-3966270,224453,train
pexels-photo-3966272,224453,train
pexels-photo-3966275,224453,train
pexels-photo-3966550,224453,train
pexels-photo-3966551,224453,train
pexels-photo-3966779,224453,train
pexels-photo-3966786,224453,train
pexels-photo-3974754,224453,train
pexels-photo-3974756,224453,train
pexels-photo-3974780,224453,train
pexels-photo-3975054,2305611,test
pexels-photo-3975055,2305611,test
pexels-photo-3975056,2305611,test
pexels-photo-3975062,2305611,test
pexels-photo-3975063,2305611,test
pexels-photo-3975064,2305611,test
pexels-photo-3975580,1056622,val
pexels-photo-3975646,1056622,val
pexels-photo-3975647,1056622,val
pexels-photo-3975668,1056622,val
pexels-photo-3975671,1056622,val
pexels-photo-3975672,1056622,val
pexels-photo-3975673,1056622,val
pexels-photo-3975676,1056622,val
pexels-photo-3975677,1056622,val
pexels-photo-3992928,2326024,val
pexels-photo-3992950,2326024,val
pexels-photo-3993308,1437723,train
pexels-photo-3993309,1437723,train
pexels-photo-3997249,205003,train
pexels-photo-4008391,1409729,train
pexels-photo-4021779,2332540,train
pexels-photo-4021796,2332540,train
pexels-photo-4021798,2332540,train
pexels-photo-4021800,2332540,train
pexels-photo-4021801,2332540,train
pexels-photo-4021806,2332540,train
pexels-photo-4021809,2332540,train
pexels-photo-4021810,2332540,train
pexels-photo-4021811,2332540,train
pexels-photo-4021813,2332540,train
pexels-photo-4021816,2332540,train
pexels-photo-4021817,2332540,train
pexels-photo-4021818,2332540,train
pexels-photo-4021819,2332540,train
pexels-photo-4021820,2332540,train
pexels-photo-4022018,372271,val
pexels-photo-4022019,372271,val
pexels-photo-4022022,372271,val
pexels-photo-4022052,372271,val
pexels-photo-4025501,1252395,test
pexels-photo-4031523,2353665,test
pexels-photo-4031525,2353665,test
pexels-photo-4047436,2408093,test
pexels-photo-4047666,2408093,test
pexels-photo-4047667,2408093,test
pexels-photo-4050194,2408093,test
pexels-photo-4050216,2408093,test
pexels-photo-4050220,2408093,test
pexels-photo-4050310,2278756,val
pexels-photo-4050312,2278756,val
pexels-photo-4050315,2278756,val
pexels-photo-4050319,2278756,val
pexels-photo-4050363,2278756,val
pexels-photo-4050367,2278756,val
pexels-photo-4050426,2278756,val
pexels-photo-4050436,2278756,val
pexels-photo-4050437,2278756,val
pexels-photo-4050441,2278756,val
pexels-photo-4050442,2278756,val
pexels-photo-4050443,2278756,val
pexels-photo-4050463,2278756,val
pexels-photo-4070450,861997,val
pexels-photo-4082524,79352,test
pexels-photo-4090602,1582361,train
pexels-photo-4098577,2416505,val
pexels-photo-4106857,1753615,val
pexels-photo-4108206,2045104,val
pexels-photo-4112938,1988778,train
pexels-photo-4114951,320794,train
pexels-photo-4118545,2215293,train
pexels-photo-4119874,222549,train
pexels-photo-4126805,2515433,train
pexels-photo-4126810,2515433,train
pexels-photo-4126811,2515433,train
pexels-photo-4126901,2515433,train
pexels-photo-4130210,2515851,val
pexels-photo-4132425,2515433,train
pexels-photo-4132427,2515433,train
pexels-photo-4132430,2515433,train
pexels-photo-4132431,2515433,train
pexels-photo-4132432,2515433,train
pexels-photo-4132433,2515433,train
pexels-photo-4132434,2515433,train
pexels-photo-4132436,2515433,train
pexels-photo-4132437,2515433,train
pexels-photo-4132439,2515433,train
pexels-photo-4132440,2515433,train
pexels-photo-4132651,1502613,test
pexels-photo-4134382,1874301,train
pexels-photo-4135813,2532955,test
pexels-photo-4135926,2533691,train
pexels-photo-4140908,2417028,val
pexels-photo-4140917,2417028,val
pexels-photo-4140922,2417028,val
pexels-photo-4140923,2417028,val
pexels-photo-4140940,2417028,val
pexels-photo-4140944,2417028,val
pexels-photo-4149070,2206740,train
pexels-photo-4173230,2206740,train
pexels-photo-4173235,2206740,train
pexels-photo-4173256,2206740,train
pexels-photo-4173257,2206740,train
pexels-photo-4173263,2206740,train
pexels-photo-4173267,2206740,train
pexels-photo-4173272,2206740,train
pexels-photo-4173273,2206740,train
pexels-photo-4173274,2206740,train
pexels-photo-4173275,2206740,train
pexels-photo-4173276,2206740,train
pexels-photo-4173284,2206740,train
pexels-photo-4173285,2206740,train
pexels-photo-4173286,2206740,train
pexels-photo-4173287,2206740,train
pexels-photo-4173288,2206740,train
pexels-photo-4173289,2206740,train
pexels-photo-4173290,2206740,train
pexels-photo-4173291,2206740,train
pexels-photo-4173293,2206740,train
pexels-photo-4173352,2206740,train
pexels-photo-4173356,2206740,train
pexels-photo-4173361,2206740,train
pexels-photo-4175032,2571833,val
pexels-photo-4178801,371539,train
pexels-photo-4186426,2605843,val
pexels-photo-4194358,2617152,train
pexels-photo-4195341,2610843,test
pexels-photo-4195342,2610843,test
pexels-photo-4195344,2610843,test
pexels-photo-4195502,2332540,train
pexels-photo-4195503,2332540,train
pexels-photo-4199397,2413271,test
pexels-photo-4199487,2413271,test
pexels-photo-4199523,2413271,test
pexels-photo-4205983,2332540,train
pexels-photo-4205985,2332540,train
pexels-photo-4205986,2332540,train
pexels-photo-4205988,2332540,train
pexels-photo-4206047,2332540,train
pexels-photo-4206049,2332540,train
pexels-photo-4206118,2332540,train
pexels-photo-4206121,2332540,train
pexels-photo-4213042,2643550,test
pexels-photo-42157,7344,train
pexels-photo-4218861,2651678,train
pexels-photo-4218867,2651678,train
pexels-photo-4219103,2332540,train
pexels-photo-4219105,2332540,train
pexels-photo-4219108,2332540,train
pexels-photo-4219131,2332540,train
pexels-photo-4219134,2332540,train
pexels-photo-4219135,2332540,train
pexels-photo-4219137,2332540,train
pexels-photo-4219606,2332540,train
pexels-photo-4219608,2332540,train
pexels-photo-4219648,2332540,train
pexels-photo-4219649,2332540,train
pexels-photo-4219650,2332540,train
pexels-photo-4219651,2332540,train
pexels-photo-4219652,2332540,train
pexels-photo-4219653,2332540,train
pexels-photo-4219654,2332540,train
pexels-photo-4219656,2332540,train
pexels-photo-4219657,2332540,train
pexels-photo-4219658,2332540,train
pexels-photo-4221589,2244506,val
pexels-photo-4226205,1984515,train
pexels-photo-4226207,1984515,train
pexels-photo-4226214,1984515,train
pexels-photo-4226216,1984515,train
pexels-photo-4226219,1984515,train
pexels-photo-4226257,1984515,train
pexels-photo-4226258,1984515,train
pexels-photo-4226259,1984515,train
pexels-photo-4226264,1984515,train
pexels-photo-4227090,2662809,test
pexels-photo-4227112,2662809,test
pexels-photo-4239007,2332540,train
pexels-photo-4239123,2332540,train
pexels-photo-4239127,2332540,train
pexels-photo-4240492,2563618,val
pexels-photo-4240494,2563618,val
pexels-photo-4240497,2563618,val
pexels-photo-4240501,2563618,val
pexels-photo-4240507,2563618,val
pexels-photo-4240571,2563618,val
pexels-photo-4240580,2563618,val
pexels-photo-4240606,2563618,val
pexels-photo-4247766,2515433,train
pexels-photo-4248912,1753615,val
pexels-photo-4254157,2206740,train
pexels-photo-4254158,2206740,train
pexels-photo-4254159,2206740,train
pexels-photo-4254160,2206740,train
pexels-photo-4254161,2206740,train
pexels-photo-4254162,2206740,train
pexels-photo-4254163,2206740,train
pexels-photo-4254164,2206740,train
pexels-photo-4254165,2206740,train
pexels-photo-4254166,2206740,train
pexels-photo-4254167,2206740,train
pexels-photo-4254168,2206740,train
pexels-photo-4254169,2206740,train
pexels-photo-4254170,2206740,train
pexels-photo-4254171,2206740,train
pexels-photo-4254172,2206740,train
pexels-photo-4254891,1197396,test
pexels-photo-4254894,1197396,test
pexels-photo-4254895,1197396,test
pexels-photo-4258041,1513948,train
pexels-photo-4263066,1179532,train
pexels-photo-4263067,1179532,train
pexels-photo-4269517,1179532,train
pexels-photo-4271641,1065076,test
pexels-photo-4271642,1065076,test
pexels-photo-4276427,320794,train
pexels-photo-4299424,2486901,train
pexels-photo-4305364,1065076,test
pexels-photo-4307682,2515433,train
pexels-photo-4307711,2515433,train
pexels-photo-4307817,2515433,train
pexels-photo-4307818,2515433,train
pexels-photo-4307821,2515433,train
pexels-photo-4307829,2515433,train
pexels-photo-4311990,2769438,val
pexels-photo-4315558,1984515,train
pexels-photo-4315565,1984515,train
pexels-photo-4315566,1984515,train
pexels-photo-4325328,2602678,test
pexels-photo-4330056,2766954,test
pexels-photo-4345855,2805051,train
pexels-photo-4346916,1819048,train
pexels-photo-4348076,2570462,train
pexels-photo-4348077,2570462,train
pexels-photo-4348078,2570462,train
pexels-photo-4348080,2570462,train
pexels-photo-4348081,2570462,train
pexels-photo-4348082,2570462,train
pexels-photo-4348083,2570462,train
pexels-photo-4348084,2570462,train
pexels-photo-4348085,2570462,train
pexels-photo-4348086,2570462,train
pexels-photo-4348087,2570462,train
pexels-photo-4348088,2570462,train
pexels-photo-4348089,2570462,train
pexels-photo-4348188,2570462,train
pexels-photo-4348190,2570462,train
pexels-photo-4348199,2570462,train
pexels-photo-4348202,2570462,train
pexels-photo-4348204,2570462,train
pexels-photo-4348205,2570462,train
pexels-photo-4348401,2570462,train
pexels-photo-4348402,2570462,train
pexels-photo-4348403,2570462,train
pexels-photo-4348404,2570462,train
pexels-photo-4348405,2570462,train
pexels-photo-4349728,2515433,train
pexels-photo-4349729,2515433,train
pexels-photo-4349730,2515433,train
pexels-photo-4349731,2515433,train
pexels-photo-4349732,2515433,train
pexels-photo-4349733,2515433,train
pexels-photo-4349736,2515433,train
pexels-photo-4349737,2515433,train
pexels-photo-4349739,2515433,train
pexels-photo-4349740,2515433,train
pexels-photo-4349744,2515433,train
pexels-photo-4349745,2515433,train
pexels-photo-4349750,2515433,train
pexels-photo-4349751,2515433,train
pexels-photo-4349752,2515433,train
pexels-photo-4349760,2515433,train
pexels-photo-4349768,2515433,train
pexels-photo-4349771,2515433,train
pexels-photo-4349775,2515433,train
pexels-photo-4349784,2515433,train
pexels-photo-4349788,2515433,train
pexels-photo-4349797,2515433,train
pexels-photo-4349800,2515433,train
pexels-photo-4349802,2515433,train
pexels-photo-4349823,2515433,train
pexels-photo-4349833,2515433,train
pexels-photo-4349839,2515433,train
pexels-photo-4349848,2515433,train
pexels-photo-4349849,2515433,train
pexels-photo-4349862,2515433,train
pexels-photo-4349948,2515433,train
pexels-photo-4349950,2515433,train
pexels-photo-4349952,2515433,train
pexels-photo-4349955,2515433,train
pexels-photo-4349959,2515433,train
pexels-photo-4349961,2515433,train
pexels-photo-4349962,2515433,train
pexels-photo-4349963,2515433,train
pexels-photo-4349965,2515433,train
pexels-photo-4349966,2515433,train
pexels-photo-4350039,2515433,train
pexels-photo-4350041,2515433,train
pexels-photo-4350043,2515433,train
pexels-photo-4350046,2515433,train
pexels-photo-4350047,2515433,train
pexels-photo-4350048,2515433,train
pexels-photo-4350049,2515433,train
pexels-photo-4350051,2515433,train
pexels-photo-4350055,2515433,train
pexels-photo-4350056,2515433,train
pexels-photo-4350057,2515433,train
pexels-photo-4350114,2515433,train
pexels-photo-4350115,2515433,train
pexels-photo-4350167,2515433,train
pexels-photo-4350169,2515433,train
pexels-photo-4350205,2515433,train
pexels-photo-4350219,2515433,train
pexels-photo-4350222,2515433,train
pexels-photo-4350485,2515433,train
pexels-photo-4353566,2515433,train
pexels-photo-4353567,2515433,train
pexels-photo-4353568,2515433,train
pexels-photo-4353569,2515433,train
pexels-photo-4353570,2515433,train
pexels-photo-4353571,2515433,train
pexels-photo-4353572,2515433,train
pexels-photo-4353573,2515433,train
pexels-photo-4353574,2515433,train
pexels-photo-4353575,2515433,train
pexels-photo-4353576,2515433,train
pexels-photo-4353577,2515433,train
pexels-photo-4353578,2515433,train
pexels-photo-4353579,2515433,train
pexels-photo-4353580,2515433,train
pexels-photo-4353582,2515433,train
pexels-photo-4353583,2515433,train
pexels-photo-4353584,2515433,train
pexels-photo-4353586,2515433,train
pexels-photo-4353587,2515433,train
pexels-photo-4353588,2515433,train
pexels-photo-4353592,2515433,train
pexels-photo-4353597,2515433,train
pexels-photo-4353602,2515433,train
pexels-photo-4353604,2515433,train
pexels-photo-4353605,2515433,train
pexels-photo-4353608,2515433,train
pexels-photo-4353610,2515433,train
pexels-photo-4353611,2515433,train
pexels-photo-4353612,2515433,train
pexels-photo-4353615,2515433,train
pexels-photo-4353621,2515433,train
pexels-photo-4353622,2515433,train
pexels-photo-4353623,2515433,train
pexels-photo-4353624,2515433,train
pexels-photo-4353625,2515433,train
pexels-photo-4353816,2800794,train
pexels-photo-4354192,2515433,train
pexels-photo-4354212,2515433,train
pexels-photo-4356014,156560,val
pexels-photo-4384141,2564545,val
pexels-photo-4386121,2848684,train
pexels-photo-4386328,2332540,train
pexels-photo-4386470,2332540,train
pexels-photo-4421492,1984515,train
pexels-photo-4421493,1984515,train
pexels-photo-4421494,1984515,train
pexels-photo-4421496,1984515,train
pexels-photo-4421497,1984515,train
pexels-photo-4421498,1984515,train
pexels-photo-4421499,1984515,train
pexels-photo-4421500,1984515,train
pexels-photo-442151,147254,test
pexels-photo-442152,147254,test
pexels-photo-442154,147254,test
pexels-photo-4421546,1984515,train
pexels-photo-4421547,1984515,train
pexels-photo-442158,147254,test
pexels-photo-4423420,2892242,test
pexels-photo-4433935,2905406,val
pexels-photo-443409,8202,val
pexels-photo-4439588,1428905,val
pexels-photo-4440792,2104565,test
pexels-photo-4440800,2104565,test
pexels-photo-4442490,1908900,test
pexels-photo-4446165,1224068,val
pexels-photo-4446183,1224068,val
pexels-photo-4449795,1947041,train
pexels-photo-4458326,2905570,train
pexels-photo-4458334,2905570,train
pexels-photo-4458361,2905570,train
pexels-photo-4467583,2332540,train
pexels-photo-4467584,2332540,train
pexels-photo-4467585,2332540,train
pexels-photo-4467586,2332540,train
pexels-photo-4467683,2332540,train
pexels-photo-4467961,2848684,train
pexels-photo-4467969,2848684,train
pexels-photo-4472346,1203335,train
pexels-photo-4473360,2515433,train
pexels-photo-4473399,2515433,train
pexels-photo-4473402,2515433,train
pexels-photo-4473403,2515433,train
pexels-photo-4473404,2515433,train
pexels-photo-4473405,2515433,train
pexels-photo-4473406,2515433,train
pexels-photo-4473407,2515433,train
pexels-photo-4473488,2515433,train
pexels-photo-4473489,2515433,train
pexels-photo-4473490,2515433,train
pexels-photo-4473491,2515433,train
pexels-photo-4473492,2515433,train
pexels-photo-4473496,2515433,train
pexels-photo-4473501,2515433,train
pexels-photo-4473503,2515433,train
pexels-photo-4473504,2515433,train
pexels-photo-4473505,2515433,train
pexels-photo-4473507,2515433,train
pexels-photo-4474041,2515433,train
pexels-photo-4474042,2515433,train
pexels-photo-4474047,2515433,train
pexels-photo-4476634,2332540,train
pexels-photo-4480793,2700415,train
pexels-photo-4480794,2700415,train
pexels-photo-4480795,2700415,train
pexels-photo-4480797,2700415,train
pexels-photo-4480798,2700415,train
pexels-photo-4480799,2700415,train
pexels-photo-4480982,2700415,train
pexels-photo-4480983,2700415,train
pexels-photo-4480984,2700415,train
pexels-photo-4480985,2700415,train
pexels-photo-4480986,2700415,train
pexels-photo-4480987,2700415,train
pexels-photo-4480988,2700415,train
pexels-photo-4481256,2700415,train
pexels-photo-4481257,2700415,train
pexels-photo-4481258,2700415,train
pexels-photo-4481259,2700415,train
pexels-photo-4481260,2700415,train
pexels-photo-4481261,2700415,train
pexels-photo-4481262,2700415,train
pexels-photo-4481323,2700415,train
pexels-photo-4481324,2700415,train
pexels-photo-4481325,2700415,train
pexels-photo-4481328,2700415,train
pexels-photo-4481329,2700415,train
pexels-photo-4481528,2700415,train
pexels-photo-4481529,2700415,train
pexels-photo-4481530,2700415,train
pexels-photo-4481531,2700415,train
pexels-photo-4481532,2700415,train
pexels-photo-4481533,2700415,train
pexels-photo-4481534,2700415,train
pexels-photo-4483555,2700415,train
pexels-photo-4483556,2700415,train
pexels-photo-4483557,2700415,train
pexels-photo-4483558,2700415,train
pexels-photo-4483559,2700415,train
pexels-photo-4483560,2700415,train
pexels-photo-4483561,2700415,train
pexels-photo-4483611,2700415,train
pexels-photo-4483612,2700415,train
pexels-photo-4483613,2700415,train
pexels-photo-4483614,2700415,train
pexels-photo-4483692,2700415,train
pexels-photo-4483693,2700415,train
pexels-photo-4483771,2700415,train
pexels-photo-4483772,2700415,train
pexels-photo-4483774,2700415,train
pexels-photo-4483865,2700415,train
pexels-photo-4483939,2700415,train
pexels-photo-4484043,2700415,train
pexels-photo-4484045,2700415,train
pexels-photo-4484046,2700415,train
pexels-photo-4484047,2700415,train
pexels-photo-4484071,2700415,train
pexels-photo-4484072,2700415,train
pexels-photo-4484074,2700415,train
pexels-photo-4484075,2700415,train
pexels-photo-4484076,2700415,train
pexels-photo-4484077,2700415,train
pexels-photo-4484078,2700415,train
pexels-photo-4484149,2700415,train
pexels-photo-4484150,2700415,train
pexels-photo-4484151,2700415,train
pexels-photo-4484153,2700415,train
pexels-photo-4484154,2700415,train
pexels-photo-4484155,2700415,train
pexels-photo-4486212,2717960,val
pexels-photo-4487365,2700415,train
pexels-photo-4487384,2700415,train
pexels-photo-4487385,2700415,train
pexels-photo-4487386,2700415,train
pexels-photo-4487387,2700415,train
pexels-photo-4487388,2700415,train
pexels-photo-4487418,2700415,train
pexels-photo-4487419,2700415,train
pexels-photo-4487420,2700415,train
pexels-photo-4487421,2700415,train
pexels-photo-4487422,2700415,train
pexels-photo-4487423,2700415,train
pexels-photo-4487424,2700415,train
pexels-photo-4487444,2700415,train
pexels-photo-4487445,2700415,train
pexels-photo-4487446,2700415,train
pexels-photo-4487447,2700415,train
pexels-photo-4487448,2700415,train
pexels-photo-4487449,2700415,train
pexels-photo-4487450,2700415,train
pexels-photo-4487484,2700415,train
pexels-photo-4487485,2700415,train
pexels-photo-4487486,2700415,train
pexels-photo-4487487,2700415,train
pexels-photo-4487513,2700415,train
pexels-photo-4487518,2700415,train
pexels-photo-4487611,339724,train
pexels-photo-4487672,2700415,train
pexels-photo-4487676,2700415,train
pexels-photo-448827,8509,test
pexels-photo-448828,8509,test
pexels-photo-4488636,1437723,train
pexels-photo-4488638,1437723,train
pexels-photo-4488639,1437723,train
pexels-photo-4488640,1437723,train
pexels-photo-4488641,1437723,train
pexels-photo-4488643,1437723,train
pexels-photo-4488644,1437723,train
pexels-photo-4488645,1437723,train
pexels-photo-4488646,1437723,train
pexels-photo-4488647,1437723,train
pexels-photo-4488648,1437723,train
pexels-photo-4488650,1437723,train
pexels-photo-4488652,1437723,train
pexels-photo-4488654,1437723,train
pexels-photo-4488655,1437723,train
pexels-photo-4488656,1437723,train
pexels-photo-4488657,1437723,train
pexels-photo-4488658,1437723,train
pexels-photo-4488659,1437723,train
pexels-photo-4488660,1437723,train
pexels-photo-4488661,1437723,train
pexels-photo-4488662,1437723,train
pexels-photo-4488663,1437723,train
pexels-photo-4488664,1437723,train
pexels-photo-4488665,1437723,train
pexels-photo-4488666,1437723,train
pexels-photo-4488667,1437723,train
pexels-photo-4489417,2848684,train
pexels-photo-4489421,2848684,train
pexels-photo-4489673,1437723,train
pexels-photo-4489702,1437723,train
pexels-photo-4489703,1437723,train
pexels-photo-4489704,1437723,train
pexels-photo-4489706,1437723,train
pexels-photo-4489707,1437723,train
pexels-photo-4489708,1437723,train
pexels-photo-4489709,1437723,train
pexels-photo-4489710,1437723,train
pexels-photo-4489712,1437723,train
pexels-photo-4489713,1437723,train
pexels-photo-4489714,1437723,train
pexels-photo-4489715,1437723,train
pexels-photo-4489716,1437723,train
pexels-photo-4489717,1437723,train
pexels-photo-4489718,1437723,train
pexels-photo-4489720,1437723,train
pexels-photo-4489721,1437723,train
pexels-photo-4489729,1437723,train
pexels-photo-4489730,1437723,train
pexels-photo-4489731,1437723,train
pexels-photo-4489732,1437723,train
pexels-photo-4489733,1437723,train
pexels-photo-4489737,1437723,train
pexels-photo-4489739,1437723,train
pexels-photo-4489741,1437723,train
pexels-photo-4489742,1437723,train
pexels-photo-4489743,1437723,train
pexels-photo-4489744,1437723,train
pexels-photo-4489745,1437723,train
pexels-photo-4489746,1437723,train
pexels-photo-4489747,1437723,train
pexels-photo-4489748,1437723,train
pexels-photo-4489749,1437723,train
pexels-photo-4489757,1437723,train
pexels-photo-4489758,1437723,train
pexels-photo-4489761,1437723,train
pexels-photo-4489762,1437723,train
pexels-photo-4489765,1437723,train
pexels-photo-4489767,1437723,train
pexels-photo-4489768,1437723,train
pexels-photo-4489771,1437723,train
pexels-photo-4489772,1437723,train
pexels-photo-4489773,1437723,train
pexels-photo-4489774,1437723,train
pexels-photo-4489776,1437723,train
pexels-photo-4489794,1437723,train
pexels-photo-4491439,2332540,train
pexels-photo-4491459,2332540,train
pexels-photo-4491460,2332540,train
pexels-photo-4491469,2332540,train
pexels-photo-4491471,2332540,train
pexels-photo-4491474,2332540,train
pexels-photo-4491475,2332540,train
pexels-photo-4491477,2332540,train
pexels-photo-4491478,2332540,train
pexels-photo-4491489,2332540,train
pexels-photo-4491491,2332540,train
pexels-photo-4491492,2332540,train
pexels-photo-4491493,2332540,train
pexels-photo-4491494,2332540,train
pexels-photo-4491495,2332540,train
pexels-photo-4491841,2563618,val
pexels-photo-4491842,2563618,val
pexels-photo-4491843,2563618,val
pexels-photo-4491844,2563618,val
pexels-photo-4491845,2563618,val
pexels-photo-4491846,2563618,val
pexels-photo-4491847,2563618,val
pexels-photo-4491848,2563618,val
pexels-photo-4491850,2563618,val
pexels-photo-4491851,2563618,val
pexels-photo-4491852,2563618,val
pexels-photo-4491853,2563618,val
pexels-photo-4491854,2563618,val
pexels-photo-4491855,2563618,val
pexels-photo-4491856,2563618,val
pexels-photo-4491857,2563618,val
pexels-photo-4491858,2563618,val
pexels-photo-4491859,2563618,val
pexels-photo-4491860,2563618,val
pexels-photo-4491866,2563618,val
pexels-photo-4491867,2563618,val
pexels-photo-4491868,2563618,val
pexels-photo-4491869,2563618,val
pexels-photo-4491870,2563618,val
pexels-photo-4491871,2563618,val
pexels-photo-4491872,2563618,val
pexels-photo-4491873,2563618,val
pexels-photo-4491874,2563618,val
pexels-photo-4491875,2563618,val
pexels-photo-4491876,2563618,val
pexels-photo-4491877,2563618,val
pexels-photo-4491879,2563618,val
pexels-photo-4491880,2563618,val
pexels-photo-4491881,2563618,val
pexels-photo-4491882,2563618,val
pexels-photo-4491883,2563618,val
pexels-photo-4491884,2563618,val
pexels-photo-4491908,2563618,val
pexels-photo-4491909,2563618,val
pexels-photo-4491910,2563618,val
pexels-photo-4491911,2563618,val
pexels-photo-4491912,2563618,val
pexels-photo-4491913,2563618,val
pexels-photo-4491914,2563618,val
pexels-photo-4491915,2563618,val
pexels-photo-4491916,2563618,val
pexels-photo-4491917,2563618,val
pexels-photo-4491919,2563618,val
pexels-photo-4491921,2563618,val
pexels-photo-4492047,2951544,train
pexels-photo-4492048,2951544,train
pexels-photo-4492050,2951544,train
pexels-photo-4492051,2951544,train
pexels-photo-4492064,2951544,train
pexels-photo-4492065,2951544,train
pexels-photo-4492069,2951544,train
pexels-photo-4492072,2563618,val
pexels-photo-4492073,2563618,val
pexels-photo-4492074,2563618,val
pexels-photo-4492075,2563618,val
pexels-photo-4492076,2563618,val
pexels-photo-4492077,2563618,val
pexels-photo-4492078,2563618,val
pexels-photo-4492079,2563618,val
pexels-photo-4492080,2563618,val
pexels-photo-4492081,2563618,val
pexels-photo-4492082,2563618,val
pexels-photo-4492083,2563618,val
pexels-photo-4492084,2563618,val
pexels-photo-4492085,2563618,val
pexels-photo-4492086,2563618,val
pexels-photo-4492087,2563618,val
pexels-photo-4492088,2563618,val
pexels-photo-4492089,2563618,val
pexels-photo-4492090,2563618,val
pexels-photo-4492091,2563618,val
pexels-photo-4492098,2951544,train
pexels-photo-4492103,2951544,train
pexels-photo-4492118,2563618,val
pexels-photo-4492119,2563618,val
pexels-photo-4492120,2563618,val
pexels-photo-4492121,2563618,val
pexels-photo-4492122,2563618,val
pexels-photo-4492124,2563618,val
pexels-photo-4492497,2951544,train
pexels-photo-4494851,2691146,train
pexels-photo-4495803,2332540,train
pexels-photo-4495907,2332540,train
pexels-photo-450597,151872,test
pexels-photo-4509089,2717960,val
pexels-photo-4509092,2717960,val
pexels-photo-4514058,2766954,test
pexels-photo-4515180,862177,val
pexels-photo-4516241,118784,test
pexels-photo-4530406,2766954,test
pexels-photo-4530407,2766954,test
pexels-photo-4530410,2766954,test
pexels-photo-4530429,2766954,test
pexels-photo-4530432,2766954,test
pexels-photo-4530437,2766954,test
pexels-photo-4530438,2766954,test
pexels-photo-4530441,2766954,test
pexels-photo-4543934,222549,train
pexels-photo-4543938,222549,train
pexels-photo-4543980,222549,train
pexels-photo-4544167,222549,train
pexels-photo-4544172,222549,train
pexels-photo-4544175,222549,train
pexels-photo-4544202,222549,train
pexels-photo-4553018,2678846,val
pexels-photo-4554744,1264627,train
pexels-photo-4555137,26735,train
pexels-photo-4559610,2515433,train
pexels-photo-4559611,2515433,train
pexels-photo-4559612,2515433,train
pexels-photo-4559613,2515433,train
pexels-photo-4559614,2515433,train
pexels-photo-4559616,2515433,train
pexels-photo-4559617,2515433,train
pexels-photo-4559618,2515433,train
pexels-photo-4559619,2515433,train
pexels-photo-4559620,2515433,train
pexels-photo-4559621,2515433,train
pexels-photo-4559622,2515433,train
pexels-photo-4559709,2515433,train
pexels-photo-4559736,2515433,train
pexels-photo-4559737,2515433,train
pexels-photo-4559738,2515433,train
pexels-photo-4559739,2515433,train
pexels-photo-4559740,2515433,train
pexels-photo-4559742,2515433,train
pexels-photo-4559743,2515433,train
pexels-photo-4559745,2515433,train
pexels-photo-4559746,2515433,train
pexels-photo-4559747,2515433,train
pexels-photo-4559748,2515433,train
pexels-photo-4559749,2515433,train
pexels-photo-4559750,2515433,train
pexels-photo-4559751,2515433,train
pexels-photo-4559752,2515433,train
pexels-photo-4559753,2515433,train
pexels-photo-4559754,2515433,train
pexels-photo-4559756,2515433,train
pexels-photo-4559757,2515433,train
pexels-photo-4559759,2515433,train
pexels-photo-4559761,2515433,train
pexels-photo-4559766,2515433,train
pexels-photo-4559767,2515433,train
pexels-photo-4559770,2515433,train
pexels-photo-4559771,2515433,train
pexels-photo-4559773,2515433,train
pexels-photo-4559774,2515433,train
pexels-photo-4560058,2515433,train
pexels-photo-4560061,2515433,train
pexels-photo-4560065,2515433,train
pexels-photo-4560067,2515433,train
pexels-photo-4560071,2515433,train
pexels-photo-4560078,2515433,train
pexels-photo-4560080,2515433,train
pexels-photo-4560084,2515433,train
pexels-photo-4560136,2515433,train
pexels-photo-4560137,2515433,train
pexels-photo-4560146,2515433,train
pexels-photo-4560147,2515433,train
pexels-photo-4560149,2515433,train
pexels-photo-4560151,2515433,train
pexels-photo-4560152,2515433,train
pexels-photo-4560153,2515433,train
pexels-photo-4560159,2515433,train
pexels-photo-4560161,2515433,train
pexels-photo-4560162,2515433,train
pexels-photo-4560163,2515433,train
pexels-photo-4560164,2515433,train
pexels-photo-4560166,2515433,train
pexels-photo-4560167,2515433,train
pexels-photo-4560168,2515433,train
pexels-photo-4560169,2515433,train
pexels-photo-4560172,2515433,train
pexels-photo-4560174,2515433,train
pexels-photo-4560175,2515433,train
pexels-photo-4560176,2515433,train
pexels-photo-4560177,2515433,train
pexels-photo-4560178,2515433,train
pexels-photo-4560189,2515433,train
pexels-photo-4561615,116761,train
pexels-photo-4562883,2920175,val
pexels-photo-4563785,2702806,train
pexels-photo-4570733,1437723,train
pexels-photo-4570740,1437723,train
pexels-photo-4570743,1437723,train
pexels-photo-4570747,1437723,train
pexels-photo-4570754,1437723,train
pexels-photo-4570756,1437723,train
pexels-photo-4570766,1437723,train
pexels-photo-4570778,1437723,train
pexels-photo-4570780,1437723,train
pexels-photo-4570781,1437723,train
pexels-photo-4570988,1437723,train
pexels-photo-4571000,1437723,train
pexels-photo-4571002,1437723,train
pexels-photo-4571204,1437723,train
pexels-photo-4571206,1437723,train
pexels-photo-4571211,1437723,train
pexels-photo-4571217,1437723,train
pexels-photo-4571218,1437723,train
pexels-photo-4571219,1437723,train
pexels-photo-4571259,1437723,train
pexels-photo-4571262,1437723,train
pexels-photo-4571263,1437723,train
pexels-photo-4571264,1437723,train
pexels-photo-4571272,1437723,train
pexels-photo-4571275,1437723,train
pexels-photo-4571281,1437723,train
pexels-photo-4571371,2374154,train
pexels-photo-4571553,2848684,train
pexels-photo-4571558,2848684,train
pexels-photo-4571571,2848684,train
pexels-photo-4571589,2848684,train
pexels-photo-4571655,2848684,train
pexels-photo-4571661,2848684,train
pexels-photo-4571941,2714266,val
pexels-photo-4575137,3000547,train
pexels-photo-4575148,3008241,train
pexels-photo-4575150,3008241,train
pexels-photo-4575245,1203310,val
pexels-photo-4578637,3020912,test
pexels-photo-4591731,2766954,test
pexels-photo-4606694,483672,val
pexels-photo-4612683,3044236,val
pexels-photo-4614224,1437723,train
pexels-photo-4614239,1437723,train
pexels-photo-4620607,1437723,train
pexels-photo-4620608,1437723,train
pexels-photo-4620609,1437723,train
pexels-photo-4620610,1437723,train
pexels-photo-4620611,1437723,train
pexels-photo-4620612,1437723,train
pexels-photo-4620613,1437723,train
pexels-photo-4620614,1437723,train
pexels-photo-4620615,1437723,train
pexels-photo-4620616,1437723,train
pexels-photo-4620617,1437723,train
pexels-photo-4620618,1437723,train
pexels-photo-4620619,1437723,train
pexels-photo-4620620,1437723,train
pexels-photo-4620621,1437723,train
pexels-photo-4620622,1437723,train
pexels-photo-4620624,1437723,train
pexels-photo-4620625,1437723,train
pexels-photo-4620626,1437723,train
pexels-photo-4620628,1437723,train
pexels-photo-4620629,1437723,train
pexels-photo-4620630,1437723,train
pexels-photo-4620631,1437723,train
pexels-photo-4620632,1437723,train
pexels-photo-4620633,1437723,train
pexels-photo-4620634,1437723,train
pexels-photo-4620635,1437723,train
pexels-photo-4621565,1437723,train
pexels-photo-4621571,1437723,train
pexels-photo-4621574,1437723,train
pexels-photo-4621575,1437723,train
pexels-photo-4621657,1437723,train
pexels-photo-4621659,1437723,train
pexels-photo-4621890,1437723,train
pexels-photo-4621891,1437723,train
pexels-photo-4621892,1437723,train
pexels-photo-4621893,1437723,train
pexels-photo-4621896,1437723,train
pexels-photo-4621897,1437723,train
pexels-photo-4621898,1437723,train
pexels-photo-4621900,1437723,train
pexels-photo-4621901,1437723,train
pexels-photo-4621902,1437723,train
pexels-photo-4621908,1437723,train
pexels-photo-4621910,1437723,train
pexels-photo-4621911,1437723,train
pexels-photo-4621912,1437723,train
pexels-photo-4621913,1437723,train
pexels-photo-4621914,1437723,train
pexels-photo-4621924,1437723,train
pexels-photo-4621925,1437723,train
pexels-photo-4621926,1437723,train
pexels-photo-4621927,1437723,train
pexels-photo-4621929,1437723,train
pexels-photo-4621930,1437723,train
pexels-photo-4621932,1437723,train
pexels-photo-4621933,1437723,train
pexels-photo-4621935,1437723,train
pexels-photo-4621936,1437723,train
pexels-photo-4621937,1437723,train
pexels-photo-4621965,1437723,train
pexels-photo-4622200,1437723,train
pexels-photo-4622203,1437723,train
pexels-photo-4622204,1437723,train
pexels-photo-4622205,1437723,train
pexels-photo-4622206,1437723,train
pexels-photo-4622208,1437723,train
pexels-photo-4622209,1437723,train
pexels-photo-4622210,1437723,train
pexels-photo-4622212,1437723,train
pexels-photo-4622215,1437723,train
pexels-photo-4622216,1437723,train
pexels-photo-4622217,1437723,train
pexels-photo-4622221,1437723,train
pexels-photo-4622222,1437723,train
pexels-photo-4622223,1437723,train
pexels-photo-4622224,1437723,train
pexels-photo-4622225,1437723,train
pexels-photo-4622226,1437723,train
pexels-photo-4622227,1437723,train
pexels-photo-4622228,1437723,train
pexels-photo-4622397,1437723,train
pexels-photo-4622398,1437723,train
pexels-photo-4622399,1437723,train
pexels-photo-4622410,1437723,train
pexels-photo-4622416,1437723,train
pexels-photo-4622417,1437723,train
pexels-photo-4622419,1437723,train
pexels-photo-4622421,1437723,train
pexels-photo-4622423,1437723,train
pexels-photo-4623087,2515433,train
pexels-photo-4623098,2515433,train
pexels-photo-4623320,2515433,train
pexels-photo-4623346,2515433,train
pexels-photo-4623349,2515433,train
pexels-photo-4623350,2515433,train
pexels-photo-4623362,2515433,train
pexels-photo-4623367,2515433,train
pexels-photo-4623486,2515433,train
pexels-photo-4623491,2515433,train
pexels-photo-4623500,2515433,train
pexels-photo-4623508,2515433,train
pexels-photo-4623509,2515433,train
pexels-photo-4623511,2515433,train
pexels-photo-4623512,2515433,train
pexels-photo-4623525,2515433,train
pexels-photo-4623535,2515433,train
pexels-photo-4626457,1437723,train
pexels-photo-4629409,3055986,val
pexels-photo-4634990,2315906,val
pexels-photo-4637546,3053700,val
pexels-photo-4637726,3053700,val
pexels-photo-4637735,3053700,val
pexels-photo-4637737,3053700,val
pexels-photo-4641061,3000547,train
pexels-photo-4642437,1898640,test
pexels-photo-4687171,2045104,val
pexels-photo-4687172,2045104,val
pexels-photo-4687173,2045104,val
pexels-photo-4687174,2045104,val
pexels-photo-4691401,2906295,val
pexels-photo-4691418,2906295,val
pexels-photo-4693431,1160215,test
pexels-photo-4706132,2570462,train
pexels-photo-4706133,2570462,train
pexels-photo-4706134,2570462,train
pexels-photo-4706135,2570462,train
pexels-photo-4706136,2570462,train
pexels-photo-4706138,2570462,train
pexels-photo-4706139,2570462,train
pexels-photo-4706140,2570462,train
pexels-photo-4706141,2570462,train
pexels-photo-4706142,2570462,train
pexels-photo-4727214,3126166,train
pexels-photo-4727489,1437723,train
pexels-photo-4727496,1437723,train
pexels-photo-4727513,1437723,train
pexels-photo-4727518,1437723,train
pexels-photo-4727525,1437723,train
pexels-photo-4727550,1437723,train
pexels-photo-4732346,3126166,train
pexels-photo-4732350,3126166,train
pexels-photo-4737945,1437723,train
pexels-photo-4737974,1437723,train
pexels-photo-4737981,1437723,train
pexels-photo-4737984,1437723,train
pexels-photo-4737985,1437723,train
pexels-photo-4737988,1437723,train
pexels-photo-4738004,1437723,train
pexels-photo-4738005,1437723,train
pexels-photo-4743932,709182,val
pexels-photo-4754261,320794,train
pexels-photo-4761684,1437723,train
pexels-photo-4769120,1984515,train
pexels-photo-4776607,1437723,train
pexels-photo-4779471,838923,val
pexels-photo-4787607,1437723,train
pexels-photo-4787617,1437723,train
pexels-photo-4787627,1437723,train
pexels-photo-4787628,1437723,train
pexels-photo-4792478,2202476,test
pexels-photo-4792495,2202476,test
pexels-photo-4792496,2202476,test
pexels-photo-4792522,2202476,test
pexels-photo-4792523,2202476,test
pexels-photo-4792525,2202476,test
pexels-photo-4792743,2202476,test
pexels-photo-4809021,2349614,val
pexels-photo-4820655,1437723,train
pexels-photo-4820658,1437723,train
pexels-photo-4820661,1437723,train
pexels-photo-4820678,1437723,train
pexels-photo-4820681,1437723,train
pexels-photo-4820682,1437723,train
pexels-photo-4820683,1437723,train
pexels-photo-4820684,1437723,train
pexels-photo-4820685,1437723,train
pexels-photo-4820732,1437723,train
pexels-photo-4820774,1437723,train
pexels-photo-4820775,1437723,train
pexels-photo-4820776,1437723,train
pexels-photo-4820778,1437723,train
pexels-photo-4820779,1437723,train
pexels-photo-4820782,1437723,train
pexels-photo-4820783,1437723,train
pexels-photo-4820784,1437723,train
pexels-photo-4820813,1437723,train
pexels-photo-4820814,1437723,train
pexels-photo-4820815,1437723,train
pexels-photo-4820817,1437723,train
pexels-photo-4820818,1437723,train
pexels-photo-4820819,1437723,train
pexels-photo-4820837,1437723,train
pexels-photo-4820838,1437723,train
pexels-photo-4820839,1437723,train
pexels-photo-4820842,1437723,train
pexels-photo-4820843,1437723,train
pexels-photo-4820845,1437723,train
pexels-photo-4820846,1437723,train
pexels-photo-4820847,1437723,train
pexels-photo-4820848,1437723,train
pexels-photo-4820850,1437723,train
pexels-photo-4851598,3225049,val
pexels-photo-4858948,106085,val
pexels-photo-4858949,106085,val
pexels-photo-4872023,2206740,train
pexels-photo-4872052,2206740,train
pexels-photo-4872056,2206740,train
pexels-photo-4872066,2206740,train
pexels-photo-4872071,2206740,train
pexels-photo-4872076,2206740,train
pexels-photo-4884201,45786,train
pexels-photo-4884204,45786,train
pexels-photo-4884206,45786,train
pexels-photo-4888378,649765,test
pexels-photo-4888379,649765,test
pexels-photo-4888380,649765,test
pexels-photo-4888381,649765,test
pexels-photo-4888650,649765,test
pexels-photo-4888653,649765,test
pexels-photo-4888854,649765,test
pexels-photo-4888891,649765,test
pexels-photo-4888892,649765,test
pexels-photo-4888893,649765,test
pexels-photo-4888918,649765,test
pexels-photo-4888919,649765,test
pexels-photo-4888921,649765,test
pexels-photo-4888922,649765,test
pexels-photo-4888923,649765,test
pexels-photo-4904408,1437723,train
pexels-photo-4904409,1437723,train
pexels-photo-4904420,1437723,train
pexels-photo-4904442,1437723,train
pexels-photo-4904447,1437723,train
pexels-photo-4904448,1437723,train
pexels-photo-4904453,1437723,train
pexels-photo-4904455,1437723,train
pexels-photo-4904463,1437723,train
pexels-photo-4904466,1437723,train
pexels-photo-4904467,1437723,train
pexels-photo-4904478,1437723,train
pexels-photo-4904525,1437723,train
pexels-photo-4904527,1437723,train
pexels-photo-4904528,1437723,train
pexels-photo-4904530,1437723,train
pexels-photo-4904535,1437723,train
pexels-photo-4904537,1437723,train
pexels-photo-4904559,1437723,train
pexels-photo-4904560,1437723,train
pexels-photo-4904562,1437723,train
pexels-photo-4904563,1437723,train
pexels-photo-4904564,1437723,train
pexels-photo-4904566,1437723,train
pexels-photo-4904567,1437723,train
pexels-photo-4904569,1437723,train
pexels-photo-4913089,2891577,train
pexels-photo-4916539,3004949,val
pexels-photo-4918091,1437723,train
pexels-photo-4918093,1437723,train
pexels-photo-4918094,1437723,train
pexels-photo-4918099,1437723,train
pexels-photo-4920282,2206740,train
pexels-photo-4920283,2206740,train
pexels-photo-4920284,2206740,train
pexels-photo-4920285,2206740,train
pexels-photo-4920288,2206740,train
pexels-photo-4920291,2206740,train
pexels-photo-4941980,1992002,train
pexels-photo-4947277,3004949,val
pexels-photo-4947415,3004949,val
pexels-photo-4953232,1921088,train
pexels-photo-4956908,339724,train
pexels-photo-4956909,339724,train
pexels-photo-4956910,339724,train
pexels-photo-4956911,339724,train
pexels-photo-4956916,339724,train
pexels-photo-4956918,339724,train
pexels-photo-4956920,339724,train
pexels-photo-4957356,99238,test
pexels-photo-4962785,2515433,train
pexels-photo-4962790,2515433,train
pexels-photo-4962795,2515433,train
pexels-photo-4962984,2515433,train
pexels-photo-4962985,2515433,train
pexels-photo-4962988,2515433,train
pexels-photo-4962993,2515433,train
pexels-photo-4962994,2515433,train
pexels-photo-4962996,2515433,train
pexels-photo-4963001,2515433,train
pexels-photo-4963362,2515433,train
pexels-photo-4963432,2515433,train
pexels-photo-4963434,2515433,train
pexels-photo-4963435,2515433,train
pexels-photo-4963444,2515433,train
pexels-photo-4966809,3304714,val
pexels-photo-4968424,613357,val
pexels-photo-4968427,613357,val
pexels-photo-4968429,613357,val
pexels-photo-4968434,613357,val
pexels-photo-4968554,2332540,train
pexels-photo-4968556,2332540,train
pexels-photo-4968560,2332540,train
pexels-photo-4975646,2206740,train
pexels-photo-4977452,2332540,train
pexels-photo-4977460,2332540,train
pexels-photo-4977466,2332540,train
pexels-photo-4981770,2570462,train
pexels-photo-4981771,2570462,train
pexels-photo-4981772,2570462,train
pexels-photo-4981774,2570462,train
pexels-photo-4981775,2570462,train
pexels-photo-4981781,2570462,train
pexels-photo-4981783,2570462,train
pexels-photo-4981795,2570462,train
pexels-photo-4981796,2570462,train
pexels-photo-4981800,2570462,train
pexels-photo-4985334,2871253,val
pexels-photo-4988134,3088726,train
pexels-photo-4992590,2272619,val
pexels-photo-4992594,2272619,val
pexels-photo-5013577,2154208,train
pexels-photo-5021270,3356263,test
pexels-photo-5023106,759728,train
pexels-photo-5025510,2951544,train
pexels-photo-5025515,2951544,train
pexels-photo-5025517,2951544,train
pexels-photo-5025630,2951544,train
pexels-photo-5025633,2951544,train
pexels-photo-5025635,2951544,train
pexels-photo-5025636,2951544,train
pexels-photo-5025638,2951544,train
pexels-photo-5025639,2951544,train
pexels-photo-5025641,2951544,train
pexels-photo-5025643,2951544,train
pexels-photo-5025646,2951544,train
pexels-photo-5025654,2951544,train
pexels-photo-5025660,2951544,train
pexels-photo-5025661,2951544,train
pexels-photo-5025663,2951544,train
pexels-photo-5025664,2951544,train
pexels-photo-5025665,2951544,train
pexels-photo-5025667,2951544,train
pexels-photo-5025668,2951544,train
pexels-photo-5025669,2951544,train
pexels-photo-5025670,2951544,train
pexels-photo-5025772,1522664,val
pexels-photo-5029763,1984515,train
pexels-photo-5059641,3088726,train
pexels-photo-5059647,3088726,train
pexels-photo-5059648,3088726,train
pexels-photo-5059653,3088726,train
pexels-photo-5061269,3361091,train
pexels-photo-5061271,3361091,train
pexels-photo-5061273,3361091,train
pexels-photo-5061276,3361091,train
pexels-photo-5061280,3361091,train
pexels-photo-5069507,1984515,train
pexels-photo-5069509,1984515,train
pexels-photo-5084163,1753615,val
pexels-photo-5087421,1196715,train
pexels-photo-5089104,1437723,train
pexels-photo-5089105,1437723,train
pexels-photo-5089106,1437723,train
pexels-photo-5089107,1437723,train
pexels-photo-5089108,1437723,train
pexels-photo-5089110,1437723,train
pexels-photo-5089112,1437723,train
pexels-photo-5089113,1437723,train
pexels-photo-5089114,1437723,train
pexels-photo-5089115,1437723,train
pexels-photo-5089116,1437723,train
pexels-photo-5089117,1437723,train
pexels-photo-5089118,1437723,train
pexels-photo-5089119,1437723,train
pexels-photo-5089121,1437723,train
pexels-photo-5089124,1437723,train
pexels-photo-5089127,1437723,train
pexels-photo-5089129,1437723,train
pexels-photo-5089131,1437723,train
pexels-photo-5089132,1437723,train
pexels-photo-5089136,1437723,train
pexels-photo-5089138,1437723,train
pexels-photo-5089139,1437723,train
pexels-photo-5089140,1437723,train
pexels-photo-5089143,1437723,train
pexels-photo-5089144,1437723,train
pexels-photo-5089145,1437723,train
pexels-photo-5089147,1437723,train
pexels-photo-5089149,1437723,train
pexels-photo-5089152,1437723,train
pexels-photo-5089153,1437723,train
pexels-photo-5089158,1437723,train
pexels-photo-5089159,1437723,train
pexels-photo-5089160,1437723,train
pexels-photo-5089163,1437723,train
pexels-photo-5089164,1437723,train
pexels-photo-5089174,1437723,train
pexels-photo-5089175,1437723,train
pexels-photo-5089176,1437723,train
pexels-photo-5089179,1437723,train
pexels-photo-5089180,1437723,train
pexels-photo-5089181,1437723,train
pexels-photo-5089182,1437723,train
pexels-photo-5089183,1437723,train
pexels-photo-5089184,1437723,train
pexels-photo-5089185,1437723,train
pexels-photo-5089186,1437723,train
pexels-photo-5093636,3233183,train
pexels-photo-5098043,3411383,test
pexels-photo-5100851,2175898,val
pexels-photo-511407,2659,train
pexels-photo-5127390,65982,train
pexels-photo-5133752,1080117,test
pexels-photo-5156696,1940215,train
pexels-photo-5186295,2906295,val
pexels-photo-5186306,2906295,val
pexels-photo-5186309,2906295,val
pexels-photo-5186345,2906295,val
pexels-photo-5186350,2906295,val
pexels-photo-5186351,2906295,val
pexels-photo-5186368,2906295,val
pexels-photo-5186369,2906295,val
pexels-photo-5186372,2906295,val
pexels-photo-5186373,2906295,val
pexels-photo-5186376,2906295,val
pexels-photo-5186377,2906295,val
pexels-photo-5186378,2906295,val
pexels-photo-5186379,2906295,val
pexels-photo-5186380,2906295,val
pexels-photo-5186381,2906295,val
pexels-photo-5186383,2906295,val
pexels-photo-5186384,2906295,val
pexels-photo-5192027,2347168,val
pexels-photo-5196812,2871253,val
pexels-photo-5196821,2871253,val
pexels-photo-5196827,2871253,val
pexels-photo-5201985,2332540,train
pexels-photo-5201986,2332540,train
pexels-photo-5205273,3431481,test
pexels-photo-5206953,2332540,train
pexels-photo-5206955,2332540,train
pexels-photo-5207031,2332540,train
pexels-photo-5207088,2332540,train
pexels-photo-5207096,2332540,train
pexels-photo-5207399,3398578,train
pexels-photo-5214949,2570462,train
pexels-photo-5214955,2570462,train
pexels-photo-5214968,2570462,train
pexels-photo-5214994,2570462,train
pexels-photo-5215006,2570462,train
pexels-photo-5215009,2570462,train
pexels-photo-5215013,2570462,train
pexels-photo-5218002,1984515,train
pexels-photo-5218004,1984515,train
pexels-photo-5218005,1984515,train
pexels-photo-5218008,1984515,train
pexels-photo-5229641,3501544,val
pexels-photo-5230882,1984515,train
pexels-photo-5230888,1984515,train
pexels-photo-5230890,1984515,train
pexels-photo-5230894,1984515,train
pexels-photo-5230900,1984515,train
pexels-photo-5230932,1984515,train
pexels-photo-5230933,1984515,train
pexels-photo-5230934,1984515,train
pexels-photo-5230935,1984515,train
pexels-photo-5230936,1984515,train
pexels-photo-5230937,1984515,train
pexels-photo-5230948,1984515,train
pexels-photo-5230949,1984515,train
pexels-photo-5230952,1984515,train
pexels-photo-5230956,1984515,train
pexels-photo-5230957,1984515,train
pexels-photo-5230960,1984515,train
pexels-photo-5230961,1984515,train
pexels-photo-5230963,1984515,train
pexels-photo-5230965,1984515,train
pexels-photo-5230966,1984515,train
pexels-photo-5230970,1984515,train
pexels-photo-5230972,1984515,train
pexels-photo-5230975,1984515,train
pexels-photo-5230976,1984515,train
pexels-photo-5230979,1984515,train
pexels-photo-5230980,1984515,train
pexels-photo-5230983,1984515,train
pexels-photo-5231013,1984515,train
pexels-photo-5231015,1984515,train
pexels-photo-5231041,1984515,train
pexels-photo-5231044,1984515,train
pexels-photo-5231045,1984515,train
pexels-photo-5231046,1984515,train
pexels-photo-5231049,1984515,train
pexels-photo-5231050,1984515,train
pexels-photo-5231052,1984515,train
pexels-photo-5231053,1984515,train
pexels-photo-5231055,1984515,train
pexels-photo-5231081,1984515,train
pexels-photo-5231082,1984515,train
pexels-photo-5231083,1984515,train
pexels-photo-5231084,1984515,train
pexels-photo-5231085,1984515,train
pexels-photo-5231086,1984515,train
pexels-photo-5231087,1984515,train
pexels-photo-5231088,1984515,train
pexels-photo-5231137,1984515,train
pexels-photo-5231138,1984515,train
pexels-photo-5231140,1984515,train
pexels-photo-5231141,1984515,train
pexels-photo-5231143,1984515,train
pexels-photo-5231144,1984515,train
pexels-photo-5231146,1984515,train
pexels-photo-5231183,1984515,train
pexels-photo-5231186,1984515,train
pexels-photo-5231187,1984515,train
pexels-photo-5231188,1984515,train
pexels-photo-5231215,1984515,train
pexels-photo-5231217,1984515,train
pexels-photo-5231220,1984515,train
pexels-photo-5231223,1984515,train
pexels-photo-5231224,1984515,train
pexels-photo-5231232,1984515,train
pexels-photo-5231235,1984515,train
pexels-photo-5231236,1984515,train
pexels-photo-5231237,1984515,train
pexels-photo-5231239,1984515,train
pexels-photo-5231241,1984515,train
pexels-photo-5231242,1984515,train
pexels-photo-5231243,1984515,train
pexels-photo-5231244,1984515,train
pexels-photo-5233262,1359149,val
pexels-photo-5233264,1359149,val
pexels-photo-5233285,1359149,val
pexels-photo-5234005,1080117,test
pexels-photo-5234514,2104565,test
pexels-photo-5234515,2104565,test
pexels-photo-5234517,2104565,test
pexels-photo-5234518,2104565,test
pexels-photo-5234519,2104565,test
pexels-photo-5234520,2104565,test
pexels-photo-5234521,2104565,test
pexels-photo-5234522,2104565,test
pexels-photo-5234523,2104565,test
pexels-photo-5234524,2104565,test
pexels-photo-5238277,2332540,train
pexels-photo-5239698,2202476,test
pexels-photo-5239701,2202476,test
pexels-photo-5239702,2202476,test
pexels-photo-5239703,2202476,test
pexels-photo-5239704,2202476,test
pexels-photo-5239712,2202476,test
pexels-photo-5239715,2202476,test
pexels-photo-5239739,2202476,test
pexels-photo-5239740,2202476,test
pexels-photo-5239743,2202476,test
pexels-photo-5239744,2202476,test
pexels-photo-5239745,2202476,test
pexels-photo-5239776,2202476,test
pexels-photo-5239777,2202476,test
pexels-photo-5239778,2202476,test
pexels-photo-5239779,2202476,test
pexels-photo-5239780,2202476,test
pexels-photo-5239781,2202476,test
pexels-photo-5239790,2202476,test
pexels-photo-5239791,2202476,test
pexels-photo-5239792,2202476,test
pexels-photo-5239793,2202476,test
pexels-photo-5239887,1163687,val
pexels-photo-5239950,2332540,train
pexels-photo-5242049,862177,val
pexels-photo-5247942,2202476,test
pexels-photo-5247944,2202476,test
pexels-photo-5247946,2202476,test
pexels-photo-5247951,2202476,test
pexels-photo-5249676,2315906,val
pexels-photo-5256133,3441178,test
pexels-photo-5256134,3441178,test
pexels-photo-5256135,3441178,test
pexels-photo-5256136,3441178,test
pexels-photo-5256816,3361091,train
pexels-photo-5257452,3361091,train
pexels-photo-5262432,1080117,test
pexels-photo-5262475,1080117,test
pexels-photo-5264825,3522832,val
pexels-photo-5272077,1161441,train
pexels-photo-5273608,3372733,val
pexels-photo-5273618,3372733,val
pexels-photo-5273648,3372733,val
pexels-photo-5273651,3372733,val
pexels-photo-5273661,3372733,val
pexels-photo-5273662,3372733,val
pexels-photo-5273663,3372733,val
pexels-photo-5298215,1117227,test
pexels-photo-5301701,3517993,test
pexels-photo-5301705,3517993,test
pexels-photo-5301722,3517993,test
pexels-photo-5301726,3517993,test
pexels-photo-5301727,3517993,test
pexels-photo-5301728,3517993,test
pexels-photo-5301729,3517993,test
pexels-photo-5301730,3517993,test
pexels-photo-5301731,3517993,test
pexels-photo-5301733,3517993,test
pexels-photo-5301736,3517993,test
pexels-photo-5301740,3517993,test
pexels-photo-5301744,3517993,test
pexels-photo-5301745,3517993,test
pexels-photo-5301747,3517993,test
pexels-photo-5301750,3517993,test
pexels-photo-5301751,3517993,test
pexels-photo-5302891,3372733,val
pexels-photo-5302892,3372733,val
pexels-photo-5302893,3372733,val
pexels-photo-5302894,3372733,val
pexels-photo-5302895,3372733,val
pexels-photo-5302899,3372733,val
pexels-photo-5302901,3372733,val
pexels-photo-5302902,3372733,val
pexels-photo-5302906,3372733,val
pexels-photo-5302907,3372733,val
pexels-photo-5302908,3372733,val
pexels-photo-5302909,3372733,val
pexels-photo-5302910,3372733,val
pexels-photo-5302911,3372733,val
pexels-photo-5302924,3372733,val
pexels-photo-5302932,3372733,val
pexels-photo-5302938,3372733,val
pexels-photo-5302944,3372733,val
pexels-photo-5305811,357964,train
pexels-photo-5306428,2570462,train
pexels-photo-5306429,2570462,train
pexels-photo-5309639,1065076,test
pexels-photo-5309640,1065076,test
pexels-photo-5320290,1130679,train
pexels-photo-5324860,1984515,train
pexels-photo-5324862,1984515,train
pexels-photo-5324874,1984515,train
pexels-photo-5324875,1984515,train
pexels-photo-5324877,1984515,train
pexels-photo-5324878,1984515,train
pexels-photo-5324879,1984515,train
pexels-photo-5324880,1984515,train
pexels-photo-5324881,1984515,train
pexels-photo-5324882,1984515,train
pexels-photo-5324884,1984515,train
pexels-photo-5324887,1984515,train
pexels-photo-5324889,1984515,train
pexels-photo-5324902,1984515,train
pexels-photo-5324911,1984515,train
pexels-photo-5324914,1984515,train
pexels-photo-5324915,1984515,train
pexels-photo-5324916,1984515,train
pexels-photo-5324919,1984515,train
pexels-photo-5324920,1984515,train
pexels-photo-5324921,1984515,train
pexels-photo-5324922,1984515,train
pexels-photo-5324923,1984515,train
pexels-photo-5324924,1984515,train
pexels-photo-5324925,1984515,train
pexels-photo-5324926,1984515,train
pexels-photo-5324927,1984515,train
pexels-photo-5324928,1984515,train
pexels-photo-5324929,1984515,train
pexels-photo-5324933,1984515,train
pexels-photo-5324934,1984515,train
pexels-photo-5324935,1984515,train
pexels-photo-5324936,1984515,train
pexels-photo-5324937,1984515,train
pexels-photo-5324938,1984515,train
pexels-photo-5324939,1984515,train
pexels-photo-5324941,1984515,train
pexels-photo-5324942,1984515,train
pexels-photo-5324946,1984515,train
pexels-photo-5324947,1984515,train
pexels-photo-5324949,1984515,train
pexels-photo-5324950,1984515,train
pexels-photo-5324951,1984515,train
pexels-photo-5325003,1984515,train
pexels-photo-5325005,1984515,train
pexels-photo-5325015,1984515,train
pexels-photo-5325054,1984515,train
pexels-photo-5325056,1984515,train
pexels-photo-5325085,1984515,train
pexels-photo-5325102,1984515,train
pexels-photo-5325103,1984515,train
pexels-photo-5325106,1984515,train
pexels-photo-5325108,1984515,train
pexels-photo-5325109,1984515,train
pexels-photo-5325111,1984515,train
pexels-photo-5325112,1984515,train
pexels-photo-5327578,3361091,train
pexels-photo-5327584,3361091,train
pexels-photo-5327588,3361091,train
pexels-photo-5327656,3361091,train
pexels-photo-5327862,3361091,train
pexels-photo-5327865,3361091,train
pexels-photo-5327866,3361091,train
pexels-photo-5327868,3361091,train
pexels-photo-5329064,2891577,train
pexels-photo-5332458,3547268,train
pexels-photo-5335019,3291978,train
pexels-photo-5356222,3441187,val
pexels-photo-5356230,3441187,val
pexels-photo-5356239,3441187,val
pexels-photo-5356242,3441187,val
pexels-photo-5356243,3441187,val
pexels-photo-5356244,3441187,val
pexels-photo-5368145,3433910,test
pexels-photo-5380918,2821309,test
pexels-photo-5383806,3518065,test
pexels-photo-5383809,3518065,test
pexels-photo-5399017,2332540,train
pexels-photo-5407206,3088726,train
pexels-photo-5407208,3088726,train
pexels-photo-5408715,3126166,train
pexels-photo-5409656,3518023,train
pexels-photo-5409657,3518023,train
pexels-photo-5409658,3518023,train
pexels-photo-5409659,3518023,train
pexels-photo-5409661,3518023,train
pexels-photo-5409662,3518023,train
pexels-photo-5409663,3518023,train
pexels-photo-5409664,3518023,train
pexels-photo-5409665,3518023,train
pexels-photo-5409668,3518023,train
pexels-photo-5409669,3518023,train
pexels-photo-5409671,3518023,train
pexels-photo-5409672,3518023,train
pexels-photo-5409675,3518023,train
pexels-photo-5409679,3518023,train
pexels-photo-5409680,3518023,train
pexels-photo-5409683,3518023,train
pexels-photo-5409684,3518023,train
pexels-photo-5409685,3518023,train
pexels-photo-5409686,3518023,train
pexels-photo-5409687,3518023,train
pexels-photo-5409689,3518023,train
pexels-photo-5409690,3518023,train
pexels-photo-5409691,3518023,train
pexels-photo-5409692,3518023,train
pexels-photo-5409693,3518023,train
pexels-photo-5409695,3518023,train
pexels-photo-5409697,3518023,train
pexels-photo-5409699,3518023,train
pexels-photo-5409700,3518023,train
pexels-photo-5409702,3518023,train
pexels-photo-5409703,3518023,train
pexels-photo-5409704,3518023,train
pexels-photo-5409707,3518023,train
pexels-photo-5409709,3518023,train
pexels-photo-5409710,3518023,train
pexels-photo-5409711,3518023,train
pexels-photo-5409712,3518023,train
pexels-photo-5409713,3518023,train
pexels-photo-5409714,3518023,train
pexels-photo-5409715,3518023,train
pexels-photo-5409716,3518023,train
pexels-photo-5409717,3518023,train
pexels-photo-5409718,3518023,train
pexels-photo-5409723,3518023,train
pexels-photo-5409724,3518023,train
pexels-photo-5409725,3518023,train
pexels-photo-5409731,3518023,train
pexels-photo-5409736,3518023,train
pexels-photo-5409737,3518023,train
pexels-photo-5409738,3518023,train
pexels-photo-5409739,3518023,train
pexels-photo-5409740,3518023,train
pexels-photo-5409753,3518023,train
pexels-photo-5409754,3518023,train
pexels-photo-5409755,3518023,train
pexels-photo-5409756,3518023,train
pexels-photo-5409757,3518023,train
pexels-photo-5409758,3518023,train
pexels-photo-5409759,3518023,train
pexels-photo-5409760,3518023,train
pexels-photo-5409761,3518023,train
pexels-photo-5409762,3518023,train
pexels-photo-5409763,3518023,train
pexels-photo-5409764,3518023,train
pexels-photo-5409765,3518023,train
pexels-photo-5409766,3518023,train
pexels-photo-5409767,3518023,train
pexels-photo-5409768,3518023,train
pexels-photo-5409772,3518023,train
pexels-photo-5410050,3518023,train
pexels-photo-5410068,3518023,train
pexels-photo-5410071,3518023,train
pexels-photo-5410075,3518023,train
pexels-photo-5410077,3518023,train
pexels-photo-5410078,3518023,train
pexels-photo-5410080,3518023,train
pexels-photo-5410081,3518023,train
pexels-photo-5410082,3518023,train
pexels-photo-5410089,3518023,train
pexels-photo-5410090,3518023,train
pexels-photo-5410091,3518023,train
pexels-photo-5410092,3518023,train
pexels-photo-5410093,3518023,train
pexels-photo-5410094,3518023,train
pexels-photo-5410096,3518023,train
pexels-photo-5410097,3518023,train
pexels-photo-5410098,3518023,train
pexels-photo-5410103,3518023,train
pexels-photo-5410107,3518023,train
pexels-photo-5410113,3518023,train
pexels-photo-5410116,3518023,train
pexels-photo-5410118,3518023,train
pexels-photo-5410120,3518023,train
pexels-photo-5410121,3518023,train
pexels-photo-5410122,3518023,train
pexels-photo-5410123,3518023,train
pexels-photo-5410124,3518023,train
pexels-photo-5410125,3518023,train
pexels-photo-5410126,3518023,train
pexels-photo-5410127,3518023,train
pexels-photo-5410128,3518023,train
pexels-photo-5410129,3518023,train
pexels-photo-5410130,3518023,train
pexels-photo-5410133,3518023,train
pexels-photo-5410134,3518023,train
pexels-photo-5410135,3518023,train
pexels-photo-5410139,3518023,train
pexels-photo-5410140,3518023,train
pexels-photo-5410142,3518023,train
pexels-photo-5410143,3518023,train
pexels-photo-5410148,3518023,train
pexels-photo-5410150,3518023,train
pexels-photo-5412175,2906295,val
pexels-photo-5413713,3518023,train
pexels-photo-5413716,3518023,train
pexels-photo-5413720,3518023,train
pexels-photo-5413725,3518023,train
pexels-photo-5413726,3518023,train
pexels-photo-5413728,3518023,train
pexels-photo-5413988,3518023,train
pexels-photo-5413989,3518023,train
pexels-photo-5413990,3518023,train
pexels-photo-5413993,3518023,train
pexels-photo-5413994,3518023,train
pexels-photo-5413995,3518023,train
pexels-photo-5413996,3518023,train
pexels-photo-5413997,3518023,train
pexels-photo-5413998,3518023,train
pexels-photo-5413999,3518023,train
pexels-photo-5414000,3518023,train
pexels-photo-5414023,3518023,train
pexels-photo-5414326,3518023,train
pexels-photo-5414327,3518023,train
pexels-photo-5414329,3518023,train
pexels-photo-5414331,3518023,train
pexels-photo-5414334,3518023,train
pexels-photo-5414335,3518023,train
pexels-photo-5422490,2328515,test
pexels-photo-5424636,3518023,train
pexels-photo-5432294,1218017,val
pexels-photo-5434970,3307078,test
pexels-photo-5439398,3088726,train
pexels-photo-5439407,3088726,train
pexels-photo-5439408,3088726,train
pexels-photo-5439409,3088726,train
pexels-photo-5439440,3088726,train
pexels-photo-5439476,3088726,train
pexels-photo-5439480,3088726,train
pexels-photo-5439481,3088726,train
pexels-photo-5439483,3088726,train
pexels-photo-5439486,3088726,train
pexels-photo-5439488,3088726,train
pexels-photo-544965,121963,train
pexels-photo-544966,121963,train
pexels-photo-544971,121963,train
pexels-photo-5452194,3088726,train
pexels-photo-5452196,3088726,train
pexels-photo-5452197,3088726,train
pexels-photo-5452201,3088726,train
pexels-photo-5452203,3088726,train
pexels-photo-5452227,3088726,train
pexels-photo-5452251,3088726,train
pexels-photo-5452291,3088726,train
pexels-photo-5452298,3088726,train
pexels-photo-5458363,3627732,test
pexels-photo-5463575,3641213,test
pexels-photo-5463587,3641213,test
pexels-photo-5466156,2570462,train
pexels-photo-5466161,2570462,train
pexels-photo-5466162,2570462,train
pexels-photo-5466163,2570462,train
pexels-photo-5466225,2570462,train
pexels-photo-5466226,2570462,train
pexels-photo-5469662,2891577,train
pexels-photo-547117,166939,train
pexels-photo-5472869,1080117,test
pexels-photo-5485010,3664239,test
pexels-photo-5490164,2272619,val
pexels-photo-5490172,2272619,val
pexels-photo-5490193,2272619,val
pexels-photo-5490196,2272619,val
pexels-photo-5490208,2272619,val
pexels-photo-5490711,2272619,val
pexels-photo-5490724,2272619,val
pexels-photo-5490730,2272619,val
pexels-photo-5490731,2272619,val
pexels-photo-5490734,2272619,val
pexels-photo-5490746,2272619,val
pexels-photo-5490967,2272619,val
pexels-photo-5493651,2570462,train
pexels-photo-5493652,2570462,train
pexels-photo-5493654,2570462,train
pexels-photo-5493656,2570462,train
pexels-photo-5493657,2570462,train
pexels-photo-5493658,2570462,train
pexels-photo-5493659,2570462,train
pexels-photo-5493660,2570462,train
pexels-photo-5493661,2570462,train
pexels-photo-5493662,2570462,train
pexels-photo-5493663,2570462,train
pexels-photo-5493664,2570462,train
pexels-photo-5493665,2570462,train
pexels-photo-5493666,2570462,train
pexels-photo-5493667,2570462,train
pexels-photo-5493668,2570462,train
pexels-photo-5493669,2570462,train
pexels-photo-5493670,2570462,train
pexels-photo-5493671,2570462,train
pexels-photo-5493672,2570462,train
pexels-photo-5493673,2570462,train
pexels-photo-5493674,2570462,train
pexels-photo-5493675,2570462,train
pexels-photo-5493676,2570462,train
pexels-photo-5502956,1884800,test
pexels-photo-5505643,1884800,test
pexels-photo-5506026,1884800,test
pexels-photo-5526370,3600280,train
pexels-photo-5528926,3651179,val
pexels-photo-5528927,3651179,val
pexels-photo-5528928,3651179,val
pexels-photo-5528929,3651179,val
pexels-photo-5528930,3651179,val
pexels-photo-5529606,3651179,val
pexels-photo-5529746,1277172,val
pexels-photo-5529748,1277172,val
pexels-photo-5530489,1498941,val
pexels-photo-5531005,2272619,val
pexels-photo-5532667,1437723,train
pexels-photo-5532833,1437723,train
pexels-photo-5532835,1437723,train
pexels-photo-5532837,1437723,train
pexels-photo-5532842,1437723,train
pexels-photo-5532846,1437723,train
pexels-photo-5532857,1437723,train
pexels-photo-5532858,1437723,train
pexels-photo-5532859,1437723,train
pexels-photo-5532860,1437723,train
pexels-photo-5532861,1437723,train
pexels-photo-5532987,1437723,train
pexels-photo-5532988,1437723,train
pexels-photo-5532989,1437723,train
pexels-photo-5532990,1437723,train
pexels-photo-5532992,1437723,train
pexels-photo-5532995,1437723,train
pexels-photo-5532996,1437723,train
pexels-photo-5532998,1437723,train
pexels-photo-5537783,1437723,train
pexels-photo-5553047,3517993,test
pexels-photo-5560003,3518023,train
pexels-photo-5576727,3615017,train
pexels-photo-5579584,2464540,train
pexels-photo-5580135,3673812,test
pexels-photo-5603558,1821361,test
pexels-photo-5604024,2154208,train
pexels-photo-5614277,1984515,train
pexels-photo-5619451,2915177,val
pexels-photo-5619452,2915177,val
pexels-photo-5619458,2915177,val
pexels-photo-5619459,2915177,val
pexels-photo-5622305,2206740,train
pexels-photo-5641039,647565,test
pexels-photo-5641883,1984515,train
pexels-photo-5641895,1984515,train
pexels-photo-5641933,1984515,train
pexels-photo-5641934,1984515,train
pexels-photo-5641936,1984515,train
pexels-photo-5641937,1984515,train
pexels-photo-5641938,1984515,train
pexels-photo-5641955,1984515,train
pexels-photo-5641957,1984515,train
pexels-photo-5642002,1984515,train
pexels-photo-5642012,1984515,train
pexels-photo-5642030,1984515,train
pexels-photo-5642032,1984515,train
pexels-photo-5642034,1984515,train
pexels-photo-5642036,1984515,train
pexels-photo-5642038,1984515,train
pexels-photo-5642039,1984515,train
pexels-photo-5642041,1984515,train
pexels-photo-5642043,1984515,train
pexels-photo-5642045,1984515,train
pexels-photo-5642046,1984515,train
pexels-photo-5642074,1984515,train
pexels-photo-5647179,3651207,train
pexels-photo-5647181,3651207,train
pexels-photo-5647182,3651207,train
pexels-photo-5647192,3651207,train
pexels-photo-5647194,3651207,train
pexels-photo-5647197,3651207,train
pexels-photo-5647203,3651207,train
pexels-photo-5647207,3651207,train
pexels-photo-5647208,3651207,train
pexels-photo-5647210,3651207,train
pexels-photo-5647212,3651207,train
pexels-photo-5647219,3651207,train
pexels-photo-5647221,3651207,train
pexels-photo-5647222,3651207,train
pexels-photo-5647226,3651207,train
pexels-photo-5647227,3651207,train
pexels-photo-5647231,3651207,train
pexels-photo-5647233,3651207,train
pexels-photo-5647234,3651207,train
pexels-photo-5647235,3651207,train
pexels-photo-5647237,3651207,train
pexels-photo-5647259,3810249,val
pexels-photo-5647260,3651207,train
pexels-photo-5647261,3651207,train
pexels-photo-5647265,3651207,train
pexels-photo-5647266,3651207,train
pexels-photo-5647267,3651207,train
pexels-photo-5647561,3651207,train
pexels-photo-5647566,3651207,train
pexels-photo-5647570,3651207,train
pexels-photo-5647576,3651207,train
pexels-photo-5648206,2432543,test
pexels-photo-5648227,2432543,test
pexels-photo-5648401,3651207,train
pexels-photo-5648403,3651207,train
pexels-photo-5648405,3651207,train
pexels-photo-5648422,3651207,train
pexels-photo-5648423,3651207,train
pexels-photo-5648425,3651207,train
pexels-photo-5648427,3651207,train
pexels-photo-5648428,3651207,train
pexels-photo-5648430,3651207,train
pexels-photo-5648432,3651207,train
pexels-photo-5648433,3651207,train
pexels-photo-5648453,3651207,train
pexels-photo-5648454,3651207,train
pexels-photo-5648455,3651207,train
pexels-photo-5648456,3651207,train
pexels-photo-5648457,3651207,train
pexels-photo-5648459,3651207,train
pexels-photo-5649077,392079,train
pexels-photo-5649079,392079,train
pexels-photo-5649081,392079,train
pexels-photo-5649093,392079,train
pexels-photo-5649094,392079,train
pexels-photo-5657432,3814787,test
pexels-photo-5657436,3814787,test
pexels-photo-5659009,2563618,val
pexels-photo-5659012,2563618,val
pexels-photo-5659471,3818152,val
pexels-photo-5668456,3652485,test
pexels-photo-5668477,3652485,test
pexels-photo-5668764,3652485,test
pexels-photo-5668765,3652485,test
pexels-photo-5668766,3652485,test
pexels-photo-5668767,3652485,test
pexels-photo-5668768,3652485,test
pexels-photo-5668769,3652485,test
pexels-photo-5668770,3652485,test
pexels-photo-5668771,3652485,test
pexels-photo-5668774,3652485,test
pexels-photo-5668777,3652485,test
pexels-photo-5668779,3652485,test
pexels-photo-5668792,3652485,test
pexels-photo-5668793,3652485,test
pexels-photo-5668794,3652485,test
pexels-photo-5668795,3652485,test
pexels-photo-5668796,3652485,test
pexels-photo-5668845,3652485,test
pexels-photo-5668846,3652485,test
pexels-photo-5668851,3652485,test
pexels-photo-5668853,3652485,test
pexels-photo-5668856,3652485,test
pexels-photo-5668858,3652485,test
pexels-photo-5668862,3652485,test
pexels-photo-5668871,3652485,test
pexels-photo-5668873,3652485,test
pexels-photo-5668874,3652485,test
pexels-photo-5668876,3652485,test
pexels-photo-5668880,3652485,test
pexels-photo-5668883,3652485,test
pexels-photo-5668887,3652485,test
pexels-photo-5669600,3652485,test
pexels-photo-5669601,3652485,test
pexels-photo-5673498,3652485,test
pexels-photo-5673501,3652485,test
pexels-photo-5673502,3652485,test
pexels-photo-5673503,3652485,test
pexels-photo-5673504,3652485,test
pexels-photo-5673507,3652485,test
pexels-photo-5673509,3652485,test
pexels-photo-5673517,3652485,test
pexels-photo-5673518,3652485,test
pexels-photo-5673519,3652485,test
pexels-photo-5674663,1351193,train
pexels-photo-5682140,1984515,train
pexels-photo-5682948,1065076,test
pexels-photo-5684436,3361091,train
pexels-photo-5684437,3361091,train
pexels-photo-5684440,3361091,train
pexels-photo-5684444,3361091,train
pexels-photo-5684446,3361091,train
pexels-photo-5684447,3361091,train
pexels-photo-5684448,3361091,train
pexels-photo-5684449,3361091,train
pexels-photo-5684450,3361091,train
pexels-photo-5684551,3361091,train
pexels-photo-5684556,3361091,train
pexels-photo-5684557,3361091,train
pexels-photo-5684558,3361091,train
pexels-photo-5684563,3361091,train
pexels-photo-5684641,3361091,train
pexels-photo-5684642,3361091,train
pexels-photo-5684644,3361091,train
pexels-photo-5685899,3088726,train
pexels-photo-5685901,3088726,train
pexels-photo-5686080,3088726,train
pexels-photo-5687408,717672,test
pexels-photo-5688670,1429833,test
pexels-photo-5691469,1005150,test
pexels-photo-5691498,1005150,test
pexels-photo-5691501,1005150,test
pexels-photo-5691502,1005150,test
pexels-photo-5691503,1005150,test
pexels-photo-5691506,1005150,test
pexels-photo-5691510,1005150,test
pexels-photo-5691513,1005150,test
pexels-photo-5691515,1005150,test
pexels-photo-5691516,1005150,test
pexels-photo-5691518,1005150,test
pexels-photo-5691521,1005150,test
pexels-photo-5691531,1005150,test
pexels-photo-5691534,1005150,test
pexels-photo-5691536,1005150,test
pexels-photo-5691539,1005150,test
pexels-photo-5691540,1005150,test
pexels-photo-5691541,1005150,test
pexels-photo-5691544,1005150,test
pexels-photo-5691546,1005150,test
pexels-photo-5691548,1005150,test
pexels-photo-5691550,1005150,test
pexels-photo-5691551,1005150,test
pexels-photo-5691552,1005150,test
pexels-photo-5691553,1005150,test
pexels-photo-5691554,1005150,test
pexels-photo-5691555,1005150,test
pexels-photo-5691557,1005150,test
pexels-photo-5691559,1005150,test
pexels-photo-5691597,1005150,test
pexels-photo-5691605,1005150,test
pexels-photo-5691606,1005150,test
pexels-photo-5691609,1005150,test
pexels-photo-5691610,1005150,test
pexels-photo-5691622,1005150,test
pexels-photo-5691625,1005150,test
pexels-photo-5691626,1005150,test
pexels-photo-5691629,1005150,test
pexels-photo-5691669,1005150,test
pexels-photo-5691672,1005150,test
pexels-photo-5691681,1005150,test
pexels-photo-5691692,1005150,test
pexels-photo-5691694,1005150,test
pexels-photo-5691701,1005150,test
pexels-photo-5699492,3657784,val
pexels-photo-5699499,3657784,val
pexels-photo-5699502,3657784,val
pexels-photo-5699503,3657784,val
pexels-photo-5699505,3657784,val
pexels-photo-5709241,3657919,val
pexels-photo-5710735,1984515,train
pexels-photo-5710736,1984515,train
pexels-photo-5710738,1984515,train
pexels-photo-5710740,1984515,train
pexels-photo-5710742,1984515,train
pexels-photo-5710745,1984515,train
pexels-photo-5710747,1984515,train
pexels-photo-5710750,1984515,train
pexels-photo-5710752,1984515,train
pexels-photo-5710754,1984515,train
pexels-photo-5710788,1984515,train
pexels-photo-5710789,1984515,train
pexels-photo-5710790,1984515,train
pexels-photo-5710791,1984515,train
pexels-photo-5710836,1984515,train
pexels-photo-5710840,1984515,train
pexels-photo-5710844,1984515,train
pexels-photo-5710847,1984515,train
pexels-photo-5710849,1984515,train
pexels-photo-5710850,1984515,train
pexels-photo-5710853,1984515,train
pexels-photo-5710869,1984515,train
pexels-photo-5710870,1984515,train
pexels-photo-5710873,1984515,train
pexels-photo-5710874,1984515,train
pexels-photo-5710875,1984515,train
pexels-photo-5710896,1984515,train
pexels-photo-5710901,1984515,train
pexels-photo-5710902,1984515,train
pexels-photo-5710905,1984515,train
pexels-photo-5710910,1984515,train
pexels-photo-5710957,1984515,train
pexels-photo-5710958,1984515,train
pexels-photo-5710959,1984515,train
pexels-photo-5710960,1984515,train
pexels-photo-5710961,1984515,train
pexels-photo-5711086,1984515,train
pexels-photo-5711088,1984515,train
pexels-photo-5711091,1984515,train
pexels-photo-5711092,1984515,train
pexels-photo-5711209,1984515,train
pexels-photo-5711213,1984515,train
pexels-photo-5711219,1984515,train
pexels-photo-5711220,1984515,train
pexels-photo-5711221,1984515,train
pexels-photo-5711222,1984515,train
pexels-photo-5711223,1984515,train
pexels-photo-5711224,1984515,train
pexels-photo-5711226,1984515,train
pexels-photo-5711266,1984515,train
pexels-photo-5711267,1984515,train
pexels-photo-5711692,1984515,train
pexels-photo-5711695,1984515,train
pexels-photo-5711700,1984515,train
pexels-photo-5711701,1984515,train
pexels-photo-5711702,1984515,train
pexels-photo-5711703,1984515,train
pexels-photo-5711707,1984515,train
pexels-photo-5711813,1984515,train
pexels-photo-5711814,1984515,train
pexels-photo-5711815,1984515,train
pexels-photo-5711816,1984515,train
pexels-photo-5711817,1984515,train
pexels-photo-5711821,1984515,train
pexels-photo-5711823,1984515,train
pexels-photo-5711825,1984515,train
pexels-photo-5711833,1984515,train
pexels-photo-5711834,1984515,train
pexels-photo-5711836,1984515,train
pexels-photo-5711838,1984515,train
pexels-photo-5711873,1984515,train
pexels-photo-5711874,1984515,train
pexels-photo-5711879,1984515,train
pexels-photo-5711880,1984515,train
pexels-photo-5711881,1984515,train
pexels-photo-5711882,1984515,train
pexels-photo-5711883,1984515,train
pexels-photo-5711885,1984515,train
pexels-photo-5711886,1984515,train
pexels-photo-5711890,1984515,train
pexels-photo-5711892,1984515,train
pexels-photo-5711899,1984515,train
pexels-photo-5711900,1984515,train
pexels-photo-5711901,1984515,train
pexels-photo-5711902,1984515,train
pexels-photo-5711938,1984515,train
pexels-photo-5711939,1984515,train
pexels-photo-5711941,1984515,train
pexels-photo-5711944,1984515,train
pexels-photo-5711945,1984515,train
pexels-photo-5711947,1984515,train
pexels-photo-5711948,1984515,train
pexels-photo-5711949,1984515,train
pexels-photo-5715879,1005150,test
pexels-photo-5715880,1005150,test
pexels-photo-5715884,1005150,test
pexels-photo-5715893,1005150,test
pexels-photo-5715894,1005150,test
pexels-photo-5715901,1005150,test
pexels-photo-5715905,1005150,test
pexels-photo-5720968,2202476,test
pexels-photo-5720969,2202476,test
pexels-photo-5720970,2202476,test
pexels-photo-5720971,2202476,test
pexels-photo-5720972,2202476,test
pexels-photo-5720973,2202476,test
pexels-photo-5720974,2202476,test
pexels-photo-5720975,2202476,test
pexels-photo-5720976,2202476,test
pexels-photo-5720977,2202476,test
pexels-photo-5720978,2202476,test
pexels-photo-5720979,2202476,test
pexels-photo-5720980,2202476,test
pexels-photo-5720981,2202476,test
pexels-photo-5720982,2202476,test
pexels-photo-5720983,2202476,test
pexels-photo-5720995,2202476,test
pexels-photo-5720997,2202476,test
pexels-photo-5720998,2202476,test
pexels-photo-5720999,2202476,test
pexels-photo-5721000,2202476,test
pexels-photo-5721001,2202476,test
pexels-photo-5721002,2202476,test
pexels-photo-5721003,2202476,test
pexels-photo-5721005,2202476,test
pexels-photo-5721006,2202476,test
pexels-photo-5721007,2202476,test
pexels-photo-5721013,2202476,test
pexels-photo-5721015,2202476,test
pexels-photo-5721016,2202476,test
pexels-photo-5721017,2202476,test
pexels-photo-5721018,2202476,test
pexels-photo-5721019,2202476,test
pexels-photo-5721020,2202476,test
pexels-photo-5721021,2202476,test
pexels-photo-5721022,2202476,test
pexels-photo-5721023,2202476,test
pexels-photo-5721024,2202476,test
pexels-photo-5721333,2202476,test
pexels-photo-5721671,1437723,train
pexels-photo-5721672,1437723,train
pexels-photo-5721682,1437723,train
pexels-photo-5722156,1437723,train
pexels-photo-5722163,1437723,train
pexels-photo-5722164,1437723,train
pexels-photo-5722165,1437723,train
pexels-photo-5722166,1437723,train
pexels-photo-5726690,2951544,train
pexels-photo-5726691,2951544,train
pexels-photo-5726692,2951544,train
pexels-photo-5726693,2951544,train
pexels-photo-5726694,2951544,train
pexels-photo-5726695,2951544,train
pexels-photo-5726696,2951544,train
pexels-photo-5726697,2951544,train
pexels-photo-5726698,2951544,train
pexels-photo-5726699,2951544,train
pexels-photo-5726700,2951544,train
pexels-photo-5726701,2951544,train
pexels-photo-5726702,2951544,train
pexels-photo-5726703,2951544,train
pexels-photo-5726704,2951544,train
pexels-photo-5726705,2951544,train
pexels-photo-5726706,2951544,train
pexels-photo-5726707,2951544,train
pexels-photo-5726708,2951544,train
pexels-photo-5726709,2951544,train
pexels-photo-5726710,2951544,train
pexels-photo-5726711,2951544,train
pexels-photo-5726712,2951544,train
pexels-photo-5726713,2951544,train
pexels-photo-5726714,2951544,train
pexels-photo-5726715,2951544,train
pexels-photo-5726716,2951544,train
pexels-photo-5726717,2951544,train
pexels-photo-5726782,2951544,train
pexels-photo-5726783,2951544,train
pexels-photo-5726784,2951544,train
pexels-photo-5726785,2951544,train
pexels-photo-5726786,2951544,train
pexels-photo-5726787,2951544,train
pexels-photo-5726788,2951544,train
pexels-photo-5726789,2951544,train
pexels-photo-5726790,2951544,train
pexels-photo-5726791,2951544,train
pexels-photo-5726792,2951544,train
pexels-photo-5726793,2951544,train
pexels-photo-5726794,2951544,train
pexels-photo-5726795,2951544,train
pexels-photo-5726796,2951544,train
pexels-photo-5726797,2951544,train
pexels-photo-5726798,2951544,train
pexels-photo-5726799,2951544,train
pexels-photo-5726800,2951544,train
pexels-photo-5726801,2951544,train
pexels-photo-5726802,2951544,train
pexels-photo-5726803,2951544,train
pexels-photo-5726804,2951544,train
pexels-photo-5726805,2951544,train
pexels-photo-5726806,2951544,train
pexels-photo-5726807,2951544,train
pexels-photo-5726809,2951544,train
pexels-photo-5726810,2951544,train
pexels-photo-5726811,2951544,train
pexels-photo-5726812,2951544,train
pexels-photo-5726813,2951544,train
pexels-photo-5726834,2951544,train
pexels-photo-5726835,2951544,train
pexels-photo-5726837,2951544,train
pexels-photo-5726838,2951544,train
pexels-photo-5726840,2951544,train
pexels-photo-5726850,2951544,train
pexels-photo-5727892,3660000,val
pexels-photo-5731958,593836,train
pexels-photo-5745819,3431481,test
pexels-photo-5749801,3651179,val
pexels-photo-5750131,1984515,train
pexels-photo-5750139,1984515,train
pexels-photo-5750159,1984515,train
pexels-photo-5750206,1984515,train
pexels-photo-5750214,1984515,train
pexels-photo-5759590,3875297,val
pexels-photo-5759611,3875297,val
pexels-photo-5760871,1984515,train
pexels-photo-5760875,1984515,train
pexels-photo-5760877,1984515,train
pexels-photo-5760878,1984515,train
pexels-photo-5760879,1984515,train
pexels-photo-5766461,1005150,test
pexels-photo-5767799,1005150,test
pexels-photo-5767926,1005150,test
pexels-photo-5767960,1005150,test
pexels-photo-5768107,1005150,test
pexels-photo-5768187,1005150,test
pexels-photo-5768209,1005150,test
pexels-photo-5768284,1005150,test
pexels-photo-5773087,422567,val
pexels-photo-5777353,219836,test
pexels-photo-5777354,219836,test
pexels-photo-5781355,8202,val
pexels-photo-5789363,1610611,val
pexels-photo-5802821,3802567,val
pexels-photo-5802822,3802567,val
pexels-photo-5802827,3802567,val
pexels-photo-5809847,2997175,val
pexels-photo-5812107,2743342,val
pexels-photo-5821000,3804555,test
pexels-photo-5830700,1984515,train
pexels-photo-5831253,3882745,test
pexels-photo-5831255,3882745,test
pexels-photo-5831256,3882745,test
pexels-photo-5831257,3882745,test
pexels-photo-5834822,1080117,test
pexels-photo-5834973,3660519,test
pexels-photo-5834974,3660519,test
pexels-photo-5834976,3660519,test
pexels-photo-5835306,3660519,test
pexels-photo-5835307,3660519,test
pexels-photo-5835316,3660519,test
pexels-photo-5835322,3660519,test
pexels-photo-5835326,3660519,test
pexels-photo-5835327,3660519,test
pexels-photo-5835344,3660519,test
pexels-photo-5835346,3660519,test
pexels-photo-5835352,3660519,test
pexels-photo-5835354,3660519,test
pexels-photo-5835364,3660519,test
pexels-photo-5835463,3660519,test
pexels-photo-5835464,3660519,test
pexels-photo-5835465,3660519,test
pexels-photo-5835466,3660519,test
pexels-photo-5835467,3660519,test
pexels-photo-5835468,3660519,test
pexels-photo-5835566,3660519,test
pexels-photo-5835567,3660519,test
pexels-photo-5835585,3660519,test
pexels-photo-5835588,3660519,test
pexels-photo-5835592,3660519,test
pexels-photo-5835593,3660519,test
pexels-photo-5835622,3660519,test
pexels-photo-5845554,3660475,test
pexels-photo-5845940,3088726,train
pexels-photo-5845961,3088726,train
pexels-photo-5845963,3088726,train
pexels-photo-5845964,3088726,train
pexels-photo-5845965,3088726,train
pexels-photo-5845968,3088726,train
pexels-photo-5845969,3088726,train
pexels-photo-5845970,3088726,train
pexels-photo-5845971,3088726,train
pexels-photo-5845972,3088726,train
pexels-photo-5845973,3088726,train
pexels-photo-5845976,3088726,train
pexels-photo-5845978,3088726,train
pexels-photo-5846122,3088726,train
pexels-photo-5846126,3088726,train
pexels-photo-5846178,3088726,train
pexels-photo-5846183,3088726,train
pexels-photo-5846247,3088726,train
pexels-photo-5846270,3088726,train
pexels-photo-5846271,3088726,train
pexels-photo-5846272,3088726,train
pexels-photo-5847394,3660475,test
pexels-photo-585418,181374,train
pexels-photo-585419,181374,train
pexels-photo-586024,3362,train
pexels-photo-586034,3362,train
pexels-photo-586068,3362,train
pexels-photo-586077,3362,train
pexels-photo-586083,3362,train
pexels-photo-586089,3362,train
pexels-photo-586092,3362,train
pexels-photo-586093,3362,train
pexels-photo-586095,3362,train
pexels-photo-586097,3362,train
pexels-photo-586098,3362,train
pexels-photo-586103,3362,train
pexels-photo-586105,3362,train
pexels-photo-5862308,3361091,train
pexels-photo-5862310,3361091,train
pexels-photo-5862313,3361091,train
pexels-photo-5862314,3361091,train
pexels-photo-5862315,3361091,train
pexels-photo-5863361,2906295,val
pexels-photo-5863362,2906295,val
pexels-photo-5863365,2906295,val
pexels-photo-5863366,2906295,val
pexels-photo-5863368,2906295,val
pexels-photo-5863370,2906295,val
pexels-photo-5864216,2272619,val
pexels-photo-5864548,2272619,val
pexels-photo-5864804,2272619,val
pexels-photo-5865078,2272619,val
pexels-photo-5865210,2272619,val
pexels-photo-58728,11668,test
pexels-photo-5876444,1182693,train
pexels-photo-5878507,2951544,train
pexels-photo-5878510,2951544,train
pexels-photo-5878522,2951544,train
pexels-photo-5878523,2951544,train
pexels-photo-5889503,3804555,test
pexels-photo-5893065,1437723,train
pexels-photo-5893068,1437723,train
pexels-photo-5893069,1437723,train
pexels-photo-5893072,1437723,train
pexels-photo-5893075,1437723,train
pexels-photo-5893077,1437723,train
pexels-photo-5894220,1984515,train
pexels-photo-5894227,1984515,train
pexels-photo-5894228,1984515,train
pexels-photo-5894236,1984515,train
pexels-photo-5894256,1984515,train
pexels-photo-5894261,1984515,train
pexels-photo-5894265,1984515,train
pexels-photo-5894275,1984515,train
pexels-photo-5904094,2332540,train
pexels-photo-5905895,3660631,val
pexels-photo-5905897,3660631,val
pexels-photo-5905900,3660631,val
pexels-photo-5905901,3660631,val
pexels-photo-5905902,3660631,val
pexels-photo-5909686,3804555,test
pexels-photo-5909696,3804555,test
pexels-photo-5909699,3804555,test
pexels-photo-5911737,1865366,train
pexels-photo-5915140,3149039,train
pexels-photo-5915141,3149039,train
pexels-photo-5915224,3149039,train
pexels-photo-5920561,862177,val
pexels-photo-5920625,3649784,test
pexels-photo-5920626,3649784,test
pexels-photo-5920627,3649784,test
pexels-photo-5920628,3649784,test
pexels-photo-5920629,3649784,test
pexels-photo-5920630,3649784,test
pexels-photo-5920632,3649784,test
pexels-photo-5920633,3649784,test
pexels-photo-5920634,3649784,test
pexels-photo-5920637,3649784,test
pexels-photo-5920638,3649784,test
pexels-photo-5920640,3649784,test
pexels-photo-5920644,3649784,test
pexels-photo-5920725,3649784,test
pexels-photo-5920737,3649784,test
pexels-photo-5920740,3649784,test
pexels-photo-5920741,3649784,test
pexels-photo-5920742,3649784,test
pexels-photo-5920744,3649784,test
pexels-photo-5921979,3149039,train
pexels-photo-5922212,3149039,train
pexels-photo-5924054,5308978,test
pexels-photo-5931817,3912162,test
pexels-photo-5934200,2206740,train
pexels-photo-5934367,2206740,train
pexels-photo-5940704,3649784,test
pexels-photo-5940720,3649784,test
pexels-photo-5950095,3414985,val
pexels-photo-5953543,1984515,train
pexels-photo-5953547,1984515,train
pexels-photo-5953548,1984515,train
pexels-photo-5953550,1984515,train
pexels-photo-5953554,1984515,train
pexels-photo-5953555,1984515,train
pexels-photo-5953566,1984515,train
pexels-photo-5953567,1984515,train
pexels-photo-5953570,1984515,train
pexels-photo-5953575,1984515,train
pexels-photo-5953576,1984515,train
pexels-photo-5953580,1984515,train
pexels-photo-5953581,1984515,train
pexels-photo-5953589,1984515,train
pexels-photo-5953663,1984515,train
pexels-photo-5953684,1984515,train
pexels-photo-5953686,1984515,train
pexels-photo-5953687,1984515,train
pexels-photo-5953693,1984515,train
pexels-photo-5953694,1984515,train
pexels-photo-5953698,1984515,train
pexels-photo-5953713,1984515,train
pexels-photo-5953714,1984515,train
pexels-photo-5953715,1984515,train
pexels-photo-5953716,1984515,train
pexels-photo-5953725,1984515,train
pexels-photo-5953727,1984515,train
pexels-photo-5953728,1984515,train
pexels-photo-5953737,1984515,train
pexels-photo-5953749,1984515,train
pexels-photo-5953752,1984515,train
pexels-photo-5953755,1984515,train
pexels-photo-5953758,1984515,train
pexels-photo-5953759,1984515,train
pexels-photo-5953760,1984515,train
pexels-photo-5953761,1984515,train
pexels-photo-5953769,1984515,train
pexels-photo-5953770,1984515,train
pexels-photo-5953772,1984515,train
pexels-photo-5953773,1984515,train
pexels-photo-5953780,1984515,train
pexels-photo-5953783,1984515,train
pexels-photo-5953784,1984515,train
pexels-photo-5953790,1984515,train
pexels-photo-5953793,1984515,train
pexels-photo-5953794,1984515,train
pexels-photo-5953795,1984515,train
pexels-photo-5953796,1984515,train
pexels-photo-5953798,1984515,train
pexels-photo-5953801,1984515,train
pexels-photo-5953804,1984515,train
pexels-photo-5953831,1984515,train
pexels-photo-5953837,1984515,train
pexels-photo-5955023,3522356,val
pexels-photo-5955109,3522356,val
pexels-photo-5961133,3361091,train
pexels-photo-5964489,1984515,train
pexels-photo-5967744,3886204,val
pexels-photo-5967748,3886204,val
pexels-photo-5967749,3886204,val
pexels-photo-5973835,3651207,train
pexels-photo-5973837,3651207,train
pexels-photo-5973838,3651207,train
pexels-photo-5973840,3651207,train
pexels-photo-5973843,3651207,train
pexels-photo-5973844,3651207,train
pexels-photo-5973845,3651207,train
pexels-photo-5973846,3651207,train
pexels-photo-5973847,3651207,train
pexels-photo-5973849,3651207,train
pexels-photo-5973850,3651207,train
pexels-photo-5973851,3651207,train
pexels-photo-5973853,3651207,train
pexels-photo-5973854,3651207,train
pexels-photo-5973857,3651207,train
pexels-photo-5973858,3651207,train
pexels-photo-5973859,3651207,train
pexels-photo-5973860,3651207,train
pexels-photo-5973861,3651207,train
pexels-photo-5973862,3651207,train
pexels-photo-5973879,3651207,train
pexels-photo-5973880,3651207,train
pexels-photo-5973881,3651207,train
pexels-photo-5973882,3651207,train
pexels-photo-5973883,3651207,train
pexels-photo-5973884,3651207,train
pexels-photo-5973885,3651207,train
pexels-photo-5973886,3651207,train
pexels-photo-5973887,3651207,train
pexels-photo-5973888,3651207,train
pexels-photo-5973889,3651207,train
pexels-photo-5973890,3651207,train
pexels-photo-5973891,3651207,train
pexels-photo-5973892,3651207,train
pexels-photo-5973893,3651207,train
pexels-photo-5973894,3651207,train
pexels-photo-5973895,3651207,train
pexels-photo-5973897,3651207,train
pexels-photo-5973898,3651207,train
pexels-photo-5973899,3651207,train
pexels-photo-5973910,3651207,train
pexels-photo-5973911,3651207,train
pexels-photo-5973912,3651207,train
pexels-photo-5973914,3651207,train
pexels-photo-5973915,3651207,train
pexels-photo-5973916,3651207,train
pexels-photo-5973917,3651207,train
pexels-photo-5973918,3651207,train
pexels-photo-5973919,3651207,train
pexels-photo-5973920,3651207,train
pexels-photo-5973921,3651207,train
pexels-photo-5973925,3651207,train
pexels-photo-5973926,3651207,train
pexels-photo-5973927,3651207,train
pexels-photo-5973929,3651207,train
pexels-photo-5973930,3651207,train
pexels-photo-5973931,3651207,train
pexels-photo-5973932,3651207,train
pexels-photo-5973958,3651207,train
pexels-photo-5973959,3651207,train
pexels-photo-5973962,3651207,train
pexels-photo-5973963,3651207,train
pexels-photo-5973964,3651207,train
pexels-photo-5973965,3651207,train
pexels-photo-5973966,3651207,train
pexels-photo-5973967,3651207,train
pexels-photo-5973968,3651207,train
pexels-photo-5973969,3651207,train
pexels-photo-5973970,3651207,train
pexels-photo-5973971,3651207,train
pexels-photo-5973972,3651207,train
pexels-photo-5973973,3651207,train
pexels-photo-5973974,3651207,train
pexels-photo-5973975,3651207,train
pexels-photo-5973981,3651207,train
pexels-photo-5973982,3651207,train
pexels-photo-5973983,3651207,train
pexels-photo-5973985,3651207,train
pexels-photo-5973986,3651207,train
pexels-photo-5973987,3651207,train
pexels-photo-5973988,3651207,train
pexels-photo-5973989,3651207,train
pexels-photo-5973990,3651207,train
pexels-photo-5973991,3651207,train
pexels-photo-5973992,3651207,train
pexels-photo-5973994,3651207,train
pexels-photo-5973995,3651207,train
pexels-photo-5973996,3651207,train
pexels-photo-5973997,3651207,train
pexels-photo-5973998,3651207,train
pexels-photo-5973999,3651207,train
pexels-photo-5974000,3651207,train
pexels-photo-5974001,3651207,train
pexels-photo-5974004,3651207,train
pexels-photo-5974005,3651207,train
pexels-photo-5974007,3651207,train
pexels-photo-5974008,3651207,train
pexels-photo-5974012,3651207,train
pexels-photo-5974013,3651207,train
pexels-photo-5974015,3651207,train
pexels-photo-5974016,3651207,train
pexels-photo-5974017,3651207,train
pexels-photo-5974020,3651207,train
pexels-photo-5974021,3651207,train
pexels-photo-5974023,3651207,train
pexels-photo-5974024,3651207,train
pexels-photo-5974025,3651207,train
pexels-photo-5974029,3651207,train
pexels-photo-5974030,3651207,train
pexels-photo-5974031,3651207,train
pexels-photo-5974032,3651207,train
pexels-photo-5974033,3651207,train
pexels-photo-5974034,3651207,train
pexels-photo-5974035,3651207,train
pexels-photo-5974036,3651207,train
pexels-photo-5974037,3651207,train
pexels-photo-5974038,3651207,train
pexels-photo-5974039,3651207,train
pexels-photo-5974040,3651207,train
pexels-photo-5974041,3651207,train
pexels-photo-5974042,3651207,train
pexels-photo-5974044,3651207,train
pexels-photo-5974045,3651207,train
pexels-photo-5974046,3651207,train
pexels-photo-5974048,3651207,train
pexels-photo-5974050,3651207,train
pexels-photo-5974053,3651207,train
pexels-photo-5974054,3651207,train
pexels-photo-5974055,3651207,train
pexels-photo-5974056,3651207,train
pexels-photo-5974057,3651207,train
pexels-photo-5974058,3651207,train
pexels-photo-5974059,3651207,train
pexels-photo-5974235,3651207,train
pexels-photo-5974236,3651207,train
pexels-photo-5974237,3651207,train
pexels-photo-5974239,3651207,train
pexels-photo-5974240,3651207,train
pexels-photo-5974241,3651207,train
pexels-photo-5974242,3651207,train
pexels-photo-5974244,3651207,train
pexels-photo-5974245,3651207,train
pexels-photo-5974246,3651207,train
pexels-photo-5974247,3651207,train
pexels-photo-5974248,3651207,train
pexels-photo-5974249,3651207,train
pexels-photo-5974250,3651207,train
pexels-photo-5974252,3651207,train
pexels-photo-5974253,3651207,train
pexels-photo-5974272,3651207,train
pexels-photo-5974275,3651207,train
pexels-photo-5974276,3651207,train
pexels-photo-5974277,3651207,train
pexels-photo-5974278,3651207,train
pexels-photo-5974281,3651207,train
pexels-photo-5974287,3651207,train
pexels-photo-5974289,3651207,train
pexels-photo-5974290,3651207,train
pexels-photo-5974292,3651207,train
pexels-photo-5974296,3651207,train
pexels-photo-5974297,3651207,train
pexels-photo-5974301,3651207,train
pexels-photo-5974325,3651207,train
pexels-photo-5974328,3651207,train
pexels-photo-5974329,3651207,train
pexels-photo-5974330,3651207,train
pexels-photo-5974331,3651207,train
pexels-photo-5974332,3651207,train
pexels-photo-5974334,3651207,train
pexels-photo-5974335,3651207,train
pexels-photo-5974338,3651207,train
pexels-photo-5974339,3651207,train
pexels-photo-5974343,3651207,train
pexels-photo-5974344,3651207,train
pexels-photo-5974350,3651207,train
pexels-photo-5974351,3651207,train
pexels-photo-5974352,3651207,train
pexels-photo-5974353,3651207,train
pexels-photo-5974354,3651207,train
pexels-photo-5974355,3651207,train
pexels-photo-5974356,3651207,train
pexels-photo-5974357,3651207,train
pexels-photo-5974360,3651207,train
pexels-photo-5974361,3651207,train
pexels-photo-5974362,3651207,train
pexels-photo-5974364,3651207,train
pexels-photo-5974365,3651207,train
pexels-photo-5974366,3651207,train
pexels-photo-5974382,3651207,train
pexels-photo-5974383,3651207,train
pexels-photo-5974384,3651207,train
pexels-photo-5974385,3651207,train
pexels-photo-5974389,3651207,train
pexels-photo-5974391,3651207,train
pexels-photo-5974392,3651207,train
pexels-photo-5974393,3651207,train
pexels-photo-5974394,3651207,train
pexels-photo-5974395,3651207,train
pexels-photo-5974396,3651207,train
pexels-photo-5974403,3651207,train
pexels-photo-5974405,3651207,train
pexels-photo-5974408,3651207,train
pexels-photo-5974409,3651207,train
pexels-photo-5974411,3651207,train
pexels-photo-5974412,3651207,train
pexels-photo-5974416,3651207,train
pexels-photo-5984617,4164579,val
pexels-photo-5984618,4164579,val
pexels-photo-5986093,6227601,val
pexels-photo-5990702,1437723,train
pexels-photo-5990710,1437723,train
pexels-photo-5990716,1437723,train
pexels-photo-5997192,3372733,val
pexels-photo-5998442,2297095,train
pexels-photo-5998444,2297095,train
pexels-photo-5998446,2297095,train
pexels-photo-5998447,2297095,train
pexels-photo-5998449,2297095,train
pexels-photo-5998450,2297095,train
pexels-photo-5998453,2297095,train
pexels-photo-5998455,2297095,train
pexels-photo-5998456,2297095,train
pexels-photo-5998457,2297095,train
pexels-photo-5998458,2297095,train
pexels-photo-5998459,2297095,train
pexels-photo-5998465,2297095,train
pexels-photo-5998467,2297095,train
pexels-photo-5998468,2297095,train
pexels-photo-5998470,2297095,train
pexels-photo-5998472,2297095,train
pexels-photo-5998474,2297095,train
pexels-photo-5998475,2297095,train
pexels-photo-5998477,2297095,train
pexels-photo-5998478,2297095,train
pexels-photo-5998479,2297095,train
pexels-photo-5998480,2297095,train
pexels-photo-5998482,2297095,train
pexels-photo-5998490,2297095,train
pexels-photo-5998493,2297095,train
pexels-photo-5998494,2297095,train
pexels-photo-5998495,2297095,train
pexels-photo-5998496,2297095,train
pexels-photo-5998497,2297095,train
pexels-photo-5998498,2297095,train
pexels-photo-5998500,2297095,train
pexels-photo-5998501,2297095,train
pexels-photo-5998502,2297095,train
pexels-photo-5998505,2297095,train
pexels-photo-5998506,2297095,train
pexels-photo-5998507,2297095,train
pexels-photo-5999792,3651207,train
pexels-photo-5999794,3651207,train
pexels-photo-5999802,3651207,train
pexels-photo-5999806,3651207,train
pexels-photo-5999808,3651207,train
pexels-photo-5999817,3651207,train
pexels-photo-5999818,3651207,train
pexels-photo-5999819,3651207,train
pexels-photo-5999822,3651207,train
pexels-photo-5999823,3651207,train
pexels-photo-5999825,3651207,train
pexels-photo-5999826,3651207,train
pexels-photo-5999827,3651207,train
pexels-photo-5999829,3651207,train
pexels-photo-5999830,3651207,train
pexels-photo-5999831,3651207,train
pexels-photo-5999832,3651207,train
pexels-photo-5999834,3651207,train
pexels-photo-5999835,3651207,train
pexels-photo-5999836,3651207,train
pexels-photo-5999846,3651207,train
pexels-photo-5999894,3651207,train
pexels-photo-5999895,3651207,train
pexels-photo-5999897,3651207,train
pexels-photo-5999898,3651207,train
pexels-photo-5999899,3651207,train
pexels-photo-5999901,3651207,train
pexels-photo-5999902,3651207,train
pexels-photo-5999903,3651207,train
pexels-photo-6000128,3651207,train
pexels-photo-6000144,3651207,train
pexels-photo-6001230,3657919,val
pexels-photo-6001233,3657919,val
pexels-photo-6001235,3657919,val
pexels-photo-6001236,3657919,val
pexels-photo-6001237,3657919,val
pexels-photo-6001243,3657919,val
pexels-photo-6001252,3657919,val
pexels-photo-6001539,3657919,val
pexels-photo-6001540,3657919,val
pexels-photo-6001541,3657919,val
pexels-photo-6001542,3657919,val
pexels-photo-6001544,3657919,val
pexels-photo-6001545,3657919,val
pexels-photo-6001547,3657919,val
pexels-photo-6001550,3657919,val
pexels-photo-6001551,3657919,val
pexels-photo-6001555,3657919,val
pexels-photo-6001557,3657919,val
pexels-photo-6001558,3657919,val
pexels-photo-6001559,3657919,val
pexels-photo-6001560,3657919,val
pexels-photo-6001561,3657919,val
pexels-photo-6003672,3205689,test
pexels-photo-6004889,3052361,val
pexels-photo-6004890,3052361,val
pexels-photo-6004892,3052361,val
pexels-photo-6018652,1114434,train
pexels-photo-6026441,2913248,test
pexels-photo-6044489,3773880,val
pexels-photo-6045041,3773880,val
pexels-photo-6045047,3773880,val
pexels-photo-6045364,3773880,val
pexels-photo-6045370,3773880,val
pexels-photo-6045373,3773880,val
pexels-photo-6045378,3773880,val
pexels-photo-6045380,3773880,val
pexels-photo-6045381,3773880,val
pexels-photo-6045386,3773880,val
pexels-photo-6045539,3773880,val
pexels-photo-6051048,219836,test
pexels-photo-6057911,7862031,val
pexels-photo-6074927,646465,val
pexels-photo-6077838,2408093,test
pexels-photo-6077982,2408093,test
pexels-photo-6082416,2464540,train
pexels-photo-6084341,6927769,test
pexels-photo-6097687,6927799,val
pexels-photo-6097936,6927799,val
pexels-photo-6097940,6927799,val
pexels-photo-6098063,6927799,val
pexels-photo-6098065,6927799,val
pexels-photo-6098068,6927799,val
pexels-photo-6098069,6927799,val
pexels-photo-6098070,6927799,val
pexels-photo-6100028,9515285,val
pexels-photo-6106878,2464540,train
pexels-photo-6116866,1437723,train
pexels-photo-6116870,1437723,train
pexels-photo-6116872,1437723,train
pexels-photo-6116876,1437723,train
pexels-photo-6116877,1437723,train
pexels-photo-6116878,1437723,train
pexels-photo-6117347,1437723,train
pexels-photo-6123390,3126166,train
pexels-photo-6124239,2417028,val
pexels-photo-6124242,2417028,val
pexels-photo-6126125,1389137,val
pexels-photo-6127611,1437723,train
pexels-photo-6127623,1437723,train
pexels-photo-6127624,1437723,train
pexels-photo-6127971,9755513,val
pexels-photo-6128984,222549,train
pexels-photo-6128986,222549,train
pexels-photo-6128991,222549,train
pexels-photo-6128992,222549,train
pexels-photo-6129019,222549,train
pexels-photo-6129037,3149039,train
pexels-photo-6129112,3149039,train
pexels-photo-6129119,3149039,train
pexels-photo-6129121,3149039,train
pexels-photo-6129154,3149039,train
pexels-photo-6129155,3149039,train
pexels-photo-6129192,3149039,train
pexels-photo-6129231,3149039,train
pexels-photo-6129240,3149039,train
pexels-photo-6129243,3149039,train
pexels-photo-6129246,3149039,train
pexels-photo-6129247,3149039,train
pexels-photo-6129436,3149039,train
pexels-photo-6129437,3149039,train
pexels-photo-6129441,3149039,train
pexels-photo-6129442,3149039,train
pexels-photo-6129444,3149039,train
pexels-photo-6129446,3149039,train
pexels-photo-6129450,3149039,train
pexels-photo-6129452,3149039,train
pexels-photo-6129454,3149039,train
pexels-photo-6129455,3149039,train
pexels-photo-6129496,3149039,train
pexels-photo-6129497,3149039,train
pexels-photo-6129499,3149039,train
pexels-photo-6129501,3149039,train
pexels-photo-6129502,3149039,train
pexels-photo-6129506,3149039,train
pexels-photo-6129507,3149039,train
pexels-photo-6129573,3149039,train
pexels-photo-6129574,3149039,train
pexels-photo-6129576,3149039,train
pexels-photo-6129577,3149039,train
pexels-photo-6129580,3149039,train
pexels-photo-6129581,3149039,train
pexels-photo-6129582,3149039,train
pexels-photo-6129583,3149039,train
pexels-photo-6129584,3149039,train
pexels-photo-6129585,3149039,train
pexels-photo-6129586,3149039,train
pexels-photo-6129588,3149039,train
pexels-photo-6129589,3149039,train
pexels-photo-6129590,3149039,train
pexels-photo-6129594,3149039,train
pexels-photo-6129595,3149039,train
pexels-photo-6129599,222549,train
pexels-photo-6129610,222549,train
pexels-photo-6129642,3149039,train
pexels-photo-6129644,3149039,train
pexels-photo-6129645,3149039,train
pexels-photo-6129646,3149039,train
pexels-photo-6129647,3149039,train
pexels-photo-6129648,3149039,train
pexels-photo-6129649,3149039,train
pexels-photo-6129651,3149039,train
pexels-photo-6129652,3149039,train
pexels-photo-6129653,3149039,train
pexels-photo-6129654,3149039,train
pexels-photo-6129655,3149039,train
pexels-photo-6129656,3149039,train
pexels-photo-6129657,3149039,train
pexels-photo-6129658,3149039,train
pexels-photo-6129660,3149039,train
pexels-photo-6129676,3149039,train
pexels-photo-6129677,3149039,train
pexels-photo-6129680,3149039,train
pexels-photo-6129681,3149039,train
pexels-photo-6129683,3149039,train
pexels-photo-6129686,3149039,train
pexels-photo-6129870,3149039,train
pexels-photo-6129871,3149039,train
pexels-photo-6129876,3149039,train
pexels-photo-6129879,3149039,train
pexels-photo-6129880,3149039,train
pexels-photo-6129962,222549,train
pexels-photo-6129963,222549,train
pexels-photo-6129974,222549,train
pexels-photo-6130135,222549,train
pexels-photo-6130146,222549,train
pexels-photo-6130149,222549,train
pexels-photo-6130169,222549,train
pexels-photo-6130170,222549,train
pexels-photo-6130171,222549,train
pexels-photo-6130172,222549,train
pexels-photo-6130175,222549,train
pexels-photo-6130181,222549,train
pexels-photo-6130194,222549,train
pexels-photo-6130330,222549,train
pexels-photo-6130333,222549,train
pexels-photo-6130335,222549,train
pexels-photo-6130336,222549,train
pexels-photo-6130337,222549,train
pexels-photo-6131280,222549,train
pexels-photo-6140120,3354986,test
pexels-photo-6140125,3354986,test
pexels-photo-6140126,3354986,test
pexels-photo-6140130,3354986,test
pexels-photo-6140132,3354986,test
pexels-photo-6140134,3354986,test
pexels-photo-6147013,2700588,test
pexels-photo-6147025,2700588,test
pexels-photo-6147028,2700588,test
pexels-photo-6147031,2700588,test
pexels-photo-6148975,3540511,test
pexels-photo-6148976,3540511,test
pexels-photo-6150113,3052,train
pexels-photo-6158566,2454798,train
pexels-photo-6158868,10715349,val
pexels-photo-6158914,10715349,val
pexels-photo-6161518,3929575,val
pexels-photo-6161659,3929575,val
pexels-photo-6169587,3088726,train
pexels-photo-6169589,3088726,train
pexels-photo-6169653,3088726,train
pexels-photo-6169678,3088726,train
pexels-photo-6169857,3088726,train
pexels-photo-6170140,3088726,train
pexels-photo-6170148,3088726,train
pexels-photo-6170405,3088726,train
pexels-photo-6170465,3088726,train
pexels-photo-6170589,10957075,test
pexels-photo-6174450,3802567,val
pexels-photo-6177562,3716105,val
pexels-photo-6177611,3716105,val
pexels-photo-6177612,3716105,val
pexels-photo-6177615,3716105,val
pexels-photo-6177617,3716105,val
pexels-photo-6177618,3716105,val
pexels-photo-6177619,3716105,val
pexels-photo-6177620,3716105,val
pexels-photo-618613,2671,val
pexels-photo-6186151,3372733,val
pexels-photo-6194234,2417028,val
pexels-photo-6195102,3088726,train
pexels-photo-6195103,3088726,train
pexels-photo-6195104,3088726,train
pexels-photo-6195106,3088726,train
pexels-photo-6195107,3088726,train
pexels-photo-6195108,3088726,train
pexels-photo-6195109,3088726,train
pexels-photo-6195110,3088726,train
pexels-photo-6195111,3088726,train
pexels-photo-6195112,3088726,train
pexels-photo-6195114,3088726,train
pexels-photo-6195115,3088726,train
pexels-photo-6195116,3088726,train
pexels-photo-6195121,3088726,train
pexels-photo-6195122,3088726,train
pexels-photo-6195129,3088726,train
pexels-photo-6195136,3088726,train
pexels-photo-6195273,3088726,train
pexels-photo-6195275,3088726,train
pexels-photo-6195278,3088726,train
pexels-photo-6195283,3088726,train
pexels-photo-6195284,3088726,train
pexels-photo-6195288,3088726,train
pexels-photo-6195290,3088726,train
pexels-photo-6195291,3088726,train
pexels-photo-6195292,3088726,train
pexels-photo-6195874,3088726,train
pexels-photo-6195875,3088726,train
pexels-photo-6195893,3088726,train
pexels-photo-6195899,3088726,train
pexels-photo-6195959,3088726,train
pexels-photo-6196223,3088726,train
pexels-photo-6196229,3088726,train
pexels-photo-6196239,3088726,train
pexels-photo-6196356,1600446,val
pexels-photo-6196567,3088726,train
pexels-photo-6196677,3088726,train
pexels-photo-6196682,3088726,train
pexels-photo-6196683,3088726,train
pexels-photo-6196685,3088726,train
pexels-photo-6196687,3088726,train
pexels-photo-6196692,3088726,train
pexels-photo-6196694,3088726,train
pexels-photo-6196695,3088726,train
pexels-photo-6196696,3088726,train
pexels-photo-6197036,3088726,train
pexels-photo-6197037,3088726,train
pexels-photo-6197038,3088726,train
pexels-photo-6197108,3088726,train
pexels-photo-6197109,3088726,train
pexels-photo-6197116,3088726,train
pexels-photo-6197117,3088726,train
pexels-photo-6197118,3088726,train
pexels-photo-6197120,3088726,train
pexels-photo-6197121,3088726,train
pexels-photo-6197122,3088726,train
pexels-photo-6197123,3088726,train
pexels-photo-6197124,3088726,train
pexels-photo-6203184,6227601,val
pexels-photo-6203795,10955896,val
pexels-photo-6205460,6928007,train
pexels-photo-6205463,6928007,train
pexels-photo-6205468,6928007,train
pexels-photo-6205469,6928007,train
pexels-photo-6205471,6928007,train
pexels-photo-6205472,6928007,train
pexels-photo-6205473,6928007,train
pexels-photo-6205475,6928007,train
pexels-photo-6205476,6928007,train
pexels-photo-6205477,6928007,train
pexels-photo-6205479,6928007,train
pexels-photo-6205480,6928007,train
pexels-photo-6205481,6928007,train
pexels-photo-6205482,6928007,train
pexels-photo-6205483,6928007,train
pexels-photo-6205484,6928007,train
pexels-photo-6205487,6928007,train
pexels-photo-6205488,6928007,train
pexels-photo-6205489,6928007,train
pexels-photo-6205490,6928007,train
pexels-photo-6205491,6928007,train
pexels-photo-6205492,6928007,train
pexels-photo-6205493,6928007,train
pexels-photo-6205494,6928007,train
pexels-photo-6205495,6928007,train
pexels-photo-6205496,6928007,train
pexels-photo-6205497,6928007,train
pexels-photo-6205500,6928007,train
pexels-photo-6205501,6928007,train
pexels-photo-6205502,6928007,train
pexels-photo-6205504,6928007,train
pexels-photo-6205507,6928007,train
pexels-photo-6205508,6928007,train
pexels-photo-6205509,6928007,train
pexels-photo-6205510,6928007,train
pexels-photo-6205511,6928007,train
pexels-photo-6205512,6928007,train
pexels-photo-6205513,6928007,train
pexels-photo-6205514,6928007,train
pexels-photo-6205515,6928007,train
pexels-photo-6205516,6928007,train
pexels-photo-6205517,6928007,train
pexels-photo-6205518,6928007,train
pexels-photo-6205519,6928007,train
pexels-photo-6205520,6928007,train
pexels-photo-6205521,6928007,train
pexels-photo-6205522,6928007,train
pexels-photo-6205523,6928007,train
pexels-photo-6205524,6928007,train
pexels-photo-6205525,6928007,train
pexels-photo-6205526,6928007,train
pexels-photo-6205529,6928007,train
pexels-photo-6205530,6928007,train
pexels-photo-6205531,6928007,train
pexels-photo-6205532,6928007,train
pexels-photo-6205535,6928007,train
pexels-photo-6205537,6928007,train
pexels-photo-6205539,6928007,train
pexels-photo-6205540,6928007,train
pexels-photo-6205541,6928007,train
pexels-photo-6205572,6928007,train
pexels-photo-6205573,6928007,train
pexels-photo-6205574,6928007,train
pexels-photo-6205575,6928007,train
pexels-photo-6205576,6928007,train
pexels-photo-6205577,6928007,train
pexels-photo-6205578,6928007,train
pexels-photo-6205579,6928007,train
pexels-photo-6205580,6928007,train
pexels-photo-6205581,6928007,train
pexels-photo-6205583,6928007,train
pexels-photo-6205584,6928007,train
pexels-photo-6205585,6928007,train
pexels-photo-6205586,6928007,train
pexels-photo-6205587,6928007,train
pexels-photo-6205588,6928007,train
pexels-photo-6205589,6928007,train
pexels-photo-6205590,6928007,train
pexels-photo-6205591,6928007,train
pexels-photo-6205598,6928007,train
pexels-photo-6205604,6928007,train
pexels-photo-6205605,6928007,train
pexels-photo-6205606,6928007,train
pexels-photo-6205607,6928007,train
pexels-photo-6205608,6928007,train
pexels-photo-6205609,6928007,train
pexels-photo-6205610,6928007,train
pexels-photo-6205611,6928007,train
pexels-photo-6205612,6928007,train
pexels-photo-6205614,6928007,train
pexels-photo-6205615,6928007,train
pexels-photo-6205616,6928007,train
pexels-photo-6205618,6928007,train
pexels-photo-6205620,6928007,train
pexels-photo-6205623,6928007,train
pexels-photo-6205625,6928007,train
pexels-photo-6205718,6928007,train
pexels-photo-6205719,6928007,train
pexels-photo-6205720,6928007,train
pexels-photo-6205722,6928007,train
pexels-photo-6205723,6928007,train
pexels-photo-6205724,6928007,train
pexels-photo-6205725,6928007,train
pexels-photo-6205726,6928007,train
pexels-photo-6205727,6928007,train
pexels-photo-6205728,6928007,train
pexels-photo-6205730,6928007,train
pexels-photo-6205732,6928007,train
pexels-photo-6205733,6928007,train
pexels-photo-6205736,6928007,train
pexels-photo-6205737,6928007,train
pexels-photo-6205738,6928007,train
pexels-photo-6205739,6928007,train
pexels-photo-6205741,6928007,train
pexels-photo-6205758,6928007,train
pexels-photo-6205763,6928007,train
pexels-photo-6205764,6928007,train
pexels-photo-6205765,6928007,train
pexels-photo-6205766,6928007,train
pexels-photo-6205769,6928007,train
pexels-photo-6205772,6928007,train
pexels-photo-6205773,6928007,train
pexels-photo-6205778,6928007,train
pexels-photo-6205780,6928007,train
pexels-photo-6205782,6928007,train
pexels-photo-6205783,6928007,train
pexels-photo-6205785,6928007,train
pexels-photo-6207718,2570462,train
pexels-photo-6213565,3093985,test
pexels-photo-6213566,3093985,test
pexels-photo-6215557,2383326,test
pexels-photo-6223002,3441195,val
pexels-photo-6223004,3441195,val
pexels-photo-6223005,3441195,val
pexels-photo-6223008,3441195,val
pexels-photo-6223013,3441195,val
pexels-photo-6223016,3441195,val
pexels-photo-6223026,3441195,val
pexels-photo-6223027,3441195,val
pexels-photo-6223029,3441195,val
pexels-photo-6223030,3441195,val
pexels-photo-6223031,3441195,val
pexels-photo-6223033,3441195,val
pexels-photo-6225046,6227601,val
pexels-photo-6231594,6928068,train
pexels-photo-6231598,6928068,train
pexels-photo-6231605,6928068,train
pexels-photo-6231606,6928068,train
pexels-photo-6231607,6928068,train
pexels-photo-6231643,6928068,train
pexels-photo-6231644,6928068,train
pexels-photo-6231648,6928068,train
pexels-photo-6231651,6928068,train
pexels-photo-6231657,6928068,train
pexels-photo-6231685,6928068,train
pexels-photo-6231688,6928068,train
pexels-photo-6231689,6928068,train
pexels-photo-6231692,6928068,train
pexels-photo-6231695,6928068,train
pexels-photo-6231697,6928068,train
pexels-photo-6231699,6928068,train
pexels-photo-6231700,6928068,train
pexels-photo-6231701,6928068,train
pexels-photo-6231702,6928068,train
pexels-photo-6231716,6928068,train
pexels-photo-6231717,6928068,train
pexels-photo-6231718,6928068,train
pexels-photo-6231725,6928068,train
pexels-photo-6231727,6928068,train
pexels-photo-6231728,6928068,train
pexels-photo-6231730,6928068,train
pexels-photo-6231731,6928068,train
pexels-photo-6231732,6928068,train
pexels-photo-6231737,6928068,train
pexels-photo-6231738,6928068,train
pexels-photo-6231739,6928068,train
pexels-photo-6231740,6928068,train
pexels-photo-6231745,6928068,train
pexels-photo-6231746,6928068,train
pexels-photo-6231747,6928068,train
pexels-photo-6231757,6928068,train
pexels-photo-6231765,6928068,train
pexels-photo-6231766,6928068,train
pexels-photo-6231767,6928068,train
pexels-photo-6231768,6928068,train
pexels-photo-6231781,6928068,train
pexels-photo-6231787,6928068,train
pexels-photo-6231788,6928068,train
pexels-photo-6231790,6928068,train
pexels-photo-6231792,6928068,train
pexels-photo-6231797,6928068,train
pexels-photo-6231845,6928068,train
pexels-photo-6231846,6928068,train
pexels-photo-6231847,6928068,train
pexels-photo-6231848,6928068,train
pexels-photo-6231849,6928068,train
pexels-photo-6231856,6928068,train
pexels-photo-6231975,6928068,train
pexels-photo-6231976,6928068,train
pexels-photo-6231977,6928068,train
pexels-photo-6231978,6928068,train
pexels-photo-6231979,6928068,train
pexels-photo-6231980,6928068,train
pexels-photo-6231981,6928068,train
pexels-photo-6231982,6928068,train
pexels-photo-6231987,6928068,train
pexels-photo-6231988,6928068,train
pexels-photo-6231993,6928068,train
pexels-photo-6231994,6928068,train
pexels-photo-6231996,6928068,train
pexels-photo-6231997,6928068,train
pexels-photo-6231998,6928068,train
pexels-photo-6231999,6928068,train
pexels-photo-6232000,6928068,train
pexels-photo-6232001,6928068,train
pexels-photo-6232002,6928068,train
pexels-photo-6232003,6928068,train
pexels-photo-6232004,6928068,train
pexels-photo-6232005,6928068,train
pexels-photo-6232006,6928068,train
pexels-photo-6232007,6928068,train
pexels-photo-6232008,6928068,train
pexels-photo-6232009,6928068,train
pexels-photo-6232010,6928068,train
pexels-photo-6232011,6928068,train
pexels-photo-6232012,6928068,train
pexels-photo-6232013,6928068,train
pexels-photo-6232014,6928068,train
pexels-photo-6232015,6928068,train
pexels-photo-6232016,6928068,train
pexels-photo-6232017,6928068,train
pexels-photo-6232018,6928068,train
pexels-photo-6232019,6928068,train
pexels-photo-6232020,6928068,train
pexels-photo-6232021,6928068,train
pexels-photo-6232022,6928068,train
pexels-photo-6232023,6928068,train
pexels-photo-6232024,6928068,train
pexels-photo-6232046,6928068,train
pexels-photo-6232047,6928068,train
pexels-photo-6232048,6928068,train
pexels-photo-6232049,6928068,train
pexels-photo-6234600,3088726,train
pexels-photo-6234601,3088726,train
pexels-photo-6238733,3804555,test
pexels-photo-6243333,3929575,val
pexels-photo-6243336,3929575,val
pexels-photo-6243337,3929575,val
pexels-photo-6243341,3929575,val
pexels-photo-6243344,3929575,val
pexels-photo-6243345,3929575,val
pexels-photo-6243367,3929575,val
pexels-photo-6248948,3649784,test
pexels-photo-6248995,6928068,train
pexels-photo-6262834,3088726,train
pexels-photo-6263064,3088726,train
pexels-photo-6263110,3088726,train
pexels-photo-6264222,3052,train
pexels-photo-6284355,2417028,val
pexels-photo-6284895,2206740,train
pexels-photo-6284898,2206740,train
pexels-photo-6285112,2206740,train
pexels-photo-6285151,2206740,train
pexels-photo-6285362,2206740,train
pexels-photo-6285367,2206740,train
pexels-photo-6285411,2206740,train
pexels-photo-6285412,2206740,train
pexels-photo-6291406,1984515,train
pexels-photo-6291407,1984515,train
pexels-photo-6291408,1984515,train
pexels-photo-6294380,6928139,test
pexels-photo-6294381,6928139,test
pexels-photo-6303550,6928139,test
pexels-photo-6303552,6928139,test
pexels-photo-6303555,6928139,test
pexels-photo-6303556,6928139,test
pexels-photo-6303561,6928139,test
pexels-photo-6303564,6928139,test
pexels-photo-6303569,6928139,test
pexels-photo-6303650,6928139,test
pexels-photo-6303759,6928139,test
pexels-photo-6312083,1620746,test
pexels-photo-6322358,2570462,train
pexels-photo-6322359,2570462,train
pexels-photo-6322365,2570462,train
pexels-photo-6322387,2570462,train
pexels-photo-6327572,3088726,train
pexels-photo-6327575,3088726,train
pexels-photo-6334227,2202476,test
pexels-photo-6334228,2202476,test
pexels-photo-6338827,3804555,test
pexels-photo-6340689,2297095,train
pexels-photo-6340690,2297095,train
pexels-photo-6340691,2297095,train
pexels-photo-6340697,2297095,train
pexels-photo-6340699,2297095,train
pexels-photo-6340702,2297095,train
pexels-photo-6340790,2297095,train
pexels-photo-6340799,2297095,train
pexels-photo-6341589,1042863,val
pexels-photo-6341590,1042863,val
pexels-photo-6345100,3362055,val
pexels-photo-634511,201846,val
pexels-photo-6345788,2492406,test
pexels-photo-6346764,222549,train
pexels-photo-6346767,222549,train
pexels-photo-6346816,222549,train
pexels-photo-6346817,222549,train
pexels-photo-6346818,222549,train
pexels-photo-6346819,222549,train
pexels-photo-6347537,6928238,val
pexels-photo-6347539,6928238,val
pexels-photo-6347540,6928238,val
pexels-photo-6347541,6928238,val
pexels-photo-6347542,6928238,val
pexels-photo-6347543,6928238,val
pexels-photo-6347544,6928238,val
pexels-photo-6347548,6928238,val
pexels-photo-6347549,6928238,val
pexels-photo-6347550,6928238,val
pexels-photo-6347551,6928238,val
pexels-photo-6347701,6928238,val
pexels-photo-6347721,6928238,val
pexels-photo-6347722,6928238,val
pexels-photo-6347728,6928238,val
pexels-photo-6347731,6928238,val
pexels-photo-6347740,6928238,val
pexels-photo-6347936,6928238,val
pexels-photo-6347947,6928238,val
pexels-photo-6347949,6928238,val
pexels-photo-6347953,6928238,val
pexels-photo-6347954,6928238,val
pexels-photo-6347955,6928238,val
pexels-photo-6347962,6928238,val
pexels-photo-6347963,6928238,val
pexels-photo-6347965,6928238,val
pexels-photo-6347966,6928238,val
pexels-photo-6347968,6928238,val
pexels-photo-6347974,6928238,val
pexels-photo-6347975,6928238,val
pexels-photo-6347976,6928238,val
pexels-photo-6347977,6928238,val
pexels-photo-6347978,6928238,val
pexels-photo-6347980,6928238,val
pexels-photo-6348040,6928238,val
pexels-photo-6348120,6928238,val
pexels-photo-6348129,6928238,val
pexels-photo-6350916,222549,train
pexels-photo-6350926,222549,train
pexels-photo-6382484,6928238,val
pexels-photo-6382486,6928238,val
pexels-photo-6393005,6927955,val
pexels-photo-6393009,6927955,val
pexels-photo-6393010,6927955,val
pexels-photo-6393015,6927955,val
pexels-photo-6393017,6927955,val
pexels-photo-6393018,6927955,val
pexels-photo-6393021,6927955,val
pexels-photo-6393022,6927955,val
pexels-photo-6393023,6927955,val
pexels-photo-6405662,2297095,train
pexels-photo-6405665,2297095,train
pexels-photo-6405670,2297095,train
pexels-photo-6405672,2297095,train
pexels-photo-6405674,2297095,train
pexels-photo-6405675,2297095,train
pexels-photo-6405679,2297095,train
pexels-photo-6413498,267247,val
pexels-photo-6418385,3370738,train
pexels-photo-6426090,324969,val
pexels-photo-6439163,17629318,val
pexels-photo-6441184,7862031,val
pexels-photo-6449043,248760,val
pexels-photo-6449044,248760,val
pexels-photo-6453436,3660586,train
pexels-photo-6454230,435351,test
pexels-photo-6457476,3775119,test
pexels-photo-6457477,3775119,test
pexels-photo-6457478,3775119,test
pexels-photo-6457479,3775119,test
pexels-photo-6457480,3775119,test
pexels-photo-6457481,3775119,test
pexels-photo-6457482,3775119,test
pexels-photo-6457484,3775119,test
pexels-photo-6457485,3775119,test
pexels-photo-6457486,3775119,test
pexels-photo-6457487,3775119,test
pexels-photo-6457599,3775119,test
pexels-photo-6457602,3775119,test
pexels-photo-64609,7780,val
pexels-photo-6473978,3088726,train
pexels-photo-6473980,3088726,train
pexels-photo-6474117,3088726,train
pexels-photo-6474122,3088726,train
pexels-photo-6474126,3088726,train
pexels-photo-6474129,3088726,train
pexels-photo-6474130,3088726,train
pexels-photo-6474133,3088726,train
pexels-photo-6474204,3088726,train
pexels-photo-6474301,3088726,train
pexels-photo-6474302,3088726,train
pexels-photo-6474305,3088726,train
pexels-photo-6474342,3088726,train
pexels-photo-6474343,3088726,train
pexels-photo-6474347,3088726,train
pexels-photo-6474349,3088726,train
pexels-photo-6474449,3088726,train
pexels-photo-6474453,3088726,train
pexels-photo-6474458,3088726,train
pexels-photo-6474460,3088726,train
pexels-photo-6474463,3088726,train
pexels-photo-6474471,3088726,train
pexels-photo-6474475,3088726,train
pexels-photo-6474481,3088726,train
pexels-photo-6474483,3088726,train
pexels-photo-6474488,3088726,train
pexels-photo-6474493,3088726,train
pexels-photo-6474494,3088726,train
pexels-photo-6474496,3088726,train
pexels-photo-6474497,3088726,train
pexels-photo-6474507,3088726,train
pexels-photo-6475733,3354986,test
pexels-photo-6475741,3354986,test
pexels-photo-6481586,3649784,test
pexels-photo-6500689,18908569,test
pexels-photo-6507130,16613831,train
pexels-photo-6509142,3088726,train
pexels-photo-6509862,9519411,test
pexels-photo-6515611,3453281,train
pexels-photo-6519925,3149039,train
pexels-photo-6520074,3149039,train
pexels-photo-652349,89898,val
pexels-photo-6535396,19422657,test
pexels-photo-6536850,759728,train
pexels-photo-6559883,17375059,val
pexels-photo-6565749,1437723,train
pexels-photo-6565750,1437723,train
pexels-photo-6565751,1437723,train
pexels-photo-6565752,1437723,train
pexels-photo-6565758,1437723,train
pexels-photo-6565761,1437723,train
pexels-photo-6565991,1437723,train
pexels-photo-6565994,1437723,train
pexels-photo-6566003,1437723,train
pexels-photo-6578385,19162559,val
pexels-photo-6587167,3362055,val
pexels-photo-6590915,1437723,train
pexels-photo-6590919,1437723,train
pexels-photo-6590926,1437723,train
pexels-photo-6590927,1437723,train
pexels-photo-6590931,1437723,train
pexels-photo-6592547,11437196,train
pexels-photo-6593375,2297095,train
pexels-photo-6595779,1179532,train
pexels-photo-6598172,2154208,train
pexels-photo-6598663,3838865,train
pexels-photo-6611173,2905570,train
pexels-photo-6611174,2905570,train
pexels-photo-6611177,2905570,train
pexels-photo-6611180,2905570,train
pexels-photo-6611185,2905570,train
pexels-photo-6611202,2905570,train
pexels-photo-6611205,2905570,train
pexels-photo-6611207,2905570,train
pexels-photo-6611209,2905570,train
pexels-photo-6611210,2905570,train
pexels-photo-6611211,2905570,train
pexels-photo-6611213,2905570,train
pexels-photo-6611215,2905570,train
pexels-photo-6611216,2905570,train
pexels-photo-6611244,2905570,train
pexels-photo-6611252,2905570,train
pexels-photo-6611263,2905570,train
pexels-photo-6611275,2905570,train
pexels-photo-6611276,2905570,train
pexels-photo-6611277,2905570,train
pexels-photo-6611300,2905570,train
pexels-photo-6611302,2905570,train
pexels-photo-6611308,2905570,train
pexels-photo-6611312,2905570,train
pexels-photo-6611315,2905570,train
pexels-photo-6611316,2905570,train
pexels-photo-6611318,2905570,train
pexels-photo-6611351,2905570,train
pexels-photo-6611375,2905570,train
pexels-photo-6611376,2905570,train
pexels-photo-6611396,2905570,train
pexels-photo-6611400,2905570,train
pexels-photo-6611401,2905570,train
pexels-photo-6611403,2905570,train
pexels-photo-6611407,2905570,train
pexels-photo-6611408,2905570,train
pexels-photo-6611411,2905570,train
pexels-photo-6611412,2905570,train
pexels-photo-6611455,2905570,train
pexels-photo-6611467,2905570,train
pexels-photo-6611478,2905570,train
pexels-photo-6612490,11437196,train
pexels-photo-6612689,2297095,train
pexels-photo-6612691,2297095,train
pexels-photo-6612696,2297095,train
pexels-photo-6620971,2570462,train
pexels-photo-6620973,2570462,train
pexels-photo-6620976,2570462,train
pexels-photo-6620977,2570462,train
pexels-photo-6620986,2570462,train
pexels-photo-6620989,2570462,train
pexels-photo-6627659,2332540,train
pexels-photo-6627922,2332540,train
pexels-photo-6635981,1437723,train
pexels-photo-6642504,3935479,train
pexels-photo-6651394,2926593,train
pexels-photo-6653231,1437723,train
pexels-photo-6661910,1437723,train
pexels-photo-668137,167069,test
pexels-photo-6684770,3649784,test
pexels-photo-6684772,3649784,test
pexels-photo-6693642,3088726,train
pexels-photo-6693643,3088726,train
pexels-photo-6693645,3088726,train
pexels-photo-6696829,3660519,test
pexels-photo-6696862,3660519,test
pexels-photo-6696863,3660519,test
pexels-photo-6696864,3660519,test
pexels-photo-6696868,3660519,test
pexels-photo-6696877,3660519,test
pexels-photo-6696880,3660519,test
pexels-photo-6699396,2206740,train
pexels-photo-6699399,2206740,train
pexels-photo-6699400,2206740,train
pexels-photo-6699410,2206740,train
pexels-photo-6699412,2206740,train
pexels-photo-6711360,222549,train
pexels-photo-6711394,222549,train
pexels-photo-6711521,222549,train
pexels-photo-6711524,222549,train
pexels-photo-6711534,222549,train
pexels-photo-6711537,222549,train
pexels-photo-6711539,222549,train
pexels-photo-6711542,222549,train
pexels-photo-6711543,222549,train
pexels-photo-6711552,222549,train
pexels-photo-6711556,222549,train
pexels-photo-6711558,222549,train
pexels-photo-6711563,222549,train
pexels-photo-6711564,222549,train
pexels-photo-6711640,222549,train
pexels-photo-6711642,222549,train
pexels-photo-6711643,222549,train
pexels-photo-6711644,222549,train
pexels-photo-6711645,222549,train
pexels-photo-6711646,222549,train
pexels-photo-6711647,222549,train
pexels-photo-6711648,222549,train
pexels-photo-6711651,222549,train
pexels-photo-6711652,222549,train
pexels-photo-6711653,222549,train
pexels-photo-6711654,222549,train
pexels-photo-6711655,222549,train
pexels-photo-6711656,222549,train
pexels-photo-6711657,222549,train
pexels-photo-6711658,222549,train
pexels-photo-6711660,222549,train
pexels-photo-6711680,222549,train
pexels-photo-6711687,222549,train
pexels-photo-6711689,222549,train
pexels-photo-6711696,222549,train
pexels-photo-6711698,222549,train
pexels-photo-6711699,222549,train
pexels-photo-6711700,222549,train
pexels-photo-6711707,222549,train
pexels-photo-6711709,222549,train
pexels-photo-6712927,222549,train
pexels-photo-6712936,222549,train
pexels-photo-6712937,222549,train
pexels-photo-6712941,222549,train
pexels-photo-6712943,222549,train
pexels-photo-6712944,222549,train
pexels-photo-6712949,222549,train
pexels-photo-6712952,222549,train
pexels-photo-6712953,222549,train
pexels-photo-6712955,222549,train
pexels-photo-6712989,222549,train
pexels-photo-6712998,222549,train
pexels-photo-6712999,222549,train
pexels-photo-6713003,222549,train
pexels-photo-6713004,222549,train
pexels-photo-6713006,222549,train
pexels-photo-6713007,222549,train
pexels-photo-6713008,222549,train
pexels-photo-6713009,222549,train
pexels-photo-6713011,222549,train
pexels-photo-6713012,222549,train
pexels-photo-6713014,222549,train
pexels-photo-6713015,222549,train
pexels-photo-6713018,222549,train
pexels-photo-6713020,222549,train
pexels-photo-6713021,222549,train
pexels-photo-6713031,222549,train
pexels-photo-6713134,222549,train
pexels-photo-6713161,222549,train
pexels-photo-6713169,222549,train
pexels-photo-6713265,222549,train
pexels-photo-6713268,222549,train
pexels-photo-6713277,222549,train
pexels-photo-6720251,99238,test
pexels-photo-6720526,2206740,train
pexels-photo-6720528,2206740,train
pexels-photo-6720530,2206740,train
pexels-photo-6720531,2206740,train
pexels-photo-6720532,2206740,train
pexels-photo-6720533,2206740,train
pexels-photo-6720534,2206740,train
pexels-photo-6720535,2206740,train
pexels-photo-6720536,2206740,train
pexels-photo-6720537,2206740,train
pexels-photo-6720538,2206740,train
pexels-photo-6720539,2206740,train
pexels-photo-6720541,2206740,train
pexels-photo-6720542,2206740,train
pexels-photo-6720544,2206740,train
pexels-photo-6720545,2206740,train
pexels-photo-6720546,2206740,train
pexels-photo-6720547,2206740,train
pexels-photo-6720548,2206740,train
pexels-photo-6720550,2206740,train
pexels-photo-6720551,2206740,train
pexels-photo-6722646,1976175,val
pexels-photo-6729178,22731951,val
pexels-photo-674591,67659,val
pexels-photo-6749773,2570462,train
pexels-photo-6749778,2570462,train
pexels-photo-6753488,2297095,train
pexels-photo-6753701,1436964,test
pexels-photo-6755135,3088726,train
pexels-photo-6764914,3088726,train
pexels-photo-6764943,3088726,train
pexels-photo-6765525,3088726,train
pexels-photo-6766231,3088726,train
pexels-photo-6766238,3088726,train
pexels-photo-6766248,3088726,train
pexels-photo-6774143,10715715,train
pexels-photo-6774174,10715715,train
pexels-photo-677830,115439,val
pexels-photo-6780198,2764192,test
pexels-photo-6790027,3088726,train
pexels-photo-6790028,3088726,train
pexels-photo-6790029,3088726,train
pexels-photo-6790030,3088726,train
pexels-photo-6790032,3088726,train
pexels-photo-6790033,3088726,train
pexels-photo-6790035,3088726,train
pexels-photo-6790037,3088726,train
pexels-photo-6790038,3088726,train
pexels-photo-6790042,3088726,train
pexels-photo-6790043,3088726,train
pexels-photo-6790044,3088726,train
pexels-photo-6790046,3088726,train
pexels-photo-6790048,3088726,train
pexels-photo-6790049,3088726,train
pexels-photo-6790050,3088726,train
pexels-photo-6790052,3088726,train
pexels-photo-6790053,3088726,train
pexels-photo-6790055,3088726,train
pexels-photo-6790056,3088726,train
pexels-photo-6790057,3088726,train
pexels-photo-6790059,3088726,train
pexels-photo-6790060,3088726,train
pexels-photo-6790061,3088726,train
pexels-photo-6790062,3088726,train
pexels-photo-6790063,3088726,train
pexels-photo-6790064,3088726,train
pexels-photo-6790066,3088726,train
pexels-photo-6790092,3088726,train
pexels-photo-6790108,3088726,train
pexels-photo-6804255,337043,val
pexels-photo-6809020,3604502,train
pexels-photo-6813400,27258482,test
pexels-photo-6835299,2848684,train
pexels-photo-6835300,2848684,train
pexels-photo-6835301,2848684,train
pexels-photo-6835302,2848684,train
pexels-photo-6835303,2848684,train
pexels-photo-6835304,2848684,train
pexels-photo-6835305,2848684,train
pexels-photo-6835306,2848684,train
pexels-photo-6835307,2848684,train
pexels-photo-6835308,2848684,train
pexels-photo-6837637,2906295,val
pexels-photo-6837643,2906295,val
pexels-photo-6837644,2906295,val
pexels-photo-6837645,2906295,val
pexels-photo-6837646,2906295,val
pexels-photo-6837647,2906295,val
pexels-photo-6837648,2906295,val
pexels-photo-6837649,2906295,val
pexels-photo-6837650,2906295,val
pexels-photo-6837651,2906295,val
pexels-photo-6837652,2906295,val
pexels-photo-6837653,2906295,val
pexels-photo-6837654,2906295,val
pexels-photo-6837655,2906295,val
pexels-photo-6837730,2906295,val
pexels-photo-684387,89898,val
pexels-photo-6850451,19162587,test
pexels-photo-6850454,19162587,test
pexels-photo-6850465,19162587,test
pexels-photo-6850466,19162587,test
pexels-photo-6850479,19162587,test
pexels-photo-6850481,19162587,test
pexels-photo-6850491,19162587,test
pexels-photo-6850494,19162587,test
pexels-photo-6850495,19162587,test
pexels-photo-6850543,19162587,test
pexels-photo-6850554,19162587,test
pexels-photo-6850600,19162587,test
pexels-photo-6850608,19162587,test
pexels-photo-6850614,19162587,test
pexels-photo-6850731,19162587,test
pexels-photo-6850740,19162587,test
pexels-photo-6850741,19162587,test
pexels-photo-6850743,19162587,test
pexels-photo-6850996,1782448,test
pexels-photo-6851146,19162587,test
pexels-photo-6851154,19162587,test
pexels-photo-6851162,19162587,test
pexels-photo-6851163,19162587,test
pexels-photo-6851165,19162587,test
pexels-photo-6851167,19162587,test
pexels-photo-6851169,19162587,test
pexels-photo-6851170,19162587,test
pexels-photo-6851171,19162587,test
pexels-photo-6851172,19162587,test
pexels-photo-6851173,19162587,test
pexels-photo-6851174,19162587,test
pexels-photo-6851175,19162587,test
pexels-photo-6851176,19162587,test
pexels-photo-6851177,19162587,test
pexels-photo-6851178,19162587,test
pexels-photo-6851179,19162587,test
pexels-photo-6851180,19162587,test
pexels-photo-6851182,19162587,test
pexels-photo-6851271,19162587,test
pexels-photo-6851272,19162587,test
pexels-photo-6851275,19162587,test
pexels-photo-6851276,19162587,test
pexels-photo-6857631,1363928,test
pexels-photo-6867424,1182693,train
pexels-photo-6869064,10715715,train
pexels-photo-6869065,10715715,train
pexels-photo-6870311,2206740,train
pexels-photo-6870330,2206740,train
pexels-photo-6873079,3088726,train
pexels-photo-6873080,3088726,train
pexels-photo-6873087,3088726,train
pexels-photo-6873099,3088726,train
pexels-photo-6873118,3088726,train
pexels-photo-6873127,3088726,train
pexels-photo-6873129,3088726,train
pexels-photo-6873131,3088726,train
pexels-photo-6873132,3088726,train
pexels-photo-6873178,3088726,train
pexels-photo-6873193,3088726,train
pexels-photo-6875303,222549,train
pexels-photo-6875307,222549,train
pexels-photo-6876957,222549,train
pexels-photo-6877970,222549,train
pexels-photo-6888761,3929575,val
pexels-photo-6888762,3929575,val
pexels-photo-6888763,3929575,val
pexels-photo-6888766,3929575,val
pexels-photo-6888767,3929575,val
pexels-photo-6888768,3929575,val
pexels-photo-6890357,182555,val
pexels-photo-6890408,182555,val
pexels-photo-6893929,11437196,train
pexels-photo-6912814,19162587,test
pexels-photo-6912815,19162587,test
pexels-photo-6912817,19162587,test
pexels-photo-6912819,19162587,test
pexels-photo-6912828,19162587,test
pexels-photo-6912829,19162587,test
pexels-photo-6912831,19162587,test
pexels-photo-6912833,19162587,test
pexels-photo-6912864,19162587,test
pexels-photo-6912865,19162587,test
pexels-photo-6912868,19162587,test
pexels-photo-6912869,19162587,test
pexels-photo-6912870,19162587,test
pexels-photo-6912871,19162587,test
pexels-photo-6912872,19162587,test
pexels-photo-6912873,19162587,test
pexels-photo-6912875,19162587,test
pexels-photo-6912876,19162587,test
pexels-photo-6912877,19162587,test
pexels-photo-6912878,19162587,test
pexels-photo-6913127,19162587,test
pexels-photo-6913153,19162587,test
pexels-photo-6913161,19162587,test
pexels-photo-6913163,19162587,test
pexels-photo-6913168,19162587,test
pexels-photo-6913170,19162587,test
pexels-photo-6913174,19162587,test
pexels-photo-6913732,19162587,test
pexels-photo-6913752,19162587,test
pexels-photo-6913753,19162587,test
pexels-photo-6913754,19162587,test
pexels-photo-6913823,19162587,test
pexels-photo-6914336,3088726,train
pexels-photo-6914337,3088726,train
pexels-photo-6914340,3088726,train
pexels-photo-6914343,3088726,train
pexels-photo-6914344,3088726,train
pexels-photo-6914346,3088726,train
pexels-photo-6914348,3088726,train
pexels-photo-6914349,3088726,train
pexels-photo-6914355,3088726,train
pexels-photo-6914416,3088726,train
pexels-photo-6914418,3088726,train
pexels-photo-6914428,3088726,train
pexels-photo-6914429,3088726,train
pexels-photo-6914430,3088726,train
pexels-photo-6914636,3088726,train
pexels-photo-6914637,3088726,train
pexels-photo-6930574,11437196,train
pexels-photo-6930897,11437196,train
pexels-photo-6930899,11437196,train
pexels-photo-6931020,11437196,train
pexels-photo-6931022,11437196,train
pexels-photo-6931346,11437196,train
pexels-photo-6931348,11437196,train
pexels-photo-6937405,2871253,val
pexels-photo-6937419,2871253,val
pexels-photo-6937428,2871253,val
pexels-photo-6937430,2871253,val
pexels-photo-6937431,2871253,val
pexels-photo-6937434,2871253,val
pexels-photo-6937441,2871253,val
pexels-photo-6942388,30667400,train
pexels-photo-6953565,19162611,test
pexels-photo-6953569,19162611,test
pexels-photo-6961085,510735,train
pexels-photo-6961088,510735,train
pexels-photo-6961091,510735,train
pexels-photo-6961110,510735,train
pexels-photo-6961112,510735,train
pexels-photo-6961120,510735,train
pexels-photo-6961122,510735,train
pexels-photo-6961123,510735,train
pexels-photo-6961215,510735,train
pexels-photo-6964068,11437196,train
pexels-photo-6964070,11437196,train
pexels-photo-6964072,11437196,train
pexels-photo-6964073,11437196,train
pexels-photo-6964086,11437196,train
pexels-photo-6969846,11437196,train
pexels-photo-6974803,30353109,val
pexels-photo-6995629,792184,val
pexels-photo-6998867,3372733,val
pexels-photo-6999033,3372733,val
pexels-photo-7006132,1437723,train
pexels-photo-7006135,1437723,train
pexels-photo-7006141,1437723,train
pexels-photo-7006142,1437723,train
pexels-photo-7006146,1437723,train
pexels-photo-7006150,1437723,train
pexels-photo-7006162,1437723,train
pexels-photo-7006164,1437723,train
pexels-photo-7006166,1437723,train
pexels-photo-7006169,1437723,train
pexels-photo-7006170,1437723,train
pexels-photo-7006667,1437723,train
pexels-photo-7006669,1437723,train
pexels-photo-7006670,1437723,train
pexels-photo-7006671,1437723,train
pexels-photo-7006672,1437723,train
pexels-photo-7006675,1437723,train
pexels-photo-7006681,1437723,train
pexels-photo-7006683,1437723,train
pexels-photo-7006686,1437723,train
pexels-photo-7006691,1437723,train
pexels-photo-7006692,1437723,train
pexels-photo-7006693,1437723,train
pexels-photo-7006694,1437723,train
pexels-photo-7006695,1437723,train
pexels-photo-7006696,1437723,train
pexels-photo-7006697,1437723,train
pexels-photo-7013079,31612047,test
pexels-photo-7013085,31612047,test
pexels-photo-7014241,19162611,test
pexels-photo-7014258,19162611,test
pexels-photo-7014329,19162611,test
pexels-photo-7014333,19162611,test
pexels-photo-7014337,19162611,test
pexels-photo-7014340,19162611,test
pexels-photo-7014341,19162611,test
pexels-photo-7014342,19162611,test
pexels-photo-7014343,19162611,test
pexels-photo-7014397,19162611,test
pexels-photo-7014398,19162611,test
pexels-photo-7014400,19162611,test
pexels-photo-7014401,19162611,test
pexels-photo-7014403,19162611,test
pexels-photo-7014405,19162611,test
pexels-photo-7014407,19162611,test
pexels-photo-7014408,19162611,test
pexels-photo-7014409,19162611,test
pexels-photo-7014410,19162611,test
pexels-photo-7014411,19162611,test
pexels-photo-7014413,19162611,test
pexels-photo-7014414,19162611,test
pexels-photo-7014458,19162611,test
pexels-photo-7014459,19162611,test
pexels-photo-7014463,19162611,test
pexels-photo-7014464,19162611,test
pexels-photo-7014466,19162611,test
pexels-photo-7014467,19162611,test
pexels-photo-7014469,19162611,test
pexels-photo-7014471,19162611,test
pexels-photo-7014512,19162611,test
pexels-photo-7014513,19162611,test
pexels-photo-7014518,19162611,test
pexels-photo-7014519,19162611,test
pexels-photo-7014655,19162611,test
pexels-photo-7014663,19162611,test
pexels-photo-7014664,19162611,test
pexels-photo-7014666,19162611,test
pexels-photo-7014669,19162611,test
pexels-photo-7014670,19162611,test
pexels-photo-7014671,19162611,test
pexels-photo-7014673,19162611,test
pexels-photo-7014674,19162611,test
pexels-photo-7014919,19162611,test
pexels-photo-7014929,19162611,test
pexels-photo-7014943,19162611,test
pexels-photo-7015103,19162611,test
pexels-photo-7015104,19162611,test
pexels-photo-7015106,19162611,test
pexels-photo-7015107,19162611,test
pexels-photo-7015108,19162611,test
pexels-photo-7015111,19162611,test
pexels-photo-7015113,19162611,test
pexels-photo-7015115,19162611,test
pexels-photo-7015285,19162611,test
pexels-photo-7015286,19162611,test
pexels-photo-7015287,19162611,test
pexels-photo-7015289,19162611,test
pexels-photo-7018173,26651677,train
pexels-photo-7018175,26651677,train
pexels-photo-7018494,1437723,train
pexels-photo-7018495,1437723,train
pexels-photo-7018496,1437723,train
pexels-photo-7018497,1437723,train
pexels-photo-7018501,1437723,train
pexels-photo-7018502,1437723,train
pexels-photo-7018504,1437723,train
pexels-photo-7018505,1437723,train
pexels-photo-7018506,1437723,train
pexels-photo-7018645,1437723,train
pexels-photo-7018648,1437723,train
pexels-photo-7018649,1437723,train
pexels-photo-7018650,1437723,train
pexels-photo-7018652,1437723,train
pexels-photo-7018653,1437723,train
pexels-photo-7018655,1437723,train
pexels-photo-7018656,1437723,train
pexels-photo-7018657,1437723,train
pexels-photo-7018658,1437723,train
pexels-photo-7018680,1437723,train
pexels-photo-7019159,1437723,train
pexels-photo-7019161,1437723,train
pexels-photo-7019162,1437723,train
pexels-photo-7019165,1437723,train
pexels-photo-7019212,1437723,train
pexels-photo-7019213,1437723,train
pexels-photo-7019214,1437723,train
pexels-photo-7019217,1437723,train
pexels-photo-7019219,1437723,train
pexels-photo-7019222,1437723,train
pexels-photo-7019223,1437723,train
pexels-photo-7019225,1437723,train
pexels-photo-7019226,1437723,train
pexels-photo-7019235,1437723,train
pexels-photo-7019259,1437723,train
pexels-photo-7019304,1437723,train
pexels-photo-7019306,1437723,train
pexels-photo-7019307,1437723,train
pexels-photo-7019310,1437723,train
pexels-photo-7019312,1437723,train
pexels-photo-7019313,1437723,train
pexels-photo-7019315,1437723,train
pexels-photo-7019318,1437723,train
pexels-photo-7019319,1437723,train
pexels-photo-7019362,1437723,train
pexels-photo-7019365,1437723,train
pexels-photo-7019371,1437723,train
pexels-photo-7019605,1437723,train
pexels-photo-7019765,1437723,train
pexels-photo-7019768,1437723,train
pexels-photo-7019769,1437723,train
pexels-photo-7020281,3354986,test
pexels-photo-7020283,3354986,test
pexels-photo-7020290,3354986,test
pexels-photo-7020291,3354986,test
pexels-photo-7020293,3354986,test
pexels-photo-7023922,31612047,test
pexels-photo-7025687,1370585,train
pexels-photo-7028721,248760,val
pexels-photo-7034378,19162611,test
pexels-photo-7034379,19162611,test
pexels-photo-7034380,19162611,test
pexels-photo-7034381,19162611,test
pexels-photo-7034383,19162611,test
pexels-photo-7034384,19162611,test
pexels-photo-7034386,19162611,test
pexels-photo-7034387,19162611,test
pexels-photo-7034388,19162611,test
pexels-photo-7034389,19162611,test
pexels-photo-7034390,19162611,test
pexels-photo-7034391,19162611,test
pexels-photo-7034392,19162611,test
pexels-photo-7034393,19162611,test
pexels-photo-7034394,19162611,test
pexels-photo-7034395,19162611,test
pexels-photo-7034396,19162611,test
pexels-photo-7034418,19162611,test
pexels-photo-7034419,19162611,test
pexels-photo-7034420,19162611,test
pexels-photo-7034738,19162611,test
pexels-photo-7035853,21173376,val
pexels-photo-7035855,21173376,val
pexels-photo-7035859,21173376,val
pexels-photo-7035860,21173376,val
pexels-photo-7054851,33525660,test
pexels-photo-7058409,3427686,train
pexels-photo-7065257,32566274,val
pexels-photo-7065262,32566274,val
pexels-photo-7065265,32566274,val
pexels-photo-7065266,32566274,val
pexels-photo-7065269,32566274,val
pexels-photo-7065271,32566274,val
pexels-photo-7065273,32566274,val
pexels-photo-7065278,32566274,val
pexels-photo-7065280,32566274,val
pexels-photo-7065281,32566274,val
pexels-photo-7065284,32566274,val
pexels-photo-7065439,32566274,val
pexels-photo-7075019,392079,train
pexels-photo-7075020,392079,train
pexels-photo-7075021,392079,train
pexels-photo-7075022,392079,train
pexels-photo-7075023,392079,train
pexels-photo-7075024,392079,train
pexels-photo-7075025,392079,train
pexels-photo-7075026,392079,train
pexels-photo-7083034,1510035,test
pexels-photo-7083899,32566274,val
pexels-photo-7083912,32566274,val
pexels-photo-7083920,32566274,val
pexels-photo-7083925,32566274,val
pexels-photo-7088527,30039676,val
pexels-photo-7088534,30039676,val
pexels-photo-7088538,30039676,val
pexels-photo-7088838,30039676,val
pexels-photo-7088842,30039676,val
pexels-photo-7088843,30039676,val
pexels-photo-7089030,30039676,val
pexels-photo-7089038,30039676,val
pexels-photo-7089040,30039676,val
pexels-photo-7089045,30039676,val
pexels-photo-7089286,30039676,val
pexels-photo-7089289,30039676,val
pexels-photo-7089332,30039676,val
pexels-photo-7089334,30039676,val
pexels-photo-7089337,30039676,val
pexels-photo-7089386,30039676,val
pexels-photo-7089389,30039676,val
pexels-photo-7089392,30039676,val
pexels-photo-7089397,30039676,val
pexels-photo-7089400,30039676,val
pexels-photo-7089403,30039676,val
pexels-photo-7089404,30039676,val
pexels-photo-7089622,30039676,val
pexels-photo-7089628,30039676,val
pexels-photo-7089629,30039676,val
pexels-photo-7089630,30039676,val
pexels-photo-7089631,30039676,val
pexels-photo-7089632,30039676,val
pexels-photo-7103086,2700497,test
pexels-photo-7125414,33201649,test
pexels-photo-7125419,33201649,test
pexels-photo-7125436,33201649,test
pexels-photo-7125438,33201649,test
pexels-photo-7125542,33201649,test
pexels-photo-7125559,33201649,test
pexels-photo-7125577,33201649,test
pexels-photo-7125632,33201649,test
pexels-photo-7140308,3275293,val
pexels-photo-7140425,3275293,val
pexels-photo-7141183,3275293,val
pexels-photo-7141193,3275293,val
pexels-photo-7147480,33201649,test
pexels-photo-7147481,33201649,test
pexels-photo-7147612,33201649,test
pexels-photo-7147622,33201649,test
pexels-photo-7147643,33201649,test
pexels-photo-7147645,33201649,test
pexels-photo-7147651,33201649,test
pexels-photo-7147661,33201649,test
pexels-photo-7147679,33201649,test
pexels-photo-7147680,33201649,test
pexels-photo-7147693,33201649,test
pexels-photo-7147710,33201649,test
pexels-photo-7147725,33201649,test
pexels-photo-7147728,33201649,test
pexels-photo-7147738,33201649,test
pexels-photo-7147744,33201649,test
pexels-photo-7148001,33201649,test
pexels-photo-7148004,33201649,test
pexels-photo-7148012,33201649,test
pexels-photo-7148023,33201649,test
pexels-photo-7148047,33201649,test
pexels-photo-7148049,33201649,test
pexels-photo-7148050,33201649,test
pexels-photo-7148055,33201649,test
pexels-photo-7155295,10715715,train
pexels-photo-7155296,10715715,train
pexels-photo-7155301,10715715,train
pexels-photo-7155303,10715715,train
pexels-photo-7155779,2206740,train
pexels-photo-7155793,2206740,train
pexels-photo-7155809,2206740,train
pexels-photo-7156468,2206740,train
pexels-photo-7163395,2570462,train
pexels-photo-7163399,2570462,train
pexels-photo-7163408,2570462,train
pexels-photo-7163460,2570462,train
pexels-photo-7163986,1182693,train
pexels-photo-7163988,1182693,train
pexels-photo-7163993,1182693,train
pexels-photo-7172651,177895,val
pexels-photo-7172695,177895,val
pexels-photo-7172702,177895,val
pexels-photo-7172703,177895,val
pexels-photo-7175950,2570462,train
pexels-photo-7175953,2570462,train
pexels-photo-7176173,30353109,val
pexels-photo-7176186,30353109,val
pexels-photo-7180480,3361091,train
pexels-photo-7180481,3361091,train
pexels-photo-7180482,3361091,train
pexels-photo-7180483,3361091,train
pexels-photo-7180486,3361091,train
pexels-photo-7180488,3361091,train
pexels-photo-7180493,3361091,train
pexels-photo-7180966,3361091,train
pexels-photo-7180980,3361091,train
pexels-photo-7181105,3361091,train
pexels-photo-7181112,3361091,train
pexels-photo-7181114,3361091,train
pexels-photo-7181115,3361091,train
pexels-photo-7181116,3361091,train
pexels-photo-7181173,3361091,train
pexels-photo-7181174,3361091,train
pexels-photo-7181176,3361091,train
pexels-photo-7181180,3361091,train
pexels-photo-7181189,3361091,train
pexels-photo-7181192,3361091,train
pexels-photo-7185240,32883898,val
pexels-photo-7190628,18392944,val
pexels-photo-7190629,18392944,val
pexels-photo-7190631,18392944,val
pexels-photo-7190632,18392944,val
pexels-photo-7190873,2297095,train
pexels-photo-7194214,30353109,val
pexels-photo-7194758,30353109,val
pexels-photo-7195186,2332540,train
pexels-photo-7213510,2563618,val
pexels-photo-7213657,2563618,val
pexels-photo-7218577,33201670,test
pexels-photo-7219177,1437723,train
pexels-photo-7219178,1437723,train
pexels-photo-7219179,1437723,train
pexels-photo-7219180,1437723,train
pexels-photo-7219181,1437723,train
pexels-photo-7219182,1437723,train
pexels-photo-7219183,1437723,train
pexels-photo-7219184,1437723,train
pexels-photo-7219186,1437723,train
pexels-photo-7219187,1437723,train
pexels-photo-7219189,1437723,train
pexels-photo-7219192,1437723,train
pexels-photo-7219193,1437723,train
pexels-photo-7219194,1437723,train
pexels-photo-7220824,1437723,train
pexels-photo-7220829,1437723,train
pexels-photo-7220894,1437723,train
pexels-photo-7220895,1437723,train
pexels-photo-7220896,1437723,train
pexels-photo-7221089,1437723,train
pexels-photo-7221090,1437723,train
pexels-photo-7221091,1437723,train
pexels-photo-7221097,1437723,train
pexels-photo-7221100,1437723,train
pexels-photo-7221102,1437723,train
pexels-photo-7221104,1437723,train
pexels-photo-7221108,1437723,train
pexels-photo-7221412,1437723,train
pexels-photo-7221415,1437723,train
pexels-photo-7221416,1437723,train
pexels-photo-7221418,1437723,train
pexels-photo-7222223,1437723,train
pexels-photo-7222228,1437723,train
pexels-photo-7222230,1437723,train
pexels-photo-7222231,1437723,train
pexels-photo-7222232,1437723,train
pexels-photo-7222233,1437723,train
pexels-photo-7222234,1437723,train
pexels-photo-7222235,1437723,train
pexels-photo-7222236,1437723,train
pexels-photo-7222237,1437723,train
pexels-photo-7222238,1437723,train
pexels-photo-7222239,1437723,train
pexels-photo-7222240,1437723,train
pexels-photo-7222241,1437723,train
pexels-photo-7222242,1437723,train
pexels-photo-7222328,1437723,train
pexels-photo-7222329,1437723,train
pexels-photo-7222330,1437723,train
pexels-photo-7222331,1437723,train
pexels-photo-7222332,1437723,train
pexels-photo-7222333,1437723,train
pexels-photo-7222335,1437723,train
pexels-photo-7230227,30039676,val
pexels-photo-7234642,2905570,train
pexels-photo-7241359,33201658,val
pexels-photo-7241367,33201658,val
pexels-photo-7241368,33201658,val
pexels-photo-7241371,33201658,val
pexels-photo-7241372,33201658,val
pexels-photo-7241375,33201658,val
pexels-photo-7241377,33201658,val
pexels-photo-7241378,33201658,val
pexels-photo-7241616,33201658,val
pexels-photo-7241619,33201658,val
pexels-photo-7241628,33201658,val
pexels-photo-7241629,33201658,val
pexels-photo-7241632,33201658,val
pexels-photo-7241633,33201658,val
pexels-photo-7242784,33201670,test
pexels-photo-7242788,33201670,test
pexels-photo-7243020,33201670,test
pexels-photo-7243021,33201670,test
pexels-photo-7243022,33201670,test
pexels-photo-7245744,1161310,val
pexels-photo-7245745,1161310,val
pexels-photo-7245746,1161310,val
pexels-photo-7245747,1161310,val
pexels-photo-7245748,1161310,val
pexels-photo-7245755,1161310,val
pexels-photo-7245757,1161310,val
pexels-photo-7246556,248760,val
pexels-photo-7256354,30039676,val
pexels-photo-7256864,2202476,test
pexels-photo-7256868,2202476,test
pexels-photo-7256871,2202476,test
pexels-photo-7256872,2202476,test
pexels-photo-7256873,2202476,test
pexels-photo-7256874,2202476,test
pexels-photo-7256896,2202476,test
pexels-photo-7256897,2202476,test
pexels-photo-7256898,2202476,test
pexels-photo-7256899,2202476,test
pexels-photo-7256900,2202476,test
pexels-photo-7256902,2202476,test
pexels-photo-7256911,2202476,test
pexels-photo-7256912,2202476,test
pexels-photo-7256915,2202476,test
pexels-photo-7256924,2202476,test
pexels-photo-7256925,2202476,test
pexels-photo-7256932,2202476,test
pexels-photo-7262412,33201683,test
pexels-photo-7262413,33201683,test
pexels-photo-7262415,33201683,test
pexels-photo-7262454,33201683,test
pexels-photo-7267234,33201683,test
pexels-photo-7267244,33201683,test
pexels-photo-7278818,2441340,val
pexels-photo-7278819,2441340,val
pexels-photo-7278820,2441340,val
pexels-photo-7278822,2441340,val
pexels-photo-7278828,2441340,val
pexels-photo-7278830,2441340,val
pexels-photo-7278834,2441340,val
pexels-photo-7278860,2441340,val
pexels-photo-7278862,2441340,val
pexels-photo-7278863,2441340,val
pexels-photo-7278864,2441340,val
pexels-photo-7278865,2441340,val
pexels-photo-7278866,2441340,val
pexels-photo-7278867,2441340,val
pexels-photo-7278870,2441340,val
pexels-photo-7278871,2441340,val
pexels-photo-7278872,2441340,val
pexels-photo-7278874,2441340,val
pexels-photo-7278875,2441340,val
pexels-photo-7278882,2441340,val
pexels-photo-7278888,2441340,val
pexels-photo-7278890,2441340,val
pexels-photo-7279314,2441340,val
pexels-photo-7279327,2441340,val
pexels-photo-7279335,2441340,val
pexels-photo-7279342,2441340,val
pexels-photo-7279343,2441340,val
pexels-photo-7279705,2441340,val
pexels-photo-7279709,2441340,val
pexels-photo-7279710,2441340,val
pexels-photo-7279713,2441340,val
pexels-photo-7279714,2441340,val
pexels-photo-7282652,33201683,test
pexels-photo-7282653,33201683,test
pexels-photo-7282661,33201683,test
pexels-photo-7292895,3398578,train
pexels-photo-7299613,2871253,val
pexels-photo-7299684,2871253,val
pexels-photo-7299920,2871253,val
pexels-photo-7299932,2871253,val
pexels-photo-7299949,2871253,val
pexels-photo-7327211,24040543,train
pexels-photo-7345468,2570462,train
pexels-photo-7345470,2570462,train
pexels-photo-7363679,39707279,train
pexels-photo-7388908,39707364,test
pexels-photo-7388919,39707364,test
pexels-photo-7388922,39707364,test
pexels-photo-7388923,39707364,test
pexels-photo-7388927,39707364,test
pexels-photo-7388928,39707364,test
pexels-photo-7388930,39707364,test
pexels-photo-7388931,39707364,test
pexels-photo-7388932,39707364,test
pexels-photo-7388933,39707364,test
pexels-photo-7388935,39707364,test
pexels-photo-7388936,39707364,test
pexels-photo-7388939,39707364,test
pexels-photo-7388941,39707364,test
pexels-photo-7388963,39707364,test
pexels-photo-7388964,39707364,test
pexels-photo-7388965,39707364,test
pexels-photo-7388966,39707364,test
pexels-photo-7388967,39707364,test
pexels-photo-7388969,39707364,test
pexels-photo-7388970,39707364,test
pexels-photo-7388971,39707364,test
pexels-photo-7388972,39707364,test
pexels-photo-7388973,39707364,test
pexels-photo-7388975,39707364,test
pexels-photo-7388976,39707364,test
pexels-photo-7388977,39707364,test
pexels-photo-7388978,39707364,test
pexels-photo-7388980,39707364,test
pexels-photo-7388981,39707364,test
pexels-photo-7388982,39707364,test
pexels-photo-7389092,39707364,test
pexels-photo-7389093,39707364,test
pexels-photo-7413888,3149039,train
pexels-photo-7421212,1042863,val
pexels-photo-7428666,392079,train
pexels-photo-7429461,1437723,train
pexels-photo-7429477,1437723,train
pexels-photo-7430337,1437723,train
pexels-photo-7430340,1437723,train
pexels-photo-7433909,2278756,val
pexels-photo-7433933,2278756,val
pexels-photo-7437079,1437723,train
pexels-photo-7437081,1437723,train
pexels-photo-7437084,1437723,train
pexels-photo-7437085,1437723,train
pexels-photo-7437087,1437723,train
pexels-photo-7437088,1437723,train
pexels-photo-7437089,1437723,train
pexels-photo-7437090,1437723,train
pexels-photo-7437092,1437723,train
pexels-photo-7437094,1437723,train
pexels-photo-7437100,1437723,train
pexels-photo-7437488,1437723,train
pexels-photo-7437489,1437723,train
pexels-photo-7437490,1437723,train
pexels-photo-7437491,1437723,train
pexels-photo-7437492,1437723,train
pexels-photo-7437495,1437723,train
pexels-photo-7437496,1437723,train
pexels-photo-7437497,1437723,train
pexels-photo-7437498,1437723,train
pexels-photo-7437499,1437723,train
pexels-photo-7437501,1437723,train
pexels-photo-7437502,1437723,train
pexels-photo-7438088,1437723,train
pexels-photo-7438091,1437723,train
pexels-photo-7438093,1437723,train
pexels-photo-7438096,1437723,train
pexels-photo-7438099,1437723,train
pexels-photo-7438101,1437723,train
pexels-photo-7438102,1437723,train
pexels-photo-7438103,1437723,train
pexels-photo-7438104,1437723,train
pexels-photo-7438107,1437723,train
pexels-photo-7439120,1437723,train
pexels-photo-7439121,1437723,train
pexels-photo-7439123,1437723,train
pexels-photo-7439125,1437723,train
pexels-photo-7439138,1437723,train
pexels-photo-7439758,1437723,train
pexels-photo-7439761,1437723,train
pexels-photo-7439762,1437723,train
pexels-photo-7439763,1437723,train
pexels-photo-7439764,1437723,train
pexels-photo-7439765,1437723,train
pexels-photo-7439767,1437723,train
pexels-photo-7439768,1437723,train
pexels-photo-7439769,1437723,train
pexels-photo-7439770,1437723,train
pexels-photo-7439771,1437723,train
pexels-photo-7441077,1437723,train
pexels-photo-7441078,1437723,train
pexels-photo-7441079,1437723,train
pexels-photo-7441081,1437723,train
pexels-photo-7441083,1437723,train
pexels-photo-7441085,1437723,train
pexels-photo-7441086,1437723,train
pexels-photo-7441094,1437723,train
pexels-photo-7441374,1437723,train
pexels-photo-7446761,2206740,train
pexels-photo-7446984,2206740,train
pexels-photo-7446996,2206740,train
pexels-photo-7449585,2288749,test
pexels-photo-7461112,45417726,val
pexels-photo-7464681,3149039,train
pexels-photo-7464688,3149039,train
pexels-photo-7464691,3149039,train
pexels-photo-7464728,3149039,train
pexels-photo-7469440,11437196,train
pexels-photo-7469442,11437196,train
pexels-photo-7469445,11437196,train
pexels-photo-7469450,11437196,train
pexels-photo-7469451,11437196,train
pexels-photo-7469453,11437196,train
pexels-photo-7469454,11437196,train
pexels-photo-7469455,11437196,train
pexels-photo-7469473,11437196,train
pexels-photo-7469474,11437196,train
pexels-photo-7469477,11437196,train
pexels-photo-7469478,11437196,train
pexels-photo-7469494,11437196,train
pexels-photo-7469495,11437196,train
pexels-photo-7475044,11437196,train
pexels-photo-7475045,11437196,train
pexels-photo-7475053,11437196,train
pexels-photo-7479027,1437723,train
pexels-photo-7479031,1437723,train
pexels-photo-7479056,1437723,train
pexels-photo-7480231,1437723,train
pexels-photo-7480236,1437723,train
pexels-photo-7480248,1437723,train
pexels-photo-7480249,1437723,train
pexels-photo-7480448,1437723,train
pexels-photo-7480450,1437723,train
pexels-photo-7480451,1437723,train
pexels-photo-7480453,1437723,train
pexels-photo-7480715,1437723,train
pexels-photo-7480718,1437723,train
pexels-photo-7480719,1437723,train
pexels-photo-7480721,1437723,train
pexels-photo-7480722,1437723,train
pexels-photo-7480727,1437723,train
pexels-photo-7480728,1437723,train
pexels-photo-7480729,1437723,train
pexels-photo-7480733,1437723,train
pexels-photo-7480737,1437723,train
pexels-photo-7482629,1437723,train
pexels-photo-7482630,1437723,train
pexels-photo-7482631,1437723,train
pexels-photo-7482632,1437723,train
pexels-photo-7482633,1437723,train
pexels-photo-7482634,1437723,train
pexels-photo-7482637,1437723,train
pexels-photo-7482638,1437723,train
pexels-photo-7482642,1437723,train
pexels-photo-7482643,1437723,train
pexels-photo-7482644,1437723,train
pexels-photo-7482645,1437723,train
pexels-photo-7482646,1437723,train
pexels-photo-7482647,1437723,train
pexels-photo-7482648,1437723,train
pexels-photo-7483030,1437723,train
pexels-photo-7483032,1437723,train
pexels-photo-7483033,1437723,train
pexels-photo-7483035,1437723,train
pexels-photo-7483041,1437723,train
pexels-photo-7483045,1437723,train
pexels-photo-7483049,1437723,train
pexels-photo-7483050,1437723,train
pexels-photo-7483051,1437723,train
pexels-photo-7483052,1437723,train
pexels-photo-7484148,1437723,train
pexels-photo-7484149,1437723,train
pexels-photo-7484150,1437723,train
pexels-photo-7484152,1437723,train
pexels-photo-7484153,1437723,train
pexels-photo-7484154,1437723,train
pexels-photo-7484155,1437723,train
pexels-photo-7484157,1437723,train
pexels-photo-7484162,1437723,train
pexels-photo-7484163,1437723,train
pexels-photo-7484164,1437723,train
pexels-photo-7484165,1437723,train
pexels-photo-7484166,1437723,train
pexels-photo-7484167,1437723,train
pexels-photo-7484171,1437723,train
pexels-photo-7484803,1437723,train
pexels-photo-7484820,1437723,train
pexels-photo-7490810,3149039,train
pexels-photo-7490813,3149039,train
pexels-photo-7490819,3149039,train
pexels-photo-7490820,3149039,train
pexels-photo-7490850,3149039,train
pexels-photo-7490939,3149039,train
pexels-photo-7492579,1437723,train
pexels-photo-7492580,1437723,train
pexels-photo-7492582,1437723,train
pexels-photo-7492583,1437723,train
pexels-photo-7492587,1437723,train
pexels-photo-7492588,1437723,train
pexels-photo-7492875,1437723,train
pexels-photo-7492876,1437723,train
pexels-photo-7492877,1437723,train
pexels-photo-7492878,1437723,train
pexels-photo-7492885,1437723,train
pexels-photo-7492887,1437723,train
pexels-photo-7492888,1437723,train
pexels-photo-7492889,1437723,train
pexels-photo-7495106,3522325,test
pexels-photo-7495114,3522325,test
pexels-photo-7495163,3522325,test
pexels-photo-7495199,3522325,test
pexels-photo-7495415,3522325,test
pexels-photo-7496749,1437723,train
pexels-photo-7496750,1437723,train
pexels-photo-7509167,31301993,test
pexels-photo-7512951,30353109,val
pexels-photo-7513092,30353109,val
pexels-photo-7513419,337043,val
pexels-photo-7516270,30353109,val
pexels-photo-7517928,392079,train
pexels-photo-7518805,1437723,train
pexels-photo-7519285,1437723,train
pexels-photo-7519286,1437723,train
pexels-photo-7519291,1437723,train
pexels-photo-7532006,219836,test
pexels-photo-7532057,219836,test
pexels-photo-7532061,219836,test
pexels-photo-7533369,30353109,val
pexels-photo-7541992,1437723,train
pexels-photo-7544453,30353109,val
pexels-photo-7550281,30039676,val
pexels-photo-7550284,30039676,val
pexels-photo-7550303,30039676,val
pexels-photo-7550306,30039676,val
pexels-photo-7550308,30039676,val
pexels-photo-7550310,30039676,val
pexels-photo-7550312,30039676,val
pexels-photo-7550433,30039676,val
pexels-photo-7550940,1853045,test
pexels-photo-7551264,3149039,train
pexels-photo-7551408,3149039,train
pexels-photo-7561184,2417028,val
pexels-photo-7564868,1437723,train
pexels-photo-7564870,1437723,train
pexels-photo-7567479,3088726,train
pexels-photo-7568415,1437723,train
pexels-photo-7568433,1437723,train
pexels-photo-7578251,39707364,test
pexels-photo-7578253,39707364,test
pexels-photo-7578686,39707364,test
pexels-photo-7578687,39707364,test
pexels-photo-7578694,39707364,test
pexels-photo-7578695,39707364,test
pexels-photo-7578702,39707364,test
pexels-photo-7578703,39707364,test
pexels-photo-7578704,39707364,test
pexels-photo-7578705,39707364,test
pexels-photo-7578745,39707364,test
pexels-photo-7578747,39707364,test
pexels-photo-7578754,39707364,test
pexels-photo-7579108,2570462,train
pexels-photo-7579112,2570462,train
pexels-photo-7579114,2570462,train
pexels-photo-7579115,2570462,train
pexels-photo-7579116,2570462,train
pexels-photo-7579117,2570462,train
pexels-photo-7579119,2570462,train
pexels-photo-7579120,2570462,train
pexels-photo-7579174,2570462,train
pexels-photo-7579183,2570462,train
pexels-photo-7579187,2570462,train
pexels-photo-7579188,2570462,train
pexels-photo-7579189,2570462,train
pexels-photo-7579190,2570462,train
pexels-photo-7579191,2570462,train
pexels-photo-7579302,2570462,train
pexels-photo-7579303,2570462,train
pexels-photo-7579306,2570462,train
pexels-photo-7579307,2570462,train
pexels-photo-7579308,2570462,train
pexels-photo-7579309,2570462,train
pexels-photo-7579310,2570462,train
pexels-photo-7579312,2570462,train
pexels-photo-7579315,2570462,train
pexels-photo-7579318,2570462,train
pexels-photo-7579319,2570462,train
pexels-photo-7579320,2570462,train
pexels-photo-7579364,2570462,train
pexels-photo-7579366,2570462,train
pexels-photo-7579367,2570462,train
pexels-photo-7579368,2570462,train
pexels-photo-7580259,1437723,train
pexels-photo-7584492,1437723,train
pexels-photo-7585823,48519342,train
pexels-photo-7585826,48519342,train
pexels-photo-7594633,2613469,val
pexels-photo-763934,251852,val
pexels-photo-7640440,2905570,train
pexels-photo-7640442,2905570,train
pexels-photo-7640467,2905570,train
pexels-photo-7640480,2905570,train
pexels-photo-7640484,2905570,train
pexels-photo-7640739,2905570,train
pexels-photo-7640741,2905570,train
pexels-photo-7640763,2905570,train
pexels-photo-7640765,2905570,train
pexels-photo-7640800,2905570,train
pexels-photo-7640819,2905570,train
pexels-photo-7640820,2905570,train
pexels-photo-7640822,2905570,train
pexels-photo-7640824,2905570,train
pexels-photo-7640830,2905570,train
pexels-photo-7643726,30039676,val
pexels-photo-7643727,30039676,val
pexels-photo-7643755,30039676,val
pexels-photo-7643756,30039676,val
pexels-photo-7643760,30039676,val
pexels-photo-7643786,30039676,val
pexels-photo-7643788,30039676,val
pexels-photo-7643791,30039676,val
pexels-photo-7643794,30039676,val
pexels-photo-7643798,30039676,val
pexels-photo-7643856,30039676,val
pexels-photo-7643859,30039676,val
pexels-photo-7643861,30039676,val
pexels-photo-7643862,30039676,val
pexels-photo-7643867,30039676,val
pexels-photo-7643868,30039676,val
pexels-photo-7643871,30039676,val
pexels-photo-7643872,30039676,val
pexels-photo-7643895,30039676,val
pexels-photo-7643897,30039676,val
pexels-photo-7643900,30039676,val
pexels-photo-7644149,30039676,val
pexels-photo-7647921,3149039,train
pexels-photo-7647924,3149039,train
pexels-photo-7647929,3149039,train
pexels-photo-7647935,3149039,train
pexels-photo-7647937,3149039,train
pexels-photo-7647942,3149039,train
pexels-photo-7647943,3149039,train
pexels-photo-7647989,3149039,train
pexels-photo-7647996,3149039,train
pexels-photo-7648240,3149039,train
pexels-photo-7648509,3149039,train
pexels-photo-7648512,3149039,train
pexels-photo-7650512,1221568,test
pexels-photo-7651544,10715715,train
pexels-photo-7651545,10715715,train
pexels-photo-7651546,10715715,train
pexels-photo-7651547,10715715,train
pexels-photo-7651549,10715715,train
pexels-photo-7651550,10715715,train
pexels-photo-7651551,10715715,train
pexels-photo-7651552,10715715,train
pexels-photo-7651560,10715715,train
pexels-photo-7651562,10715715,train
pexels-photo-7651563,10715715,train
pexels-photo-7651573,10715715,train
pexels-photo-7651575,10715715,train
pexels-photo-7651632,10715715,train
pexels-photo-7651637,10715715,train
pexels-photo-7651638,10715715,train
pexels-photo-7651643,10715715,train
pexels-photo-7651648,10715715,train
pexels-photo-7651653,10715715,train
pexels-photo-7651657,10715715,train
pexels-photo-7651698,10715715,train
pexels-photo-7651699,10715715,train
pexels-photo-7651709,10715715,train
pexels-photo-7651715,10715715,train
pexels-photo-7651717,10715715,train
pexels-photo-7651733,10715715,train
pexels-photo-7651742,10715715,train
pexels-photo-7651743,10715715,train
pexels-photo-7651745,10715715,train
pexels-photo-7651748,10715715,train
pexels-photo-7651753,10715715,train
pexels-photo-7651800,10715715,train
pexels-photo-7651804,10715715,train
pexels-photo-7651809,10715715,train
pexels-photo-7651811,10715715,train
pexels-photo-7651813,10715715,train
pexels-photo-7651816,10715715,train
pexels-photo-7651829,10715715,train
pexels-photo-7651922,3361091,train
pexels-photo-7651928,3361091,train
pexels-photo-7651929,3361091,train
pexels-photo-7651932,3361091,train
pexels-photo-7651937,3361091,train
pexels-photo-7651941,10715715,train
pexels-photo-7651957,10715715,train
pexels-photo-7651968,10715715,train
pexels-photo-7651970,10715715,train
pexels-photo-7651973,10715715,train
pexels-photo-7651975,10715715,train
pexels-photo-7651976,10715715,train
pexels-photo-7651977,10715715,train
pexels-photo-7651978,10715715,train
pexels-photo-7651980,10715715,train
pexels-photo-7651982,10715715,train
pexels-photo-7652039,3361091,train
pexels-photo-7652040,3361091,train
pexels-photo-7652041,3361091,train
pexels-photo-7652043,3361091,train
pexels-photo-7652044,3361091,train
pexels-photo-7652045,3361091,train
pexels-photo-7652046,3361091,train
pexels-photo-7652048,3361091,train
pexels-photo-7652049,3361091,train
pexels-photo-7652050,3361091,train
pexels-photo-7652051,3361091,train
pexels-photo-7652055,3361091,train
pexels-photo-7652058,3361091,train
pexels-photo-7652129,3361091,train
pexels-photo-7652135,3361091,train
pexels-photo-7652136,3361091,train
pexels-photo-7652137,3361091,train
pexels-photo-7652139,3361091,train
pexels-photo-7652143,3361091,train
pexels-photo-7652144,3361091,train
pexels-photo-7652145,3361091,train
pexels-photo-7652173,3361091,train
pexels-photo-7652174,3361091,train
pexels-photo-7652175,3361091,train
pexels-photo-7652176,3361091,train
pexels-photo-7652177,3361091,train
pexels-photo-7652178,3361091,train
pexels-photo-7652179,3361091,train
pexels-photo-7652180,3361091,train
pexels-photo-7652181,3361091,train
pexels-photo-7652183,3361091,train
pexels-photo-7652184,3361091,train
pexels-photo-7652185,3361091,train
pexels-photo-7652186,3361091,train
pexels-photo-7652188,3361091,train
pexels-photo-7652189,3361091,train
pexels-photo-7652190,3361091,train
pexels-photo-7652245,3361091,train
pexels-photo-7652246,3361091,train
pexels-photo-7652247,3361091,train
pexels-photo-7652248,3361091,train
pexels-photo-7652250,3361091,train
pexels-photo-7652251,3361091,train
pexels-photo-7652255,3361091,train
pexels-photo-7652256,3361091,train
pexels-photo-7652330,3361091,train
pexels-photo-7652334,3361091,train
pexels-photo-7652338,3361091,train
pexels-photo-7652339,3361091,train
pexels-photo-7652345,3361091,train
pexels-photo-7652346,3361091,train
pexels-photo-7652375,3361091,train
pexels-photo-7652376,3361091,train
pexels-photo-7652377,3361091,train
pexels-photo-7652382,3361091,train
pexels-photo-7652383,3361091,train
pexels-photo-7652389,3361091,train
pexels-photo-7652391,3361091,train
pexels-photo-7652393,3361091,train
pexels-photo-7652394,3361091,train
pexels-photo-7652455,3361091,train
pexels-photo-7653462,3361091,train
pexels-photo-7653473,3361091,train
pexels-photo-7653564,3361091,train
pexels-photo-7653566,3361091,train
pexels-photo-7653568,3361091,train
pexels-photo-7653766,3361091,train
pexels-photo-7653771,3361091,train
pexels-photo-7653775,3361091,train
pexels-photo-7653812,3361091,train
pexels-photo-7653984,3361091,train
pexels-photo-7653985,3361091,train
pexels-photo-7653986,3361091,train
pexels-photo-7653990,3361091,train
pexels-photo-7653997,3361091,train
pexels-photo-7653999,3361091,train
pexels-photo-7654000,3361091,train
pexels-photo-7654001,3361091,train
pexels-photo-7654441,2297095,train
pexels-photo-7654497,2297095,train
pexels-photo-7658189,2297095,train
pexels-photo-7658241,2297095,train
pexels-photo-7658272,2297095,train
pexels-photo-7658277,2297095,train
pexels-photo-7658378,2297095,train
pexels-photo-7658417,2297095,train
pexels-photo-7658429,2297095,train
pexels-photo-7658432,2297095,train
pexels-photo-7658434,2297095,train
pexels-photo-7659564,3361091,train
pexels-photo-7659573,3361091,train
pexels-photo-7659686,3361091,train
pexels-photo-7659693,3361091,train
pexels-photo-7659777,3361091,train
pexels-photo-7659778,3361091,train
pexels-photo-7659779,3361091,train
pexels-photo-7659862,3361091,train
pexels-photo-7659864,3361091,train
pexels-photo-7674584,2297095,train
pexels-photo-7674606,2297095,train
pexels-photo-7674607,2297095,train
pexels-photo-7674625,2297095,train
pexels-photo-7674645,2297095,train
pexels-photo-7674647,2297095,train
pexels-photo-7674815,48519361,val
pexels-photo-7674816,48519361,val
pexels-photo-7674817,48519361,val
pexels-photo-7674818,48519361,val
pexels-photo-7674819,48519361,val
pexels-photo-7674821,48519361,val
pexels-photo-7674825,48519361,val
pexels-photo-7674827,48519361,val
pexels-photo-7674828,48519361,val
pexels-photo-7674862,48519361,val
pexels-photo-7674863,48519361,val
pexels-photo-7674867,48519361,val
pexels-photo-7674868,48519361,val
pexels-photo-7674899,48519361,val
pexels-photo-7674901,48519361,val
pexels-photo-7674902,48519361,val
pexels-photo-7674903,48519361,val
pexels-photo-7674904,48519361,val
pexels-photo-7674905,48519361,val
pexels-photo-7674909,48519361,val
pexels-photo-7674914,48519361,val
pexels-photo-7674950,48519361,val
pexels-photo-7674954,48519361,val
pexels-photo-7674976,2297095,train
pexels-photo-7674980,2297095,train
pexels-photo-7675007,48519361,val
pexels-photo-7675008,48519361,val
pexels-photo-7675852,48519361,val
pexels-photo-7675860,48519361,val
pexels-photo-7675999,48519361,val
pexels-photo-7676011,48519361,val
pexels-photo-7681564,11437196,train
pexels-photo-7681565,11437196,train
pexels-photo-7681831,11437196,train
pexels-photo-7681836,11437196,train
pexels-photo-7682025,11437196,train
pexels-photo-7682102,11437196,train
pexels-photo-7682105,11437196,train
pexels-photo-7682128,11437196,train
pexels-photo-7682129,11437196,train
pexels-photo-7682132,11437196,train
pexels-photo-7682133,11437196,train
pexels-photo-7682134,11437196,train
pexels-photo-7682352,11437196,train
pexels-photo-7682358,11437196,train
pexels-photo-7682359,11437196,train
pexels-photo-7682456,11437196,train
pexels-photo-7682462,11437196,train
pexels-photo-7682463,11437196,train
pexels-photo-7688080,10715715,train
pexels-photo-7688082,10715715,train
pexels-photo-7688083,10715715,train
pexels-photo-7688086,10715715,train
pexels-photo-7688087,10715715,train
pexels-photo-7688101,10715715,train
pexels-photo-7688105,10715715,train
pexels-photo-7688155,10715715,train
pexels-photo-7688156,10715715,train
pexels-photo-7688157,10715715,train
pexels-photo-7688159,10715715,train
pexels-photo-7688161,10715715,train
pexels-photo-7688162,10715715,train
pexels-photo-7688163,10715715,train
pexels-photo-7688164,10715715,train
pexels-photo-7688170,10715715,train
pexels-photo-7688300,10715715,train
pexels-photo-7688333,10715715,train
pexels-photo-7688336,10715715,train
pexels-photo-7688340,10715715,train
pexels-photo-7688341,10715715,train
pexels-photo-7688361,10715715,train
pexels-photo-7688375,10715715,train
pexels-photo-7688425,10715715,train
pexels-photo-7688441,10715715,train
pexels-photo-7688452,10715715,train
pexels-photo-7688453,10715715,train
pexels-photo-7688454,10715715,train
pexels-photo-7688455,10715715,train
pexels-photo-7688459,10715715,train
pexels-photo-7688460,10715715,train
pexels-photo-7688657,10715715,train
pexels-photo-7688661,10715715,train
pexels-photo-7688670,10715715,train
pexels-photo-7688985,10715715,train
pexels-photo-7689745,3398461,val
pexels-photo-7689874,3398461,val
pexels-photo-7690076,3398461,val
pexels-photo-7690077,3398461,val
pexels-photo-7690078,3398461,val
pexels-photo-7690081,3398461,val
pexels-photo-7690082,3398461,val
pexels-photo-7690083,3398461,val
pexels-photo-7690086,3398461,val
pexels-photo-7690087,3398461,val
pexels-photo-7690092,3398461,val
pexels-photo-7690093,3398461,val
pexels-photo-7690094,3398461,val
pexels-photo-7690151,3398461,val
pexels-photo-7690152,3398461,val
pexels-photo-7690153,3398461,val
pexels-photo-7690154,3398461,val
pexels-photo-7690155,3398461,val
pexels-photo-7690156,3398461,val
pexels-photo-7690157,3398461,val
pexels-photo-7690158,3398461,val
pexels-photo-7690159,3398461,val
pexels-photo-7690160,3398461,val
pexels-photo-7690161,3398461,val
pexels-photo-7690162,3398461,val
pexels-photo-7690163,3398461,val
pexels-photo-7691730,2905570,train
pexels-photo-7691741,2905570,train
pexels-photo-7697342,583126,train
pexels-photo-7698012,11437196,train
pexels-photo-7698019,11437196,train
pexels-photo-7698023,11437196,train
pexels-photo-7698235,11437196,train
pexels-photo-7698720,2905570,train
pexels-photo-7698746,2905570,train
pexels-photo-7698747,2905570,train
pexels-photo-7698798,2905570,train
pexels-photo-7698801,2905570,train
pexels-photo-7698806,2905570,train
pexels-photo-7698807,2905570,train
pexels-photo-7698826,2905570,train
pexels-photo-7698833,2905570,train
pexels-photo-7698835,2905570,train
pexels-photo-7698886,2905570,train
pexels-photo-7698887,2905570,train
pexels-photo-7698889,2905570,train
pexels-photo-7698907,2905570,train
pexels-photo-7698909,2905570,train
pexels-photo-7706925,21948611,train
pexels-photo-7706931,21948611,train
pexels-photo-7706940,21948611,train
pexels-photo-7707013,21948611,train
pexels-photo-7709085,30039676,val
pexels-photo-7709124,30039676,val
pexels-photo-7709125,30039676,val
pexels-photo-7709129,30039676,val
pexels-photo-7709206,30039676,val
pexels-photo-7709221,30039676,val
pexels-photo-7709237,30039676,val
pexels-photo-7709238,30039676,val
pexels-photo-7709269,30039676,val
pexels-photo-771146,224453,train
pexels-photo-7716936,1437723,train
pexels-photo-7728016,48519361,val
pexels-photo-7728019,48519361,val
pexels-photo-7728081,48519361,val
pexels-photo-7728082,48519361,val
pexels-photo-7728134,48519361,val
pexels-photo-7728324,48519361,val
pexels-photo-7728366,48519361,val
pexels-photo-7728368,48519361,val
pexels-photo-7728375,48519361,val
pexels-photo-7728376,48519361,val
pexels-photo-7728377,48519361,val
pexels-photo-7728378,48519361,val
pexels-photo-7728379,48519361,val
pexels-photo-7728380,48519361,val
pexels-photo-7728381,48519361,val
pexels-photo-7728382,48519361,val
pexels-photo-7728383,48519361,val
pexels-photo-7728385,48519361,val
pexels-photo-7728391,48519361,val
pexels-photo-7728392,48519361,val
pexels-photo-7728393,48519361,val
pexels-photo-7728394,48519361,val
pexels-photo-7728395,48519361,val
pexels-photo-7728396,48519361,val
pexels-photo-7728397,48519361,val
pexels-photo-7728398,48519361,val
pexels-photo-7728399,48519361,val
pexels-photo-7728400,48519361,val
pexels-photo-7728401,48519361,val
pexels-photo-7728402,48519361,val
pexels-photo-7728403,48519361,val
pexels-photo-7728404,48519361,val
pexels-photo-7728405,48519361,val
pexels-photo-7728406,48519361,val
pexels-photo-7728408,48519361,val
pexels-photo-7728409,48519361,val
pexels-photo-7728410,48519361,val
pexels-photo-7728624,48519361,val
pexels-photo-7728627,48519361,val
pexels-photo-7728640,48519361,val
pexels-photo-7728648,48519361,val
pexels-photo-7728650,48519361,val
pexels-photo-7728705,48519361,val
pexels-photo-7731360,11437196,train
pexels-photo-7731362,11437196,train
pexels-photo-7731366,11437196,train
pexels-photo-7731369,11437196,train
pexels-photo-7731378,11437196,train
pexels-photo-7731379,11437196,train
pexels-photo-7739856,52024974,val
pexels-photo-7739889,52024974,val
pexels-photo-775197,4672,val
pexels-photo-7755147,3149039,train
pexels-photo-7788227,54155044,val
pexels-photo-7788264,54155044,val
pexels-photo-7788269,54155044,val
pexels-photo-7788367,54154657,test
pexels-photo-7788723,54154657,test
pexels-photo-7792770,2905570,train
pexels-photo-7792804,2905570,train
pexels-photo-7792809,2905570,train
pexels-photo-7792812,2905570,train
pexels-photo-7792819,2905570,train
pexels-photo-7792829,2905570,train
pexels-photo-7792832,2905570,train
pexels-photo-7792836,2905570,train
pexels-photo-7793178,2905570,train
pexels-photo-7793184,2905570,train
pexels-photo-7793185,2905570,train
pexels-photo-7793641,2905570,train
pexels-photo-7793643,2905570,train
pexels-photo-7793645,2905570,train
pexels-photo-7793646,2905570,train
pexels-photo-7793664,2905570,train
pexels-photo-7793670,2905570,train
pexels-photo-7793672,2905570,train
pexels-photo-7793688,2905570,train
pexels-photo-7793692,2905570,train
pexels-photo-7793695,2905570,train
pexels-photo-7793697,2905570,train
pexels-photo-7793699,2905570,train
pexels-photo-7793704,2905570,train
pexels-photo-7793719,2905570,train
pexels-photo-7793726,2905570,train
pexels-photo-7793728,2905570,train
pexels-photo-7793730,2905570,train
pexels-photo-7793743,2905570,train
pexels-photo-7805049,1437723,train
pexels-photo-7805067,1437723,train
pexels-photo-7805071,1437723,train
pexels-photo-7810736,54514172,train
pexels-photo-7812846,3686880,val
pexels-photo-7819722,11437196,train
pexels-photo-7845067,3149039,train
pexels-photo-7845075,3149039,train
pexels-photo-7845087,3149039,train
pexels-photo-7845232,3149039,train
pexels-photo-7845235,3149039,train
pexels-photo-7845239,3149039,train
pexels-photo-7845240,3149039,train
pexels-photo-7849743,55954677,val
pexels-photo-7868979,2297095,train
pexels-photo-7869071,2297095,train
pexels-photo-7869098,2297095,train
pexels-photo-7869100,2297095,train
pexels-photo-7870011,48519387,val
pexels-photo-7870029,48519387,val
pexels-photo-7876792,2332540,train
pexels-photo-7883930,56316964,test
pexels-photo-7888649,3149039,train
pexels-photo-7888654,3149039,train
pexels-photo-7888655,3149039,train
pexels-photo-7888658,3149039,train
pexels-photo-7888674,3149039,train
pexels-photo-7888676,3149039,train
pexels-photo-7888681,3149039,train
pexels-photo-7888724,3149039,train
pexels-photo-7888725,3149039,train
pexels-photo-7888726,3149039,train
pexels-photo-7888728,3149039,train
pexels-photo-7888729,3149039,train
pexels-photo-7888730,3149039,train
pexels-photo-7888731,3149039,train
pexels-photo-7888732,3149039,train
pexels-photo-7888733,3149039,train
pexels-photo-7888753,3149039,train
pexels-photo-7888754,3149039,train
pexels-photo-7888755,3149039,train
pexels-photo-7888756,3149039,train
pexels-photo-7888757,3149039,train
pexels-photo-7888758,3149039,train
pexels-photo-7888759,3149039,train
pexels-photo-7888760,3149039,train
pexels-photo-7888763,3149039,train
pexels-photo-7888764,3149039,train
pexels-photo-7888765,3149039,train
pexels-photo-7888814,3149039,train
pexels-photo-7888815,3149039,train
pexels-photo-7888817,3149039,train
pexels-photo-7888818,3149039,train
pexels-photo-7888929,3149039,train
pexels-photo-7888941,3149039,train
pexels-photo-7888971,3149039,train
pexels-photo-7888976,3149039,train
pexels-photo-7888983,3149039,train
pexels-photo-7888985,3149039,train
pexels-photo-7888988,3149039,train
pexels-photo-7889175,3149039,train
pexels-photo-7889178,3149039,train
pexels-photo-7889179,3149039,train
pexels-photo-7889186,3149039,train
pexels-photo-7889204,3149039,train
pexels-photo-7889207,3149039,train
pexels-photo-7889209,3149039,train
pexels-photo-7889220,3149039,train
pexels-photo-7904478,2871253,val
pexels-photo-7904492,2871253,val
pexels-photo-7921957,27261509,test
pexels-photo-7925777,48864519,val
pexels-photo-7925778,48864519,val
pexels-photo-7925779,48864519,val
pexels-photo-7925780,48864519,val
pexels-photo-7925781,48864519,val
pexels-photo-7925783,48864519,val
pexels-photo-7925785,48864519,val
pexels-photo-7925786,48864519,val
pexels-photo-7925787,48864519,val
pexels-photo-7925788,48864519,val
pexels-photo-7925789,48864519,val
pexels-photo-7925790,48864519,val
pexels-photo-7925791,48864519,val
pexels-photo-7925792,48864519,val
pexels-photo-7925793,48864519,val
pexels-photo-7925794,48864519,val
pexels-photo-7925795,48864519,val
pexels-photo-7925796,48864519,val
pexels-photo-7925797,48864519,val
pexels-photo-7925798,48864519,val
pexels-photo-7925799,48864519,val
pexels-photo-7925800,48864519,val
pexels-photo-7925801,48864519,val
pexels-photo-7925802,48864519,val
pexels-photo-7925803,48864519,val
pexels-photo-7925804,48864519,val
pexels-photo-7925805,48864519,val
pexels-photo-7925807,48864519,val
pexels-photo-7925808,48864519,val
pexels-photo-7925809,48864519,val
pexels-photo-7925810,48864519,val
pexels-photo-7925811,48864519,val
pexels-photo-7925813,48864519,val
pexels-photo-7925814,48864519,val
pexels-photo-7925815,48864519,val
pexels-photo-7925816,48864519,val
pexels-photo-7925821,48864519,val
pexels-photo-7925822,48864519,val
pexels-photo-7925823,48864519,val
pexels-photo-7925824,48864519,val
pexels-photo-7925825,48864519,val
pexels-photo-7925826,48864519,val
pexels-photo-7925827,48864519,val
pexels-photo-7925828,48864519,val
pexels-photo-7925829,48864519,val
pexels-photo-7925830,48864519,val
pexels-photo-7925831,48864519,val
pexels-photo-7925832,48864519,val
pexels-photo-7925833,48864519,val
pexels-photo-7925834,48864519,val
pexels-photo-7925868,48864519,val
pexels-photo-7925871,48864519,val
pexels-photo-7927545,48864519,val
pexels-photo-7937323,2297095,train
pexels-photo-7940477,2397652,train
pexels-photo-7961889,233770,test
pexels-photo-7963874,48864533,test
pexels-photo-7964239,48864533,test
pexels-photo-7964484,48864533,test
pexels-photo-7964518,48864533,test
pexels-photo-7970844,2700555,test
pexels-photo-7970845,2700555,test
pexels-photo-7970850,2700555,test
pexels-photo-7970851,2700555,test
pexels-photo-7971165,2700555,test
pexels-photo-7971168,2700555,test
pexels-photo-7971170,2700555,test
pexels-photo-7971173,2700555,test
pexels-photo-7971174,2700555,test
pexels-photo-7971176,2700555,test
pexels-photo-7971190,2700555,test
pexels-photo-7971194,2700555,test
pexels-photo-7971196,2700555,test
pexels-photo-7971198,2700555,test
pexels-photo-7971199,2700555,test
pexels-photo-7971229,2700555,test
pexels-photo-7971334,2700555,test
pexels-photo-7971363,2700555,test
pexels-photo-7971556,2700555,test
pexels-photo-7976910,59602147,test
pexels-photo-7976911,59602147,test
pexels-photo-7979415,10715715,train
pexels-photo-7979419,10715715,train
pexels-photo-7979459,10715715,train
pexels-photo-7988201,11437196,train
pexels-photo-7988665,11437196,train
pexels-photo-7988689,11437196,train
pexels-photo-7988690,11437196,train
pexels-photo-7988692,11437196,train
pexels-photo-7988753,11437196,train
pexels-photo-7993899,3361091,train
pexels-photo-799871,233202,train
pexels-photo-8054609,8570231,test
pexels-photo-8056308,1251903,test
pexels-photo-8067767,646465,val
pexels-photo-8067769,646465,val
pexels-photo-8067772,646465,val
pexels-photo-8067777,646465,val
pexels-photo-8067778,646465,val
pexels-photo-8067801,646465,val
pexels-photo-8067820,646465,val
pexels-photo-8067821,646465,val
pexels-photo-8067824,646465,val
pexels-photo-8067825,646465,val
pexels-photo-8067828,646465,val
pexels-photo-8067833,646465,val
pexels-photo-8067834,646465,val
pexels-photo-8067867,646465,val
pexels-photo-8067870,646465,val
pexels-photo-8067874,646465,val
pexels-photo-8067880,646465,val
pexels-photo-8067882,646465,val
pexels-photo-8067886,646465,val
pexels-photo-8067887,646465,val
pexels-photo-8067889,646465,val
pexels-photo-8067891,646465,val
pexels-photo-8067904,646465,val
pexels-photo-8067929,646465,val
pexels-photo-8067930,646465,val
pexels-photo-8067931,646465,val
pexels-photo-8067932,646465,val
pexels-photo-8067933,646465,val
pexels-photo-8067937,646465,val
pexels-photo-8067938,646465,val
pexels-photo-8067939,646465,val
pexels-photo-8067940,646465,val
pexels-photo-8067941,646465,val
pexels-photo-8067942,646465,val
pexels-photo-8067970,646465,val
pexels-photo-8067992,646465,val
pexels-photo-8067993,646465,val
pexels-photo-8067994,646465,val
pexels-photo-8067995,646465,val
pexels-photo-8067996,646465,val
pexels-photo-8067997,646465,val
pexels-photo-8068000,646465,val
pexels-photo-8068003,646465,val
pexels-photo-8068069,646465,val
pexels-photo-8068070,646465,val
pexels-photo-8068072,646465,val
pexels-photo-8068074,646465,val
pexels-photo-8068079,646465,val
pexels-photo-8068258,2700497,test
pexels-photo-8069368,3149039,train
pexels-photo-8079180,61826873,test
pexels-photo-8101496,11437196,train
pexels-photo-8101502,11437196,train
pexels-photo-8101504,11437196,train
pexels-photo-8101507,11437196,train
pexels-photo-8101526,11437196,train
pexels-photo-8101645,11437196,train
pexels-photo-8101646,11437196,train
pexels-photo-8101918,11437196,train
pexels-photo-8101982,11437196,train
pexels-photo-8101983,11437196,train
pexels-photo-8101985,11437196,train
pexels-photo-8101986,11437196,train
pexels-photo-8101987,11437196,train
pexels-photo-8102171,11437196,train
pexels-photo-8102228,11437196,train
pexels-photo-8105627,1182693,train
pexels-photo-8111886,2297095,train
pexels-photo-8113500,48864553,val
pexels-photo-8113540,48864553,val
pexels-photo-8113775,48864553,val
pexels-photo-8113777,48864553,val
pexels-photo-8113780,48864553,val
pexels-photo-8114298,48864553,val
pexels-photo-8117405,2563618,val
pexels-photo-8121596,61080601,train
pexels-photo-8123813,3149039,train
pexels-photo-8123814,3149039,train
pexels-photo-8123815,3149039,train
pexels-photo-8123817,3149039,train
pexels-photo-8123818,3149039,train
pexels-photo-8123830,3149039,train
pexels-photo-8123831,3149039,train
pexels-photo-8123844,3149039,train
pexels-photo-8123846,3149039,train
pexels-photo-8123847,3149039,train
pexels-photo-812887,269698,test
pexels-photo-8133251,20454705,train
pexels-photo-8133807,21948611,train
pexels-photo-8133808,21948611,train
pexels-photo-8133809,21948611,train
pexels-photo-8133852,21948611,train
pexels-photo-8133948,21948611,train
pexels-photo-8133954,21948611,train
pexels-photo-8134037,21948611,train
pexels-photo-8134089,21948611,train
pexels-photo-8134104,21948611,train
pexels-photo-8134163,21948611,train
pexels-photo-8134165,21948611,train
pexels-photo-8134166,21948611,train
pexels-photo-8134172,21948611,train
pexels-photo-8134175,21948611,train
pexels-photo-8134186,21948611,train
pexels-photo-8134189,21948611,train
pexels-photo-8134194,21948611,train
pexels-photo-8134225,21948611,train
pexels-photo-8134233,21948611,train
pexels-photo-8134240,21948611,train
pexels-photo-8134241,21948611,train
pexels-photo-8136892,11437196,train
pexels-photo-8145362,2638647,test
pexels-photo-8147953,1127278,val
pexels-photo-8154524,2700338,train
pexels-photo-8155814,58133001,test
pexels-photo-8165280,30039676,val
pexels-photo-8167320,1127278,val
pexels-photo-8171200,3649784,test
pexels-photo-8191959,2570462,train
pexels-photo-8191963,2570462,train
pexels-photo-8192007,2570462,train
pexels-photo-8192015,2570462,train
pexels-photo-8192053,2570462,train
pexels-photo-8192057,2570462,train
pexels-photo-8192062,2570462,train
pexels-photo-8192179,2570462,train
pexels-photo-8192182,2570462,train
pexels-photo-8192185,2570462,train
pexels-photo-8192188,2570462,train
pexels-photo-8192190,2570462,train
pexels-photo-8192245,2570462,train
pexels-photo-8192247,2570462,train
pexels-photo-8192249,2570462,train
pexels-photo-8192251,2570462,train
pexels-photo-8195876,248760,val
pexels-photo-8204351,3649784,test
pexels-photo-8204354,3649784,test
pexels-photo-8204360,3649784,test
pexels-photo-8204362,3649784,test
pexels-photo-8204387,3649784,test
pexels-photo-8204408,3649784,test
pexels-photo-8204944,2297095,train
pexels-photo-8204945,2297095,train
pexels-photo-8204949,2297095,train
pexels-photo-8204968,2297095,train
pexels-photo-8204970,2297095,train
pexels-photo-8204971,2297095,train
pexels-photo-8204973,2297095,train
pexels-photo-8204978,2297095,train
pexels-photo-8204979,2297095,train
pexels-photo-8204989,2297095,train
pexels-photo-8204992,2297095,train
pexels-photo-8204993,2297095,train
pexels-photo-8205058,2297095,train
pexels-photo-8205059,2297095,train
pexels-photo-8205068,2297095,train
pexels-photo-8205069,2297095,train
pexels-photo-8205092,2297095,train
pexels-photo-8205095,2297095,train
pexels-photo-8205100,2297095,train
pexels-photo-8205101,2297095,train
pexels-photo-8205103,2297095,train
pexels-photo-8205206,2297095,train
pexels-photo-8205212,2297095,train
pexels-photo-8205213,2297095,train
pexels-photo-8205328,2297095,train
pexels-photo-8205333,2297095,train
pexels-photo-8205336,2297095,train
pexels-photo-8205343,2297095,train
pexels-photo-8205368,2297095,train
pexels-photo-8205411,2297095,train
pexels-photo-8218836,3479092,test
pexels-photo-824300,274719,val
pexels-photo-8246485,53797449,val
pexels-photo-8246487,53797449,val
pexels-photo-8246488,53797449,val
pexels-photo-8257856,222549,train
pexels-photo-8257860,222549,train
pexels-photo-8257861,222549,train
pexels-photo-8260101,222549,train
pexels-photo-8273517,1437723,train
pexels-photo-8273523,1437723,train
pexels-photo-8273616,1437723,train
pexels-photo-8273624,1437723,train
pexels-photo-8273632,1437723,train
pexels-photo-8278837,57404688,train
pexels-photo-8278850,57404688,train
pexels-photo-8278898,57404688,train
pexels-photo-8278910,57404688,train
pexels-photo-8278914,57404688,train
pexels-photo-8278931,57404688,train
pexels-photo-8278979,57404688,train
pexels-photo-8280896,222549,train
pexels-photo-8292771,3149039,train
pexels-photo-8292785,3149039,train
pexels-photo-8292825,3149039,train
pexels-photo-8292847,3149039,train
pexels-photo-8292849,3149039,train
pexels-photo-8292884,3149039,train
pexels-photo-8293645,3149039,train
pexels-photo-8293699,3149039,train
pexels-photo-8297052,11437196,train
pexels-photo-8297127,11437196,train
pexels-photo-8297422,11437196,train
pexels-photo-8297444,11437196,train
pexels-photo-8297446,11437196,train
pexels-photo-8297619,11437196,train
pexels-photo-8297623,11437196,train
pexels-photo-8297683,11437196,train
pexels-photo-8301237,10715715,train
pexels-photo-8301240,10715715,train
pexels-photo-8303355,57404688,train
pexels-photo-8353765,3649784,test
pexels-photo-8353769,3649784,test
pexels-photo-8353771,3649784,test
pexels-photo-8353779,3649784,test
pexels-photo-8353786,3649784,test
pexels-photo-8353790,3649784,test
pexels-photo-8353796,3649784,test
pexels-photo-8353800,3649784,test
pexels-photo-8353807,3649784,test
pexels-photo-8353811,3649784,test
pexels-photo-8353815,3649784,test
pexels-photo-8353821,3649784,test
pexels-photo-8353824,3649784,test
pexels-photo-8353825,3649784,test
pexels-photo-8353831,3649784,test
pexels-photo-8353833,3649784,test
pexels-photo-8367773,2278756,val
pexels-photo-8369256,1437723,train
pexels-photo-8373833,22470218,val
pexels-photo-8374249,57404688,train
pexels-photo-8374252,57404688,train
pexels-photo-8374255,57404688,train
pexels-photo-8374262,57404688,train
pexels-photo-8374273,57404688,train
pexels-photo-8374278,57404688,train
pexels-photo-8376148,3088726,train
pexels-photo-8376152,3088726,train
pexels-photo-8376157,3088726,train
pexels-photo-8376177,3088726,train
pexels-photo-8376194,3088726,train
pexels-photo-8376223,3088726,train
pexels-photo-8376243,3088726,train
pexels-photo-8376282,3088726,train
pexels-photo-8376294,3088726,train
pexels-photo-8376297,3088726,train
pexels-photo-8376339,3088726,train
pexels-photo-8381648,2791689,val
pexels-photo-8398542,3904203,train
pexels-photo-8411429,25130903,val
pexels-photo-8411430,25130903,val
pexels-photo-8411433,25130903,val
pexels-photo-8411434,25130903,val
pexels-photo-8411437,25130903,val
pexels-photo-8413080,30353109,val
pexels-photo-8413089,30353109,val
pexels-photo-8413094,30353109,val
pexels-photo-8413181,30353109,val
pexels-photo-8413212,30353109,val
pexels-photo-8413215,30353109,val
pexels-photo-8413219,30353109,val
pexels-photo-8413220,30353109,val
pexels-photo-8413289,30353109,val
pexels-photo-8423893,2297095,train
pexels-photo-8424472,2297095,train
pexels-photo-8424516,2297095,train
pexels-photo-8424518,2297095,train
pexels-photo-8424528,2297095,train
pexels-photo-8424530,2297095,train
pexels-photo-8424557,2297095,train
pexels-photo-8424570,2297095,train
pexels-photo-8424573,2297095,train
pexels-photo-8424574,2297095,train
pexels-photo-8424580,2297095,train
pexels-photo-8424583,2297095,train
pexels-photo-8424584,2297095,train
pexels-photo-8426683,22992178,train
pexels-photo-8426692,22992178,train
pexels-photo-8426695,22992178,train
pexels-photo-8427896,71757901,val
pexels-photo-8434127,2300811,train
pexels-photo-8441248,22992178,train
pexels-photo-8447735,11924337,train
pexels-photo-8447754,11924337,train
pexels-photo-8447774,11924337,train
pexels-photo-8447779,11924337,train
pexels-photo-8447783,11924337,train
pexels-photo-8447788,11924337,train
pexels-photo-8447790,11924337,train
pexels-photo-8447799,11924337,train
pexels-photo-8447802,11924337,train
pexels-photo-8447841,11924337,train
pexels-photo-8447842,11924337,train
pexels-photo-8447844,11924337,train
pexels-photo-8447845,11924337,train
pexels-photo-8447847,11924337,train
pexels-photo-8447849,11924337,train
pexels-photo-8447854,11924337,train
pexels-photo-8447855,11924337,train
pexels-photo-8447879,11924337,train
pexels-photo-8447880,11924337,train
pexels-photo-8447882,11924337,train
pexels-photo-8447889,11924337,train
pexels-photo-8447893,11924337,train
pexels-photo-8460093,11924337,train
pexels-photo-8460370,11924337,train
pexels-photo-8460373,11924337,train
pexels-photo-8463197,64456087,test
pexels-photo-8465276,1437723,train
pexels-photo-8467933,1437723,train
pexels-photo-8468110,1437723,train
pexels-photo-8468503,1437723,train
pexels-photo-8475147,3649784,test
pexels-photo-8475148,3649784,test
pexels-photo-8475156,3649784,test
pexels-photo-8475178,3649784,test
pexels-photo-8475196,3649784,test
pexels-photo-8475205,3649784,test
pexels-photo-8476596,3649784,test
pexels-photo-848199,288576,test
pexels-photo-848205,288576,test
pexels-photo-8484876,71757901,val
pexels-photo-8487376,10715715,train
pexels-photo-8488019,10715715,train
pexels-photo-8488024,10715715,train
pexels-photo-8488028,10715715,train
pexels-photo-8488032,10715715,train
pexels-photo-8488036,10715715,train
pexels-photo-8488038,10715715,train
pexels-photo-8489859,3843632,test
pexels-photo-8489862,3843632,test
pexels-photo-8489869,3843632,test
pexels-photo-8512125,2951544,train
pexels-photo-8518619,2951544,train
pexels-photo-8518647,2951544,train
pexels-photo-8518667,2951544,train
pexels-photo-8518729,2951544,train
pexels-photo-8518810,2951544,train
pexels-photo-8518878,2951544,train
pexels-photo-8519052,2951544,train
pexels-photo-8519082,2951544,train
pexels-photo-8519124,2951544,train
pexels-photo-8519253,2951544,train
pexels-photo-8519256,2951544,train
pexels-photo-8532846,2951544,train
pexels-photo-8532852,2951544,train
pexels-photo-8538696,2332540,train
pexels-photo-8538703,2332540,train
pexels-photo-8538811,2332540,train
pexels-photo-8538867,2332540,train
pexels-photo-8538871,2332540,train
pexels-photo-8538939,2332540,train
pexels-photo-8539153,2332540,train
pexels-photo-8539643,2332540,train
pexels-photo-8539780,2332540,train
pexels-photo-8539810,2332540,train
pexels-photo-8545634,2332540,train
pexels-photo-8545636,2332540,train
pexels-photo-8545638,2332540,train
pexels-photo-8545887,2332540,train
pexels-photo-8545967,2332540,train
pexels-photo-8546024,2332540,train
pexels-photo-8546752,2332540,train
pexels-photo-8547227,2332540,train
pexels-photo-8547626,2332540,train
pexels-photo-8547653,2332540,train
pexels-photo-8547773,2332540,train
pexels-photo-8547775,2332540,train
pexels-photo-8554280,2332540,train
pexels-photo-8554293,2332540,train
pexels-photo-8554320,20455535,test
pexels-photo-8554321,20455535,test
pexels-photo-8554328,20455535,test
pexels-photo-8554333,20455535,test
pexels-photo-8554335,20455535,test
pexels-photo-8554347,20455535,test
pexels-photo-8554349,20455535,test
pexels-photo-8554354,20455535,test
pexels-photo-8554357,20455535,test
pexels-photo-8554386,20455535,test
pexels-photo-8554406,20455535,test
pexels-photo-8554408,20455535,test
pexels-photo-8554414,20455535,test
pexels-photo-8554416,20455535,test
pexels-photo-8554420,20455535,test
pexels-photo-8554430,20455535,test
pexels-photo-8554432,20455535,test
pexels-photo-8554435,20455535,test
pexels-photo-8554436,20455535,test
pexels-photo-8554437,20455535,test
pexels-photo-8554438,20455535,test
pexels-photo-8560025,20455562,test
pexels-photo-8560281,20455562,test
pexels-photo-8560305,20455562,test
pexels-photo-8560307,20455562,test
pexels-photo-8560309,20455562,test
pexels-photo-8560721,20455562,test
pexels-photo-8560836,20455562,test
pexels-photo-8560846,20455562,test
pexels-photo-8568710,75705601,val
pexels-photo-8642040,76944072,test
pexels-photo-8653608,11437196,train
pexels-photo-8654439,2812050,test
pexels-photo-8657078,373869,val
pexels-photo-8657762,353287,val
pexels-photo-8658559,1182693,train
pexels-photo-8664753,3506671,test
pexels-photo-8682770,22992178,train
pexels-photo-8682771,22992178,train
pexels-photo-8682777,22992178,train
pexels-photo-8682784,22992178,train
pexels-photo-8682786,22992178,train
pexels-photo-8682796,22992178,train
pexels-photo-8682798,22992178,train
pexels-photo-8682801,22992178,train
pexels-photo-8682802,22992178,train
pexels-photo-8691824,22992178,train
pexels-photo-8691829,22992178,train
pexels-photo-8691834,22992178,train
pexels-photo-8691835,22992178,train
pexels-photo-8691836,22992178,train
pexels-photo-8691838,22992178,train
pexels-photo-8691839,22992178,train
pexels-photo-8691840,22992178,train
pexels-photo-8691841,22992178,train
pexels-photo-8691842,22992178,train
pexels-photo-8691844,22992178,train
pexels-photo-8691846,22992178,train
pexels-photo-8691848,22992178,train
pexels-photo-8697717,75705723,train
pexels-photo-872732,206851,val
pexels-photo-8729623,77756954,val
pexels-photo-8736350,1681894,val
pexels-photo-8736362,1681894,val
pexels-photo-8761310,2297095,train
pexels-photo-8761640,2297095,train
pexels-photo-8761652,2297095,train
pexels-photo-8761657,2297095,train
pexels-photo-8770717,2206740,train
pexels-photo-8770725,2206740,train
pexels-photo-8770726,2206740,train
pexels-photo-8774364,3088726,train
pexels-photo-8774392,3088726,train
pexels-photo-8817828,22992178,train
pexels-photo-8817830,22992178,train
pexels-photo-8817835,22992178,train
pexels-photo-8817837,22992178,train
pexels-photo-8817846,22992178,train
pexels-photo-8817848,22992178,train
pexels-photo-8817849,22992178,train
pexels-photo-8817851,22992178,train
pexels-photo-8817852,22992178,train
pexels-photo-8817853,22992178,train
pexels-photo-8817854,22992178,train
pexels-photo-8817855,22992178,train
pexels-photo-8820164,22992178,train
pexels-photo-8820165,22992178,train
pexels-photo-8820167,22992178,train
pexels-photo-8820169,22992178,train
pexels-photo-8820170,22992178,train
pexels-photo-8820172,22992178,train
pexels-photo-8820174,22992178,train
pexels-photo-8820175,22992178,train
pexels-photo-8820176,22992178,train
pexels-photo-8820177,22992178,train
pexels-photo-8820179,22992178,train
pexels-photo-8820181,22992178,train
pexels-photo-8820182,22992178,train
pexels-photo-8820184,22992178,train
pexels-photo-8820185,22992178,train
pexels-photo-8820186,22992178,train
pexels-photo-8820187,22992178,train
pexels-photo-8820190,22992178,train
pexels-photo-8820191,22992178,train
pexels-photo-8820993,22992178,train
pexels-photo-8820996,22992178,train
pexels-photo-8820997,22992178,train
pexels-photo-8820998,22992178,train
pexels-photo-8821000,22992178,train
pexels-photo-8821002,22992178,train
pexels-photo-8821004,22992178,train
pexels-photo-8821005,22992178,train
pexels-photo-8821006,22992178,train
pexels-photo-8821008,22992178,train
pexels-photo-8821009,22992178,train
pexels-photo-8821010,22992178,train
pexels-photo-8821011,22992178,train
pexels-photo-8821012,22992178,train
pexels-photo-8821013,22992178,train
pexels-photo-8821015,22992178,train
pexels-photo-8821016,22992178,train
pexels-photo-8821018,22992178,train
pexels-photo-8821019,22992178,train
pexels-photo-8821021,22992178,train
pexels-photo-8821022,22992178,train
pexels-photo-8821531,22992178,train
pexels-photo-8821532,22992178,train
pexels-photo-8821533,22992178,train
pexels-photo-8821534,22992178,train
pexels-photo-8821535,22992178,train
pexels-photo-8821536,22992178,train
pexels-photo-8821538,22992178,train
pexels-photo-8821540,22992178,train
pexels-photo-8821541,22992178,train
pexels-photo-8821544,22992178,train
pexels-photo-8821546,22992178,train
pexels-photo-8821557,22992178,train
pexels-photo-8821558,22992178,train
pexels-photo-8821560,22992178,train
pexels-photo-8821564,22992178,train
pexels-photo-8821565,22992178,train
pexels-photo-8821610,22992178,train
pexels-photo-8821640,22992178,train
pexels-photo-8824526,76506031,val
pexels-photo-8829864,22992178,train
pexels-photo-8829869,22992178,train
pexels-photo-8829873,22992178,train
pexels-photo-8829875,22992178,train
pexels-photo-8829876,22992178,train
pexels-photo-8829877,22992178,train
pexels-photo-8829878,22992178,train
pexels-photo-8829881,22992178,train
pexels-photo-8829882,22992178,train
pexels-photo-8829883,22992178,train
pexels-photo-8829887,22992178,train
pexels-photo-8829888,22992178,train
pexels-photo-8829889,22992178,train
pexels-photo-8829892,22992178,train
pexels-photo-8829894,22992178,train
pexels-photo-8829896,22992178,train
pexels-photo-8830253,22992178,train
pexels-photo-8830256,22992178,train
pexels-photo-8830257,22992178,train
pexels-photo-8830265,22992178,train
pexels-photo-8830269,22992178,train
pexels-photo-8830270,22992178,train
pexels-photo-8830271,22992178,train
pexels-photo-8830274,22992178,train
pexels-photo-8830279,22992178,train
pexels-photo-8830282,22992178,train
pexels-photo-8830483,2906295,val
pexels-photo-8830485,2906295,val
pexels-photo-8832019,22992178,train
pexels-photo-8832021,22992178,train
pexels-photo-8832022,22992178,train
pexels-photo-8832024,22992178,train
pexels-photo-8832025,22992178,train
pexels-photo-8832026,22992178,train
pexels-photo-8832027,22992178,train
pexels-photo-8832028,22992178,train
pexels-photo-8832032,22992178,train
pexels-photo-8832033,22992178,train
pexels-photo-8837271,2905570,train
pexels-photo-8837437,2905570,train
pexels-photo-8837508,57404688,train
pexels-photo-8837512,57404688,train
pexels-photo-8837515,57404688,train
pexels-photo-8837536,57404688,train
pexels-photo-8837557,57404688,train
pexels-photo-8837579,57404688,train
pexels-photo-8837580,57404688,train
pexels-photo-8837596,57404688,train
pexels-photo-8837626,57404688,train
pexels-photo-8837734,2905570,train
pexels-photo-8837740,2905570,train
pexels-photo-8837743,2905570,train
pexels-photo-8837749,2905570,train
pexels-photo-8837751,2905570,train
pexels-photo-8837759,2905570,train
pexels-photo-8849692,10715715,train
pexels-photo-8851783,11437196,train
pexels-photo-8851791,11437196,train
pexels-photo-8853470,11924337,train
pexels-photo-8853471,11924337,train
pexels-photo-8853472,11924337,train
pexels-photo-8853473,11924337,train
pexels-photo-8853474,11924337,train
pexels-photo-8853499,11924337,train
pexels-photo-8853501,11924337,train
pexels-photo-8853502,11924337,train
pexels-photo-8853503,11924337,train
pexels-photo-8853504,11924337,train
pexels-photo-8853505,11924337,train
pexels-photo-8853506,11924337,train
pexels-photo-8853507,11924337,train
pexels-photo-8853508,11924337,train
pexels-photo-8853510,11924337,train
pexels-photo-8853512,11924337,train
pexels-photo-8853513,11924337,train
pexels-photo-8853522,11924337,train
pexels-photo-8853523,11924337,train
pexels-photo-8853525,11924337,train
pexels-photo-8853534,11924337,train
pexels-photo-8853536,11924337,train
pexels-photo-8853538,11924337,train
pexels-photo-8853539,11924337,train
pexels-photo-8853540,11924337,train
pexels-photo-8853541,11924337,train
pexels-photo-8866790,2905570,train
pexels-photo-8867237,2905570,train
pexels-photo-8867272,2905570,train
pexels-photo-8867377,2905570,train
pexels-photo-8867432,2905570,train
pexels-photo-8867627,2905570,train
pexels-photo-8872176,11437196,train
pexels-photo-8872192,11437196,train
pexels-photo-8872585,30039676,val
pexels-photo-8872639,30039676,val
pexels-photo-8872641,30039676,val
pexels-photo-8872672,30039676,val
pexels-photo-8877378,1182693,train
pexels-photo-887827,112571,test
pexels-photo-8936835,85999447,test
pexels-photo-8937402,3361091,train
pexels-photo-8938267,11437196,train
pexels-photo-8938643,11437196,train
pexels-photo-8938644,11437196,train
pexels-photo-8938645,11437196,train
pexels-photo-8940232,86000462,val
pexels-photo-8940462,3361091,train
pexels-photo-8941825,11437196,train
pexels-photo-8941903,11437196,train
pexels-photo-8941905,11437196,train
pexels-photo-8941916,11437196,train
pexels-photo-8941925,11437196,train
pexels-photo-8942046,11437196,train
pexels-photo-8942073,11437196,train
pexels-photo-8942075,11437196,train
pexels-photo-8942076,11437196,train
pexels-photo-8942079,11437196,train
pexels-photo-8942084,11437196,train
pexels-photo-8942088,11437196,train
pexels-photo-8942089,11437196,train
pexels-photo-8942092,11437196,train
pexels-photo-8942093,11437196,train
pexels-photo-8942099,11437196,train
pexels-photo-8942110,11437196,train
pexels-photo-8942118,11437196,train
pexels-photo-8942119,11437196,train
pexels-photo-8942120,11437196,train
pexels-photo-8942121,11437196,train
pexels-photo-8942124,11437196,train
pexels-photo-8942125,11437196,train
pexels-photo-8942127,11437196,train
pexels-photo-8942129,11437196,train
pexels-photo-8942133,11437196,train
pexels-photo-8942238,11437196,train
pexels-photo-8942242,11437196,train
pexels-photo-8942265,11437196,train
pexels-photo-8942273,11437196,train
pexels-photo-8942490,11437196,train
pexels-photo-8942496,11437196,train
pexels-photo-8942498,11437196,train
pexels-photo-8942518,11437196,train
pexels-photo-8942523,11437196,train
pexels-photo-8942535,11437196,train
pexels-photo-8942551,11437196,train
pexels-photo-8942556,11437196,train
pexels-photo-8942630,11437196,train
pexels-photo-8942635,11437196,train
pexels-photo-8942645,11437196,train
pexels-photo-8942693,11437196,train
pexels-photo-8942698,11437196,train
pexels-photo-8942699,11437196,train
pexels-photo-8942700,11437196,train
pexels-photo-8942724,11437196,train
pexels-photo-8942737,11437196,train
pexels-photo-8943066,11437196,train
pexels-photo-8943069,11437196,train
pexels-photo-8943074,11437196,train
pexels-photo-8943103,11437196,train
pexels-photo-8943188,11437196,train
pexels-photo-8948277,11437196,train
pexels-photo-8948288,11437196,train
pexels-photo-8948308,11437196,train
pexels-photo-8948313,11437196,train
pexels-photo-8960933,2416688,train
pexels-photo-8960942,2416688,train
pexels-photo-8960943,2416688,train
pexels-photo-8960944,2416688,train
pexels-photo-8960988,2416688,train
pexels-photo-8960992,2416688,train
pexels-photo-8960993,2416688,train
pexels-photo-8960995,2416688,train
pexels-photo-8960996,2416688,train
pexels-photo-8961002,2416688,train
pexels-photo-8961003,2416688,train
pexels-photo-8961006,2416688,train
pexels-photo-8961027,2416688,train
pexels-photo-8961029,2416688,train
pexels-photo-8961030,2416688,train
pexels-photo-8961031,2416688,train
pexels-photo-8961032,2416688,train
pexels-photo-8961064,2416688,train
pexels-photo-8961066,2416688,train
pexels-photo-8961109,2416688,train
pexels-photo-8961111,2416688,train
pexels-photo-8961126,2416688,train
pexels-photo-8961130,2416688,train
pexels-photo-8961131,2416688,train
pexels-photo-8961151,2416688,train
pexels-photo-8961152,2416688,train
pexels-photo-8961153,2416688,train
pexels-photo-8961154,2416688,train
pexels-photo-8961155,2416688,train
pexels-photo-8961157,2416688,train
pexels-photo-8961159,2416688,train
pexels-photo-8961160,2416688,train
pexels-photo-8961253,2416688,train
pexels-photo-8961254,2416688,train
pexels-photo-8961255,2416688,train
pexels-photo-8961256,2416688,train
pexels-photo-8961260,2416688,train
pexels-photo-8961261,2416688,train
pexels-photo-8961291,2416688,train
pexels-photo-8961292,2416688,train
pexels-photo-8961293,2416688,train
pexels-photo-8961294,2416688,train
pexels-photo-8961295,2416688,train
pexels-photo-8961296,2416688,train
pexels-photo-8961298,2416688,train
pexels-photo-8961299,2416688,train
pexels-photo-8961334,2416688,train
pexels-photo-8961335,2416688,train
pexels-photo-8961336,2416688,train
pexels-photo-8961337,2416688,train
pexels-photo-8961338,2416688,train
pexels-photo-8961339,2416688,train
pexels-photo-8961340,2416688,train
pexels-photo-8961341,2416688,train
pexels-photo-8961342,2416688,train
pexels-photo-8961343,2416688,train
pexels-photo-8961394,2416688,train
pexels-photo-8961395,2416688,train
pexels-photo-8961396,2416688,train
pexels-photo-8961397,2416688,train
pexels-photo-8961398,2416688,train
pexels-photo-8961400,2416688,train
pexels-photo-8961401,2416688,train
pexels-photo-8961403,2416688,train
pexels-photo-8961520,2416688,train
pexels-photo-8961521,2416688,train
pexels-photo-8961522,2416688,train
pexels-photo-8961523,2416688,train
pexels-photo-8961525,2416688,train
pexels-photo-8961526,2416688,train
pexels-photo-8961527,2416688,train
pexels-photo-8961549,2416688,train
pexels-photo-8961551,2416688,train
pexels-photo-8961552,2416688,train
pexels-photo-8961553,2416688,train
pexels-photo-8961554,2416688,train
pexels-photo-8961555,2416688,train
pexels-photo-8961556,2416688,train
pexels-photo-8961557,2416688,train
pexels-photo-8961617,2416688,train
pexels-photo-8961619,2416688,train
pexels-photo-8961621,2416688,train
pexels-photo-8961622,2416688,train
pexels-photo-8961623,2416688,train
pexels-photo-8961624,2416688,train
pexels-photo-8961695,2416688,train
pexels-photo-8961697,2416688,train
pexels-photo-8961700,2416688,train
pexels-photo-8961701,2416688,train
pexels-photo-8961702,2416688,train
pexels-photo-8961703,2416688,train
pexels-photo-8961704,2416688,train
pexels-photo-896568,313888,test
pexels-photo-8974059,84332939,train
pexels-photo-8976842,85166578,test
pexels-photo-8985450,2951544,train
pexels-photo-8985451,2951544,train
pexels-photo-8985452,2951544,train
pexels-photo-8985454,2951544,train
pexels-photo-8985457,2951544,train
pexels-photo-8985459,2951544,train
pexels-photo-8985462,2951544,train
pexels-photo-8985463,2951544,train
pexels-photo-8985464,2951544,train
pexels-photo-8985465,2951544,train
pexels-photo-8985466,2951544,train
pexels-photo-8985511,2951544,train
pexels-photo-8985512,2951544,train
pexels-photo-8985513,2951544,train
pexels-photo-8985515,2951544,train
pexels-photo-8985518,2951544,train
pexels-photo-8985519,2951544,train
pexels-photo-8985600,2951544,train
pexels-photo-8985605,2951544,train
pexels-photo-8985606,2951544,train
pexels-photo-8985607,2951544,train
pexels-photo-8985611,2951544,train
pexels-photo-8985614,2951544,train
pexels-photo-8985615,2951544,train
pexels-photo-8985616,2951544,train
pexels-photo-8985618,2951544,train
pexels-photo-8985660,2951544,train
pexels-photo-8985664,2951544,train
pexels-photo-8985665,2951544,train
pexels-photo-8985666,2951544,train
pexels-photo-8985668,2951544,train
pexels-photo-8985672,2951544,train
pexels-photo-8985696,2951544,train
pexels-photo-8985697,2951544,train
pexels-photo-8985698,2951544,train
pexels-photo-8985699,2951544,train
pexels-photo-8985700,2951544,train
pexels-photo-8985701,2951544,train
pexels-photo-8985702,2951544,train
pexels-photo-8985706,2951544,train
pexels-photo-8985709,2951544,train
pexels-photo-8985711,2951544,train
pexels-photo-8985724,2951544,train
pexels-photo-8985860,2951544,train
pexels-photo-8985912,2951544,train
pexels-photo-8985914,2951544,train
pexels-photo-8985916,2951544,train
pexels-photo-8985917,2951544,train
pexels-photo-8985924,2951544,train
pexels-photo-8985927,2951544,train
pexels-photo-8985972,2951544,train
pexels-photo-8986041,2951544,train
pexels-photo-8986134,2951544,train
pexels-photo-8986140,2951544,train
pexels-photo-8986145,2951544,train
pexels-photo-8986148,2951544,train
pexels-photo-8986172,2951544,train
pexels-photo-8986177,2951544,train
pexels-photo-8990556,3609907,test
pexels-photo-8990557,3609907,test
pexels-photo-8992676,86000462,val
pexels-photo-9005436,2905570,train
pexels-photo-9005437,2905570,train
pexels-photo-901941,81279,val
pexels-photo-9034242,3149039,train
pexels-photo-9034723,3149039,train
pexels-photo-9034759,3149039,train
pexels-photo-9034765,3149039,train
pexels-photo-9034768,3149039,train
pexels-photo-9034998,3149039,train
pexels-photo-9034999,3149039,train
pexels-photo-9040782,46443521,test
pexels-photo-9050934,9041452,test
pexels-photo-9052297,80197256,val
pexels-photo-9057191,57404286,train
pexels-photo-9062773,1437723,train
pexels-photo-9062774,1437723,train
pexels-photo-9062775,1437723,train
pexels-photo-9062777,1437723,train
pexels-photo-9062778,1437723,train
pexels-photo-9062781,1437723,train
pexels-photo-9062782,1437723,train
pexels-photo-9062785,1437723,train
pexels-photo-9062787,1437723,train
pexels-photo-9062788,1437723,train
pexels-photo-9062789,1437723,train
pexels-photo-9062790,1437723,train
pexels-photo-9062803,1437723,train
pexels-photo-9062804,1437723,train
pexels-photo-9063380,1437723,train
pexels-photo-9063381,1437723,train
pexels-photo-9063382,1437723,train
pexels-photo-9063383,1437723,train
pexels-photo-9063385,1437723,train
pexels-photo-9063386,1437723,train
pexels-photo-9063388,1437723,train
pexels-photo-9063390,1437723,train
pexels-photo-9063392,1437723,train
pexels-photo-9063394,1437723,train
pexels-photo-9063395,1437723,train
pexels-photo-9063398,1437723,train
pexels-photo-9063401,1437723,train
pexels-photo-9064082,1437723,train
pexels-photo-9064090,1437723,train
pexels-photo-9064093,1437723,train
pexels-photo-9064096,1437723,train
pexels-photo-9064099,1437723,train
pexels-photo-9064100,1437723,train
pexels-photo-9065094,1437723,train
pexels-photo-9065100,1437723,train
pexels-photo-9065102,1437723,train
pexels-photo-9065104,1437723,train
pexels-photo-9068366,1437723,train
pexels-photo-9068367,1437723,train
pexels-photo-9068368,1437723,train
pexels-photo-9068370,1437723,train
pexels-photo-9068371,1437723,train
pexels-photo-9068373,1437723,train
pexels-photo-9068375,1437723,train
pexels-photo-9068376,1437723,train
pexels-photo-9068378,1437723,train
pexels-photo-9068380,1437723,train
pexels-photo-9068383,1437723,train
pexels-photo-9068385,1437723,train
pexels-photo-9068391,1437723,train
pexels-photo-9068394,1437723,train
pexels-photo-9068398,1437723,train
pexels-photo-907518,300443,train
pexels-photo-9077347,1437723,train
pexels-photo-9077349,1437723,train
pexels-photo-9077350,1437723,train
pexels-photo-9077351,1437723,train
pexels-photo-9077352,1437723,train
pexels-photo-9077353,1437723,train
pexels-photo-9077354,1437723,train
pexels-photo-9077357,1437723,train
pexels-photo-9077363,1437723,train
pexels-photo-9077368,1437723,train
pexels-photo-9077369,1437723,train
pexels-photo-9077370,1437723,train
pexels-photo-9077986,1437723,train
pexels-photo-9077987,1437723,train
pexels-photo-9077988,1437723,train
pexels-photo-9077990,1437723,train
pexels-photo-9077991,1437723,train
pexels-photo-9077992,1437723,train
pexels-photo-9077993,1437723,train
pexels-photo-9077995,1437723,train
pexels-photo-9077996,1437723,train
pexels-photo-9077997,1437723,train
pexels-photo-9077998,1437723,train
pexels-photo-9078000,1437723,train
pexels-photo-9078001,1437723,train
pexels-photo-9078002,1437723,train
pexels-photo-9078004,1437723,train
pexels-photo-9078399,89808222,test
pexels-photo-9090941,8570231,test
pexels-photo-9091949,84327533,test
pexels-photo-9107443,1065076,test
pexels-photo-9148610,1065076,test
pexels-photo-9148611,1065076,test
pexels-photo-9148613,1065076,test
pexels-photo-9158503,11437196,train
pexels-photo-9159070,11437196,train
pexels-photo-9159409,11437196,train
pexels-photo-9159636,11437196,train
pexels-photo-9162007,92811346,test
pexels-photo-9226957,1065076,test
pexels-photo-9226958,1065076,test
pexels-photo-9227080,1065076,test
pexels-photo-9227532,1065076,test
pexels-photo-9241687,11437196,train
pexels-photo-9241726,11437196,train
pexels-photo-9241727,11437196,train
pexels-photo-9241759,11437196,train
pexels-photo-9241760,11437196,train
pexels-photo-9241761,11437196,train
pexels-photo-9241765,11437196,train
pexels-photo-9241768,11437196,train
pexels-photo-9241770,11437196,train
pexels-photo-9241771,11437196,train
pexels-photo-9241959,95409610,train
pexels-photo-9242203,11437196,train
pexels-photo-9242204,11437196,train
pexels-photo-9242206,11437196,train
pexels-photo-9242210,11437196,train
pexels-photo-9242211,11437196,train
pexels-photo-9242212,11437196,train
pexels-photo-9242213,11437196,train
pexels-photo-9242214,11437196,train
pexels-photo-9242257,11437196,train
pexels-photo-9242258,11437196,train
pexels-photo-9242269,11437196,train
pexels-photo-9242271,11437196,train
pexels-photo-9242276,11437196,train
pexels-photo-9242287,11437196,train
pexels-photo-9242803,11437196,train
pexels-photo-9242807,11437196,train
pexels-photo-9242808,11437196,train
pexels-photo-9242811,11437196,train
pexels-photo-9242813,11437196,train
pexels-photo-9242814,11437196,train
pexels-photo-9242815,11437196,train
pexels-photo-9242818,11437196,train
pexels-photo-9242821,11437196,train
pexels-photo-9242825,11437196,train
pexels-photo-9242826,11437196,train
pexels-photo-9242834,11437196,train
pexels-photo-9242837,11437196,train
pexels-photo-9242839,11437196,train
pexels-photo-9242841,11437196,train
pexels-photo-9242844,11437196,train
pexels-photo-9242845,11437196,train
pexels-photo-9242846,11437196,train
pexels-photo-9242852,11437196,train
pexels-photo-9242855,11437196,train
pexels-photo-9242856,11437196,train
pexels-photo-9242857,11437196,train
pexels-photo-9242858,11437196,train
pexels-photo-9242900,11437196,train
pexels-photo-9245571,2550649,train
pexels-photo-924676,209450,train
pexels-photo-9258891,37401851,val
pexels-photo-9258892,37401851,val
pexels-photo-9268558,96723758,test
pexels-photo-9270469,3313934,test
pexels-photo-9272138,2464540,train
pexels-photo-927493,304906,val
pexels-photo-9294123,3313934,test
pexels-photo-9300984,2848684,train
pexels-photo-9300985,2848684,train
pexels-photo-9301194,11437196,train
pexels-photo-9301737,11437196,train
pexels-photo-9301739,11437196,train
pexels-photo-9301740,11437196,train
pexels-photo-9301743,11437196,train
pexels-photo-9301745,11437196,train
pexels-photo-9301754,11437196,train
pexels-photo-9301820,11437196,train
pexels-photo-9301824,11437196,train
pexels-photo-9301825,11437196,train
pexels-photo-9301833,11437196,train
pexels-photo-9301877,11437196,train
pexels-photo-9301898,11437196,train
pexels-photo-9304294,11437196,train
pexels-photo-9304431,11437196,train
pexels-photo-9304507,11437196,train
pexels-photo-9304551,11437196,train
pexels-photo-9304554,11437196,train
pexels-photo-9304557,11437196,train
pexels-photo-9304561,11437196,train
pexels-photo-9304653,11437196,train
pexels-photo-9304658,11437196,train
pexels-photo-9304673,11437196,train
pexels-photo-9304687,11437196,train
pexels-photo-9313701,98488389,train
pexels-photo-9314012,53796359,train
pexels-photo-9322216,2848684,train
pexels-photo-9322227,2848684,train
pexels-photo-9324336,80197268,test
pexels-photo-9328720,2848684,train
pexels-photo-9350386,99817725,test
pexels-photo-935941,330064,test
pexels-photo-9363112,80197268,test
pexels-photo-9363113,80197268,test
pexels-photo-9363114,80197268,test
pexels-photo-9363116,80197268,test
pexels-photo-9363118,80197268,test
pexels-photo-9363119,80197268,test
pexels-photo-9363120,80197268,test
pexels-photo-9363121,80197268,test
pexels-photo-9363123,80197268,test
pexels-photo-9363124,80197268,test
pexels-photo-9363125,80197268,test
pexels-photo-9363126,80197268,test
pexels-photo-9363127,80197268,test
pexels-photo-9363129,80197268,test
pexels-photo-9363131,80197268,test
pexels-photo-9363139,80197268,test
pexels-photo-9363141,80197268,test
pexels-photo-9363144,80197268,test
pexels-photo-9363146,80197268,test
pexels-photo-9363150,80197268,test
pexels-photo-9381035,2848684,train
pexels-photo-9390017,1906596,test
pexels-photo-9408430,373869,val
pexels-photo-942540,339724,train
pexels-photo-9429554,3372733,val
pexels-photo-9430878,3372733,val
pexels-photo-9461473,80197256,val
pexels-photo-9461479,80197256,val
pexels-photo-9462626,20455535,test
pexels-photo-9462636,20455535,test
pexels-photo-9462664,20455535,test
pexels-photo-9462667,20455535,test
pexels-photo-9462669,20455535,test
pexels-photo-9462674,20455535,test
pexels-photo-9462675,20455535,test
pexels-photo-9462679,20455535,test
pexels-photo-9462683,20455535,test
pexels-photo-9462738,20455535,test
pexels-photo-946281,21789,train
pexels-photo-9487664,35776645,val
pexels-photo-950835,138962,val
pexels-photo-9546834,1166197,test
pexels-photo-9550568,105198307,train
pexels-photo-9574572,3088726,train
pexels-photo-9582403,86844013,test
pexels-photo-959325,351075,test
pexels-photo-9622939,583650,test
pexels-photo-9622942,583650,test
pexels-photo-9622943,583650,test
pexels-photo-9622947,583650,test
pexels-photo-9622948,583650,test
pexels-photo-9622949,583650,test
pexels-photo-9622950,583650,test
pexels-photo-9622951,583650,test
pexels-photo-9622955,583650,test
pexels-photo-9622957,583650,test
pexels-photo-9645194,1420574,val
pexels-photo-96936,21273,val
pexels-photo-9710826,55954677,val
pexels-photo-9712971,2997175,val
pexels-photo-9729626,114872900,val
pexels-photo-9733764,114875604,train
pexels-photo-9742451,115342216,val
pexels-photo-9746797,99820168,test
pexels-photo-9746799,99820168,test
pexels-photo-9762075,3251770,val
pexels-photo-9762080,3251770,val
pexels-photo-9762083,3251770,val
pexels-photo-9762086,3251770,val
pexels-photo-9762093,3251770,val
pexels-photo-9762095,3251770,val
pexels-photo-9762097,3251770,val
pexels-photo-977526,295195,test
pexels-photo-9785437,2469673,val
pexels-photo-9792171,865376,test
pexels-photo-9798966,1182693,train
pexels-photo-9798973,1182693,train
pexels-photo-9798981,1182693,train
pexels-photo-9798990,1182693,train
pexels-photo-9798991,1182693,train
pexels-photo-9798993,1182693,train
pexels-photo-9798995,1182693,train
pexels-photo-9798996,1182693,train
pexels-photo-9810390,22992178,train
pexels-photo-9819154,70183810,test
pexels-photo-982660,324989,train
pexels-photo-984052,335080,train
pexels-photo-9850431,22992178,train
pexels-photo-9869644,22992178,train
pexels-photo-9869645,22992178,train
pexels-photo-9869647,22992178,train
pexels-photo-9869648,22992178,train
pexels-photo-9869649,22992178,train
pexels-photo-9869650,22992178,train
pexels-photo-9869651,22992178,train
pexels-photo-9870132,22992178,train
pexels-photo-9870133,22992178,train
pexels-photo-9870134,22992178,train
pexels-photo-9870136,22992178,train
pexels-photo-9870138,22992178,train
pexels-photo-9870139,22992178,train
pexels-photo-9870141,22992178,train
pexels-photo-9870143,22992178,train
pexels-photo-9870144,22992178,train
pexels-photo-9870145,22992178,train
pexels-photo-9870146,22992178,train
pexels-photo-9870147,22992178,train
pexels-photo-9870149,22992178,train
pexels-photo-9870150,22992178,train
pexels-photo-9870154,22992178,train
pexels-photo-9870157,22992178,train
pexels-photo-9870158,22992178,train
pexels-photo-9870159,22992178,train
pexels-photo-9870160,22992178,train
pexels-photo-9870218,22992178,train
pexels-photo-9870224,22992178,train
pexels-photo-9870228,22992178,train
pexels-photo-9870231,22992178,train
pexels-photo-9870233,22992178,train
pexels-photo-9870234,22992178,train
pexels-photo-9875404,10715715,train
pexels-photo-9875405,10715715,train
pexels-photo-9875406,10715715,train
pexels-photo-9875413,10715715,train
pexels-photo-9875414,10715715,train
pexels-photo-9875416,10715715,train
pexels-photo-9875417,10715715,train
pexels-photo-9875418,10715715,train
pexels-photo-9875420,10715715,train
pexels-photo-9875441,10715715,train
pexels-photo-9890410,865376,test
pexels-photo-989206,256402,val
pexels-photo-9895951,33523289,val
pexels-photo-9895953,33523289,val
pexels-photo-9908667,22992178,train
pexels-photo-992342,368584,test
pexels-photo-9938570,123395383,val
pexels-photo-9948307,107016502,test
pexels-photo-9951142,123876240,val
pexels-photo-9956737,75710758,train
pexels-photo-9964624,125975,val
pexels-photo-9965182,289492,test
pexels-photo-9976638,124840112,val
pexels-photo-9983996,115813190,val
silhouettes-people-worker-dusk-40723,2659,train
space-vintage-factory-windows,2670,val
weld-hot-soldering-radio-welder-73833,2659,train
work-chinese-industrial-professional,2659,train
workers-construction-site-hardhats-38293,2659,train
